Teks Asli;Prediksi Lexicon
"barang sampai dengan keadaan baik,tidak ada lecet sedikit pun, pengiriman cukup cepat 4 hari sudah sampai.uk sepatu juga pas.dapet harga flash sale.
thank you aerostrett";senang
Sebenarnya produk nya bagus, tapi harus saya kasih bintang 2 dikarenakan hal mendasar yaitu tali sepatu yang tidak lengkap di dalam box sepatu nya, jujur sebagai konsumen yang membeli saya kecewa. Semoga kedepannya menjadi perbaikan untuk perusahaan dalam Quality Control pengecekan barang.;senang
sepatunya bagussss, memuaskan juga, kainnya juga lumayan tebal, harganya okeee, udah ketiga kalinya beli sepatu di Aero gapernah ngecewain;senang
Cakep modelnya, nyaman, pas ukurannya, gak malu2in dan bikin bangga produk dalam negeri. Sepatu ke 3 yg dibeli dr Aerostreet. Makin cinta! ❤️;senang
kualitas keren bgt, tapi sayang talinya jelek tipis bgt;senang
Barang datang dengan baik, pengiriman juga cepet cuman satu aja sih di pengemasan lebih di perhatikan lagi biar dus nya gak penyok², overall bagus #lokaltakgentar;senang
Lumayan untuk kualitas harga 100rban, solnya lumayan nyaman dan ukurannya pas sesuai size chart;senang
"jossssse!! 
rapih,bahan berkualitas &harga terjangkau pula 
buruan pada beli dah🤩";netral
barangnya kayak pabrik farmasi tutup. ngak ada obatt!!!;senang
Order tgl 12 nyampe tgl 22, pengiriman lama. Produk ok bgt sih keren sebagai lokal. Moga terus berkembang dan boikot adidas israel, saya terus dukung produk lokal. Terimakasih #freepalestine;senang
"Beli biru 🔵 yg dtg merah 🔴
sudah minta cancel tp di tolak. 
Sepatunya bagus, kualitas nya juga sptnya ok, tp ini ada cacat di sepatu, semoga bs lebih baik kedepannya";senang
bagus tapi sayang ada sedikit luntur warna😌;senang
Sepatunya nyaman. Mantap modelnya 👟. Desainnya keren 👍. Penjualnya ramah banget. Ukuran sesuai. Bahannya berkualitas. Proses pesanan cepat. Packaging aman 🙏. Packaging rapi. Respon penjualnya top.;senang
sesuai foto sesuai ukuran sesuai semuanya kecuali lacenya tipis;senang
Akhirnya sampai juga... Barangnya good gaada kendala yg aneh aneh sudah ane jajal & coba 🥶👍🏻;senang
insolnya tipis mengecewakan dan hanya lem saja;marah
"bagus bngt sesuai dengan gambar
bahan baguss cuman alasnya agak licinn hehehe";senang
"Mantab emng aero bagus² sesuai ekspektasi, cuma mungkin talinya harus agak panjang lagi kali ya... Dan juga ekspedisi lama bngt 4 hari bru smpe, biasanya 2 hari
Tp overall bagus";senang
nice bgt sepatunya, warnanya juga strong sama bahannya kuat;senang
Bagus, jahitan rapi, lem kuat.. semoga awet. tks;senang
"Mantap sesuai iklan. LOKAL PRIDE.

puas selalu beli di aerostreet. sayangnya sy gak bisa beli buat sendiri krn ukuran nggk ada yg cukup. semoga kedepan bikin ukuran 46 up";senang
proses pengiriman sangat cepat kejadiannya begitu tiba tiba ,semoga awet;senang
"RECOMMENDED SELLER.
Barang sesuai Deskripsi dan pesanan sangat sesuai";senang
arang sesuai hanya saja pengantaran ke jakarta lama sekali.dalam 2 hari status barang menunggu pick up.saya ga paham ini karyawannya terbatas jadi tidak ada waktu untuk melakukan pengantaran ke ekspedisi atau nunggu pembeli banyak terlebih dahulu.kalau seperti ini sistem pengirimannya ga cocok untuk pembeli yg butuh cepat..;senang
Mantaaaapp... Kwalitas bahan bagus, harga bagus, terimakasih... produk lokal mantaaapp 👏🏻👏🏻👍🏻;senang
malas bikin ulasan, ujung ujungnya cuma dibales sama robot 🤖;senang
Modelnya bagus. Barang sesuai pesanan. Seller membantu.;senang
Modelnya stylish, pas di kaki, nyaman, sol empuk, keren deh pokoknya;senang
ukuran 37, barangnya bagus, sesuai dengan deskripsi, mantab;senang
Bagus, sesuai pesanan, pengiriman cpt;senang
pengiriman sampai lebih cepat, kondisi barang ok banget tq;senang
pckagingnya aman, sesuai sih produknyaa🫰🏻;senang
modelnya bagus sesuai di gambar.;senang
"Sesuai pesanan...mantap.
Lokal tak gentar...
Maju terus 👍";senang
Sepatunya nyaman. Desainnya keren 👍.  sesuai!;senang
Cuma dikirim satu, padahal di live sudah tertera by one Get one;netral
josee joss aerostreet #lokalpride #lokaltakgentar ✊️;netral
setelah dipakai beberapa kali baru terasa enak dan nyaman seperti sepatu kanvas pada umumnya, jahitan rapi banget, jujur dengan harga segini sih udah ngelebihin ekspektasi banget haha, murah tapi tidak murahan cocok buat nilai sepatu ini;senang
ukurannya pas dipake sama ponakan gweh, cocok dan bagus👍🏻;senang
Ukuran sesuai. Mantap modelnya 👟.;senang
build qualitynya ga kalah sama converse n vans;senang
Well done, walopun pengiriman sempat tertunda;netral
"keliatannya si lumayan keren cuma detail"" di sepatunya kurang dapet ama beberapa ada yang kya lem asal""an 
ama 1 lagi talinya tipis bgt kudu upgrade bagian pertalian ini mahh, tpi overal memuaskan lah buat harga segini";senang
mantap dah langganan spatu pasti disiniSepatunya nyaman. Mantap modelnya 👟. Bahannya berkualitas.;senang
Sepatunya nyaman. Bahannya berkualitas. Mantap modelnya 👟. Desainnya keren 👍. Ukuran sesuai.;senang
model bagus, enak di pake, cuma aga keras aja;senang
mantab, pengiriman cepat, barangnya bagus banget, keren, emang ga salah balik lagi kesini buat belanja lagi, hehe, thank you;senang
Sepatunya nyaman. Desainnya keren 👍. Ukuran sesuai. Bahannya berkualitas. Mantap modelnya 👟.;senang
Suka banget, produk lokal kualitas keren. Harga murah tp gak murahan. Semoga awet;senang
"3 kali beli produk Aerostreet gak pernah mengecewakan, bagus semua.
harga sangat manusiawi dengan kualitas luar biasa bagus.
lokal gak kalah dgn brand luar. TOP, maju terus Aerostreet 👍👍👍🤘🤘🤘";senang
Mantap modelnya 👟. tapi untuk packing nya di tingkatin bubble wrap nya yang banyak biar kotak spatunya gak ancur lagi;senang
barangnya meluncur aman, kardus sepatu juga aman nggak penyok😁;senang
Sebenernya sesuai yang di foto bagus tapi sayang salah ukuran;senang
"mantab bnget dengan harga segitu,,dipakai nyaman,,
pengiriman cepat👍";senang
looksnya nice, sepatunya bau pabrik dan banyak hashtag lokal agak...;senang
pokoknya bagus sepatutnya ngk nyesel puas banget puas;senang
keren, pas, nyaman, kuat;senang
akusih puas banget. cuma packaging ngeri banget. tapi barang aman sihhh;senang
semuanya bagus pokoke recommended untuk dibeli;senang
Bagus gak nyesel beli di toko ini;senang
"kerennn cuman 39 nya 
lebih panjang dari brushpen";netral
bagus, cuma talinya aja yg kurang panjang;senang
barang sesuai dengan pesanan dan barang sudah sampai barang ok punya👍;senang
model n kwalitas mantaaap..👍 mo beli lg tp stok yg item putih abis;senang
"barang sangat bagus dan memuaskan
terima kaih";senang
Bagus sekali, anak saya suka sekali, Thanks seller dan platform;senang
Overall bagus, cuma kurang di kurirnya aja, sampe² harus ngambil sendiri.;senang
uda deskripsi ukuran cma panjang gk ada lebar, gk bsa retur;netral
Prediksi Indonesia akan lolos sampai 8 besar AFC Piala Asia !;senang
Desainnya keren 👍. Ukuran sesuai. Mantap modelnya 👟.;senang
memuaskan,mau order lagi warna item;netral
"model bagus ,sesuai pesanan 
terimakasih 🙏";senang
"plastik kosong aje🤨
tak niat pakc ey
etah mah aya aya wae 
asoy";sedih
barang ga nyampe nunggu trus claim lama banget;netral
barang ok , pengirim aja aga lama;netral
salah ukuran, pesan high. tp datangnya size 37;marah
De best;senang
Ada noda kuningnya dibagian solm;sedih
selalu puas dengan kualitas aero street;senang
lokal tak gentar ✊;netral
Sepatunya bagus,sesuai, terimakasih aerostreet dan kurir;senang
barang bagus,#localhero;netral
awet sampe sekarang masih aman;senang
produk ori. proses cepat;senang
Barang bagus pengiriman cepat;senang
bagus;senang
Pas bgt enak bagus;senang
Oke dicoba dulu semoga awet karena buat kerja harian;netral
mantap;senang
cakeeup abieezz;netral
mantap;senang
Sepatunya nyaman.;senang
paket cepet sampai dan rapi;senang
"love it
#lokaltakgentar";netral
juara!!!;senang
cocok buat anak sekolah;senang
Mantap,semoga awet 👍;netral
mantaaapss;netral
sesuai gambar 👍;senang
eyecatching bgt, semoga awettt;netral
sip... sepatu keren;senang
ga nyangka sebagus ini..;senang
sangat mantap;senang
oke;netral
oke;netral
keren banget dong;senang
cakeupp;netral
mantap;senang
keren sepatunya;senang
Desainnya keren 👍.;senang
Ok;netral
semoga awet;netral
udah pastii terbaikkkk!!!;senang
pesanan sudah sampai, thx;netral
kerren, ini pembelian ke 5 dan selalu bagus;senang
Auto langganan;netral
keren.... sepatu kesekian kalinya beli.... harga murah.. kualitassuper... suksesselalu aero street;senang
Pengiriman sedikit telat. Dan tali belum di pasang;senang
APAANSI 99RIBU SEBAGUS INI???????GILA KAPAN LAGI LU PADA DAPET SEPATU SEBAGUS INI CUMAN 99RIBU;senang
"mantaaapppp👍👍👍👍
maaf kalo sempet marah* karna pengiriman yh lama, takut waktunya ga kburu buat mudik soalnya😅
cuman saran aja, kalo yh biasa make size 39 mending beli yg size 38, soalnya di aku aja kegedean,
lbih aman lagi, di ukur dlu alas kakinya pake penggaris sekolah, soal kalo mau nuker size ga bisa, pengalaman soalnya.";senang
Pas & Sesuai;senang
udah kedua kalinya beli sepatu di aerostreet, dan hasilnya memuaskan selalu. thanks aerostreet.;senang
Lokal Tak Gentar. Maju terus Aerostreet. Desain keren, harga terjangkau, dan yg terpenting menyediakan ukuran 44-45 utk kaki saya yg jumbo ini. Jarang produk lokal buat uk segini. Good job!;senang
Ada harga ada kwalitas,sesuai ekspektasi lah harga 119 kalau di harga 199 sangat tidak sesuai…;senang
Mantap modelnya 👟. Desainnya keren 👍. Bahannya berkualitas. Cuman sayangnya, saya tidak bisa pakai jadi yaa saya hadiahkan saja..;senang
mantap bgt;senang
mendarat dengan baik dan tidak ada yang rusak,;netral
Jaitan rapi.barang cepat sampai,;senang
hatur nuhun;netral
"overall sepatunya bagus..
packaging standar
pengirimannya agak lama, smpenya 7 hari
but thankyouu, aerostreet, recomended shoe.";senang
"kardus luar sobek.. 
tapi isinya utuh & barang masih bagus
terimah kasih..";senang
"Sepatu lokal harga lokal 👍🏽👍🏽👍🏽
Finishing rapi , jaitan rapi ... mantap
Ga nyangka sepatu kya gni ga sampe 100k";senang
seneng banget dapet sepatu lokal yang bagus bamgett tapi harganya ramah buat di custom paint gitu, thank youu;senang
The best ...;senang
barang mantap, kualitas dan harga top;senang
mantap gan barang bagus🙏;senang
"Mantap!!!
sesuai tagline #LOKAL TAK GENTAR";senang
pas di kaki dan keren  ....;senang
mantepDesainnya keren 👍. Sepatunya nyaman. Mantap modelnya 👟. Bahannya berkualitas. Proses pesanan cepat. Packaging rapi.;senang
Pesanan sesuai, liat foto aja ya sisanya;senang
"parahhh bagus banget 🔥❤️🇮🇩 
#LOKALTAKGENTAR";senang
Puas barang murah tapi berkualitas. Pengiriman cepat pula. Sukses terus Aerostreet..;senang
mantep sih ini harga 100 ribu dengan kualitas kaya gini #lokaltakgentar;netral
talinya aja ini kurang panjang min;netral
overall okay intinya;senang
Mantab euy, keren pisan, pengiriman cepat, semoga awet, recomended banged aerostreet;senang
mantaab ,kereen;netral
Lokaltakgentar MANTAP;senang
barang mantap....harga merayap....;netral
selalu puas belanja disini;senang
G tau lagi dah mau bilang apa, di chat dah g di respon lgi...;netral
Keren banget. Ga nyangka sepatu sebagus ini dikasih harga merakyat. Sukses trus Aerostreet;senang
mantappp;netral
oke;netral
Gokil sih emang Aerostreet, bagus banget barangnya, mungkin lain waktu bakal jajan sepatu lagi disini.;senang
"mantul .. recommended bangeet .teruskan pertahankan dengan harga murah 
 cuma kekecilaan .
#lokaltakgentar
#lokalmurahmeriah
#lokalmanyossssss👍👍👍👍
#lokaloriginal
#lokalbersaing
#lokalmurahmurahmurahhhhmurmerrr👍
#yangpentingoriginal";senang
"thanks gan barang sesuai mantap 
#LokalTakGentar";senang
barang bagus sesuai pesanan;senang
mantap ahh Gece barang sampe, sabtu pesan seninnya udah sampe 👍 thankYou AEROSTREET ❤;senang
keren banget, Sepatunya nyaman. Mantap modelnya 👟.;senang
Ukuran sesuai.;senang
Desainnya keren 👍.;senang
overall bagus cuman bagian ini aja yg kurang enak diliat;senang
pengiriman lama, mending belinya lewat ****** aja v:;netral
cocokk bgtt;netral
Sepatunya nyaman. Mantap modelnya 👟. Desainnya keren 👍. Packaging aman 🙏. Ukuran sesuai. Bahannya berkualitas.;senang
Sepatunya nyaman. Bahannya berkualitas. Mantap modelnya 👟. Desainnya keren 👍.;senang
Sepatunya nyaman Mantap modelnya 👟 Proses pesanan cepat Ukuran sesuai Packaging rapi Penjualnya ramah banget Respon penjualnya top Bahannya berkualitas Packaging aman 🙏 Desainnya keren 👍;senang
Sepatunya nyaman. Mantap modelnya 👟. Ukuran sesuai. Proses pesanan cepat. Respon penjualnya top.;senang
selalu mantap emang aerostreet cuman pasti dusnya penyok. tak apa lah jauh soalnya dari jawa ke bandung wkwk. mantap recommended bangetSepatunya nyaman. Bahannya berkualitas. Mantap modelnya 👟. Desainnya keren 👍. Ukuran sesuai. Packaging aman 🙏. Penjualnya ramah banget.;senang
saya puas dengan produk iniDesainnya keren 👍. Sepatunya nyaman. Ukuran sesuai. Bahannya berkualitas.;senang
"Sepatunya nyaman. Mantap modelnya 👟. Desainnya keren 👍. Ukuran sesuai. 
Cuma packingnya aja yg kurang aman, tidak ada tambahan bubblewrap sedikitpun, untung barangnya masih aman
lain kali bisa diperbaiki lah";senang
Sepatunya nyaman. Desainnya keren 👍. Ukuran sesuai.;senang
berkualitas gak asal buat;netral
Desainnya keren 👍. Sepatunya nyaman. Penjualnya ramah banget. Bahannya berkualitas. Mantap modelnya 👟. Proses pesanan cepat. Respon penjualnya top. Packaging rapi. Packaging aman 🙏. Ukuran sesuai.;senang
sepatu bagus.. mantap.. pelayanan ok.. selalu puas belanja disini.. Bahannya berkualitas.;senang
Sepatunya nyaman. Mantap modelnya 👟. Desainnya keren 👍. Ukuran sesuai. Bahannya berkualitas.;senang
Sepatunya nyaman. Bahannya berkualitas. Mantap modelnya 👟.;senang
mantap 👍;senang
Sepatunya nyaman. Bahannya berkualitas.;senang
Sepatunya nyaman. Mantap modelnya 👟. Desainnya keren 👍. Ukuran sesuai.;senang
best cantik sekali;senang
Ukuran sesuai. Sepatunya nyaman. Proses pesanan cepat. Respon penjualnya top.;senang
Sepatunya nyaman. Mantap modelnya 👟. Penjualnya ramah banget. Proses pesanan cepat. Desainnya keren 👍. Respon penjualnya top. Bahannya berkualitas. Packaging rapi. Ukuran sesuai.;senang
GUD;netral
oke lah kalo yang ini;netral
Sepatunya nyaman. Mantap modelnya 👟. Desainnya keren 👍. Bahannya berkualitas.;senang
Sepatunya nyaman. Mantap modelnya 👟. Penjualnya ramah banget. Desainnya keren 👍. Bahannya berkualitas. Ukuran sesuai. Proses pesanan cepat. Proses pesanan cepat. Packaging aman 🙏. Packaging aman 🙏. Respon penjualnya top. Packaging rapi.  hehe;senang
Desainnya keren 👍. Mantap modelnya 👟. Ukuran sesuai. Packaging aman 🙏.;senang
Paket sudah tiba dengan selamat. Produk sesuai dengan deskripsi... Sukses selalu utk penjual. 🙏🙏🙏😎😎😎😎🤘🤘🤘🤘🤘🤘🤘🤙🤙🤙🤙🤙🤙🤙Sepatunya nyaman. Bahannya berkualitas. Respon penjualnya top.;senang
Sepatunya nyaman. Mantap modelnya 👟. Bahannya berkualitas. Desainnya keren 👍. Proses pesanan cepat. Packaging aman 🙏. Respon penjualnya top. Penjualnya ramah banget. Ukuran sesuai. Packaging rapi.;senang
salah pilih ukuran sih, tapi kualitasnya mantap sih;netral
Sepatunya nyaman. Bahannya berkualitas. Ukuran sesuai.;senang
"barang nya cpt Sampai
sepatu nya keren bosDesainnya keren 👍. Mantap modelnya 👟. Proses pesanan cepat. Packaging rapi. Packaging aman 🙏. Ukuran sesuai.";senang
Desainnya keren 👍. Sepatunya nyaman. Penjualnya ramah banget. Mantap modelnya 👟. Ukuran sesuai. Bahannya berkualitas. Respon penjualnya top.  proses pengiriman yang sedikit lama. tapi overall OKE BANGET ...order ke 7 kalinya;senang
Sepatunya nyaman. Mantap modelnya 👟. Desainnya keren 👍. Ukuran sesuai. Penjualnya ramah banget. Bahannya berkualitas. Packaging aman 🙏. Proses pesanan cepat. Packaging rapi. Respon penjualnya top.;senang
Alhamdulillah barang sampe dg aman.  Mantap modelnya 👟. Ukuran sesuai. Packaging rapi. Respon penjualnya top. Proses pesanan cepat.;senang
Desainnya keren 👍. Sepatunya nyaman. Mantap modelnya 👟. Ukuran sesuai. Bahannya berkualitas. Penjualnya ramah banget. Proses pesanan cepat. Packaging rapi. Packaging aman 🙏. Respon penjualnya top.;senang
Desainnya keren 👍.;senang
"barang bagus oriDesainnya keren 👍. 

cuma packing ky asal jadi mudah di robek";senang
Sepatunya nyaman. Bahannya berkualitas. Mantap modelnya 👟. Desainnya keren 👍.;senang
Desainnya keren, Bahannya berkualitas. Proses pesanan cepat. Mantap modelnya 👟.;senang
Desainnya keren 👍. Mantap modelnya 👟. tapi sepatu-nya bau aneh;senang
Sepatunya nyaman. Bahannya berkualitas. Mantap modelnya 👟. Desainnya keren 👍. Proses pesanan cepat. Packaging rapi. Respon penjualnya top. Penjualnya ramah banget. Ukuran sesuai.;senang
Bahannya berkualitas.;netral
"Packaging aman dan rapi. Ukuran sesuai. Sepatunya nyaman.

Saran : mungkin kedepannya untuk potongan di bagian alas sepatu bisa diperhatikan lagi yak min, biar tambah mantep, tapi keseluruhan sudah bagus 😬";senang
Sepatunya nyaman. Bahannya berkualitas. Mantap modelnya 👟. Desainnya keren 👍. Ukuran sesuai, cuma sepatunya sedikit berdebu;senang
maaf ko dari toko yg menjual sepatunya gk di bungkus yg rapih yah Dan nomer sepatunya kegedaan banget 😅😅😅🙏;senang
Sepatunya nyaman. Bahannya berkualitas. Ukuran sesuai.;senang
Mantap modelnya 👟;senang
Barangnya (sepatu) oke, Kl disentuh keliatan jelas ini bahannyaa bagus walau harga murah. Designnya jg oke. Seller / admin jg bagus respondnya. Pengiriman jg oke standard dr Jateng - Jakarta. Overall bagus & oke.;senang
Sepatunya nyaman. Proses pesanan cepat. Penjualnya ramah banget.;senang
"di komplain minta retur juga tetap salah! 

pesan ukuran 42 di kirim ukuran 40, di komplain minta retur tetep aja salah yg di kirim mlah ukuran 43
saran= tolong pegawainya di training ulang biar lebih fokus dan teliti dalam bekerja";senang
Sepatunya nyaman. Mantap modelnya 👟. Desainnya keren 👍. Ukuran sesuai. Packaging aman 🙏. Bahannya berkualitas. Packaging rapi. Respon penjualnya top. Proses pesanan cepat. Penjualnya ramah banget.;senang
Sepatunya nyaman. Bahannya berkualitas. Ukuran sesuai. Mantap modelnya 👟. Desainnya keren 👍. Penjualnya ramah banget. Packaging rapi. Proses pesanan cepat. Packaging aman 🙏. Respon penjualnya top.;senang
Sepatunya nyaman. Desainnya keren 👍. Penjualnya ramah banget. Mantap modelnya 👟. Proses pesanan cepat. Bahannya berkualitas. Ukuran sesuai. Packaging aman 🙏. Respon penjualnya top. Packaging rapi.;senang
Sepatunya nyaman. Desainnya keren 👍. Desainnya keren 👍. Ukuran sesuai. Mantap modelnya 👟. Proses pesanan cepat. Bahannya berkualitas. Penjualnya ramah banget. Packaging aman 🙏. Respon penjualnya top. Respon penjualnya top. Packaging rapi.;senang
Sepatunya nyaman.;senang
Sepatunya nyaman. Bahannya berkualitas. Mantap modelnya 👟. Proses pesanan cepat. Penjualnya ramah banget. Desainnya keren 👍.;senang
Desainnya keren 👍.;senang
Sepatunya nyaman. Desainnya keren 👍. Mantap modelnya 👟. Penjualnya ramah banget. Packaging rapi. Ukuran sesuai. Respon penjualnya top. Proses pesanan cepat. Packaging aman 🙏. Bahannya berkualitas.;senang
Sepatunya nyaman. Mantap modelnya 👟. Desainnya keren 👍. Bahannya berkualitas. Proses pesanan cepat.;senang
mendarat dengan baik, terimakasih;senang
"Diterima dalam kondisi baik, sesuai dengan gambar. Packing rapi dan aman. Seller responsif dan cepat dalam 
memproses orderan. Sukses selalu Gan,,,";senang
Sepatunya nyaman. Desainnya keren 👍. Mantap modelnya 👟. Penjualnya ramah banget. Packaging rapi. Ukuran sesuai. Respon penjualnya top. Proses pesanan cepat. Packaging a...;senang
Sepatunya nyaman. Mantap modelnya 👟. Desainnya keren 👍. Bahannya berkualitas. Proses pesanan cepat.;senang
mendarat dengan baik, terimakasih;senang
"Diterima dalam kondisi baik, sesuai dengan gambar. Packing rapi dan aman. Seller responsif dan cepat dalam 
memproses orderan. Sukses selalu Gan,,,";senang
Tidak sangka, dapet kualitas bagus seperti ini dengan harga segitu murah. Mantap;senang
Modelnya keren! Pas di badan dan nyawan waktu dipake beraktivitas. Bahannya tebal tapi nggak gerak, kok.;senang
Puas lah. Puas dengan barang sama pelayanannya kurirnya. Hanya kotak aja sedikit rusak ngak bisa dipake lagi. Kedepannya kalo bisa dibuat buble min sekedar saran aja 🙏. Thangkiu;senang
Bahannya bagus, ukurannya juga pas sesuai sama yang di list;senang
modelnya keren, ukuran pas 39 nya. pengiriman si cepat kilat 2 hari sampai. packagingnya bawaan sepatu terus di kasi plastik aman isinya dan transparan. bahan solnya empuk dan enak;senang
mampir ke Reseller Resmi Aerostreet di Tokopedia.link/sendlapkan untuk bisa dapetin Sepatu Aerostreet dengan Harga Retail dan 99K Modelnya keren! Pas di badan & nyaman waktu dipake beraktivitas. Bahannya tebal tapi nggak gerah, kok.;senang
"mampir ke Reseller Resmi Aerostreet di  Tokopedia.link/sendlapkan   untuk bisa dapetin Sepatu Aerostreet dengan Harga Retail dan 99K  Modelnya keren! Pas di badan; nyaman waktu dipake beraktivitas. Bahannya tebal tapi nggak gerah, kok.";senang
"mampir ke Reseller Resmi Aerostreet di  Tokopedia.link/sendlapkan   untuk bisa dapetin Sepatu Aerostreet dengan Harga Retail dan 99K  Modelnya keren! Pas di badan; nyaman waktu dipake beraktivitas. Bahannya tebal tapi nggak gerah, kok.";senang
"mampir ke Reseller Resmi Aerostreet di  Tokopedia.link/sendlapkan   untuk bisa dapetin Sepatu Aerostreet dengan Harga Retail dan 99K  Modelnya keren! Pas di badan; nyaman waktu dipake beraktivitas. Bahannya tebal tapi nggak gerah, kok.";senang
"mampir ke Reseller Resmi Aerostreet di  Tokopedia.link/sendlapkan   untuk bisa dapetin Sepatu Aerostreet dengan Harga Retail dan 99K  Modelnya keren! Pas di badan; nyaman waktu dipake beraktivitas. Bahannya tebal tapi nggak gerah, kok.";senang
"mampir ke Reseller Resmi Aerostreet di  Tokopedia.link/sendlapkan   untuk bisa dapetin Sepatu Aerostreet dengan Harga Retail dan 99K  Modelnya keren! Pas di badan; nyaman waktu dipake beraktivitas. Bahannya tebal tapi nggak gerah, kok.";senang
"mampir ke Reseller Resmi Aerostreet di  Tokopedia.link/sendlapkan   untuk bisa dapetin Sepatu Aerostreet dengan Harga Retail dan 99K  Modelnya keren! Pas di badan; nyaman waktu dipake beraktivitas. Bahannya tebal tapi nggak gerah, kok.";senang
barang sampai dengan selamat, kualitas seperti biasa sangat recommended, sudah pernah beli tapi kali ini dapat yang kurang rapi, but overall good;senang
barangnya sesuai deskripsi , ukuran sesuai , enak di kaki pda saat jalan;senang
Pengiriman cepat, barang sesuai pesanan, tapi packing kurang kardus basah kerna packing kurang, tapi sepatu aman  Terimakasih;senang
Ukuran pas kualitas oke sesuai dengan pesanan;senang
Nggak sebagus + tebel kaya produksi lama, jujur agak kecewa sama produk yang sekarang;senang
Barangnya sesuai pesanan. Sepatunya lembut nyaman dipakai. Dan warnanya netral jadi bisa pakai untuk baju warna apa aja. Sepatu ini punya abg saya,dan abg saya suka dengan modelnya.;senang
Bentuk dan ukuran: Pas Warna: Sesuai Seneng banget, barangnya ok, semoga awet;senang
Kualitasnya bagus untuk ukuran sepatu seharga ini;senang
Pesanan sudah sampai, barang sesuai pesanan, packing aman, pengiriman lumayan cepat, pakai voucher diskon jadi lebih murah, terimakasih;senang
sepatu bagus modelnya keren cocok untuk anak aku senang sekali. cuma pengiriman nya agak lama dari ekspeynya;senang
Barang sampai dengan selamat varian nyaa baguss dan kerenn tapi minus nyampe barang ada penyok nya;netral
Alhamdulillah, pesanan sudah sampai dengan selamat🥰 mudah²an awet untuk anak sekolah🥰 sejauh ini barang nya bagus,tidak ada cacat sama sekali🥰 next order yg lainnya🥰🫶;senang
Barang diterima dgn baik,ukuran pas sesuai pesanan;senang
Barang original,bahan bagus ,motif keren ,awet pastinya  Beli size 42 Dateng pas di kaki 🥰;senang
Bagus dan pas dipake. Insolnya juga enak gak licin.;senang
sepatu nya bagus banget, sesuai sama gambar nya, tapi untuk packaging box nya mungkin bisa di double in lagi box nya, karna pas sampai di rumah box nya penyet;senang
Sepatu nya bahannya tebal,bagus desainya,anaku suka,gak nyesel deh pokoknya,semoga saja awet KRNA baru pertama kali beli merk ini;netral
Bentuk dan ukuran: Sesuai dengan deskripsi Daya tahan pakai: Sangat tahan lama Aroma: Wangi Warna: Hitam yg aku suka;senang
look bagus, bahannya tebel, jahitan rapii juga. tapak nya ga terlalu berat bisa dipake buat harian, rekomen deh👍;senang
Bentuk dan ukuran: 41  ukuranya pas Daya tahan pakai: di bawahnha gak karet dan gak lentur Warna: warna sesuai Aroma: Biasa cuman di bawah sepatunya kurang lembut dan lentur  dan gak karet tapi semunya bagus dan oky  saya kasih Bintang 4 Bismillah semoga Awet 🙂👍;senang
Bagus, sesuai pesanan Barang ori;senang
barang terkirim dalam keadaan baik seller fast respon ukuran pas;senang
Bentuk dan ukuran: sesuai Aroma: sepatu baru Daya tahan pakai: sangat bagus barang sampai dengan baik dan realpict;senang
Gk nyangka barang bagus enak di pakai dan nyaman;senang
Pengiriman cepat, barang sesuai pesanan. trmksh;senang
alhamdulillah masyaAlloh akhirnya nyampee dengan cepat dapat harga promo cuma 85rb an mkasih aero 💛👌🏻;senang
Barangnya sudah sampai kk ternyata yg di poto sama dengan aslinya barangnya bagus dan kualitas produk menarik sekali lagi terima kasih atas barangnya kak❤️🥰☺️🙏;senang
Bentuk dan ukuran: Pas tidak terlalu sempit Warna: Hitam putih Mantap sepatunya;senang
Review jujur lengkap di YouTube (Asper Rando TV) Udh oke bgt sih sebenarnya 🙏;senang
barang sudah mendarat dengan mulus sesuai dengan gambarnya pas banget.;senang
Sepatunya keren , belum di coba sih ukuran nya pas atau nggak.;senang
Bagus bgt,sesuai deskripsi,estimasi sesuai,puas bgt pokokke...;senang
Terbaik emang aerostreet, produk lokal gak kalah saing;senang
Keren sesuai sama di foto tpi belum tau ketahuannya tpi jahitan rapi banget;senang
bagussss bgt sesuai sama ukurannn dan ga lamaaa ngirimnya;senang
Paket telah sampai ketempat tujuan dengan selamat. Mantap...barang nya sesuai dengan yang dipesan pokok nya sipp banget lah...👍👍;senang
Sepatu nya mantap, udah yg ke 3 kali nya saya belik,gak pernah kecewa sama sekali, produk lokal memang mantap;senang
mantap, nyaman dipakai, ukurannya pas;senang
ok, bro .... barang bagus dan cepat sampai ke alamat;senang
Alhamdulillah paket cepett bnget sampainya , barng amaaan .. daan pak suu sukaaa bangett spatu nyaa 😍😍😍;senang
mantap,baguss bangett sukaa pokoknya;netral
Sangat kece dan Feelnya sangat solid.;senang
Warna: hitam Bentuk dan ukuran: 41 (pas);netral
Aerostreet gak pernah gagal produknya;sedih
KEREN, MANTAP, NYAMAN...👍🏻;senang
Produk lokal paling rekomen, Produk yang di terima sesuai dengan deskripsi dan foto, kualitas bahan pun sangat bagus, semoga awet Warna: Sesuai foto Bentuk dan ukuran: Sesuai deskripsi yang di sampaikan di deskripsi produk Daya tahan pakai: Bahan tebal dan nyaman di pakai;senang
Bentuk dan ukuran: pass Aroma: harum Daya tahan pakai: awett karena pakai injection mould Warna: hitam pekat cuman agak sayang dibagian plong mata ayam tempat buat tali agak sedikit miring dibagian depan tapi its okee masih bagus,,btw ini pembelian sepatu aero yang ke 9;senang
Bentuk dan ukuran: Bentuk Terkini, Ukuran Pas.. Daya tahan pakai: Pasti Awet karena ini sudah yang ke-8 kali beli produk Aerosteet Cintailah Ploduk-ploduk Indonesia;senang
Bagus,bahan tebel, nyaman dipakai,the bestt;senang
keren banget sepatunya, nyaman dan sesuai ukuran, bahannya high quality, mantep Aerostreet👌🏻;senang
Produk Aero Street emang the best quality,untuk yang kesekian kalinya beli produk ini dan selalu puas,anakku seneng banget,warna dan ukuran cocok,pengirimannya cepat,packing aman.Makasih seller,semoga semakin laris manis.Aamiin;senang
bagus sepatunya, bahannya ebak dipake, insole juga padet tebel gitu, buat dipake buat seharian gk ada gangguan sama sekali, puas beli disini;senang
Cepet banget sampenya, Produk original,sesuai pesanan, Ukuran pas, 👍 Warna: Hitam Bentuk dan ukuran: Sesuai Aroma: Baru Daya tahan pakai: Lama;senang
kotaknya penyok karna tidak ada tambahan buble warp/kemasan tambahan;netral
Kualitas oke, lumayan cepet nyampe juga, awalnya takut gk muat karna kaki UK 40 tapi order UK 41, ternyata pas lebih dikit aja, kotak nya penyok mungkin kejepit/ketimpa selama perjalanan  4 star dulu ya min, tapi overall worth it;senang
modelnya bagus, nyaman, solnya gk selip, cuman sayang, solnya ketebelan, jadi pas make agak gimana gitu;senang
Kualitas bagus, rapi, nyaman di pakai, cuma kurang presisi aja kiri dan kanannya, tapi yang lain nya udh oke banget;senang
seperti biasanya  ukurannya pas, kualitasnya bagus packing rapih banget pengiriman juga cepet;senang
Bentuk dan ukuran: bentuk nya bagus. ukuran 40 pas di kaki Warna: hitam putih cocok untuk kerja,sekolah,maupun jalan jalan PRODUK DALAM NEGERI JOSSS MANTAP;senang
bagus sih sepatunya, tapi ada minus dikit di outsole ada sobek kecil jadi kalo dipake jalan kyk keluar angin gitu, tapi gpp lah maklum, untuk evaluasi aja kedepannya moga lebih baik lagi;senang
Sepatunya bagus, bahannya empuk, pengiriman juga super cepat. semoga tahan lama dan bisa buat nemenin aktivitas. Beli sepatu buat tes UTBK;senang
sangat baguss, cocok dipakai, ukurannya pas dan wanrnanya hitam pekat bagus sangat baguss;senang
Kedua kalinya pesen sepatu di aerostreet..bahan masih yang bagus dan nyaman dipakai;senang
makasih paketnya udah Datang,dengan amanah,barangnya original,proses nya cepat,pengiriman ya cepat,sampai tujuan,bisa buat Langganan klau beli lagi. buat toko nya amanah tak doakan Selalu lancar rezekinya amin.;senang
Sesuai deskripsi Jujur produknya bagus dgn harga segitu , saran aja bagi yg mau beli baiknya ukuranya dinaikan dikit Dari ukuran kaki , biar lebih nyaman saat pakai kaos kaki;senang
Bentuk dan ukuran: Ukurannya pas kualitas juga bagus;senang
Promo 9.9 dpt harga 97K sudah termasuk ongkir, barang hanya 1 hari cepat sampai, ukuran pas dan cocok dipakai buat kerja/sekolah/jalan-jalan 👍;senang
Bentuk dan ukuran: Desain nya lumayan bagus dan oke tapi ukurannya agak sempit sedikit aja padahal ukuran 42 🤣 Warna: Hitam pekat bagus;senang
Varian :hitam putih 41 Bahan bagun empuk bahan kanpas ringan di paken ke mana mana,pake sekolah bisa,kerja bisa  Pokonya debes👍;netral
Pengiriman cepat, dan barangnya bagus dipakai juga nyaman;senang
terima kasih barang nya nyampe dengan selamat, mungkin next nya minta pake bublewrap kali yak biar ga gonjreng banget gt cm masih aman sih untuk musim ujan kek hari gini, bahan nya cakep, nyaman juga, model ya cakep dah, sol manteb dan mudah2an awet ampe tipis nanti 🤣, ukuran ngepas aja tuh masih ada napas buat si jempol gerak2, jadi ga kegedean ama ga kekecilan juga pas nyobain, terima kasih min dan abang kurir, sukses dan sehat selalu min 🙏🏻;senang
Barang bagus Bentuk dan ukuran: Bagus rapi,pas;senang
"model nya standar, build quality nya pemakaian 3 hari masih normal, tadi ga sengaja kakin ketekuk pas pake sepatu ini tapi pas cek kondisi masih aman dan nyaman dipake, di area genangan air sampe area tanah basah/licin masih nyaman... bagian bawah basah juga gak bikin sepatu licin.  sama kalo boleh masih saran mending logo ""local pride"" nya ganti aja sama logo yang bikin value ni brand makin bagus";senang
Mantab barang keren ori gak kecewa saya udah beli ke 2 kalinya.  Saran aja sich pakingnya kasih Bablewarp biar lebih aman dusnya overal MANTAP TOP BANGET Bentuk dan ukuran: Ok Aroma: Bau sepatu baru Daya tahan pakai: Awet;senang
Daya tahan pakai: sangat cocok Warna: bagus Aroma: harum Bentuk dan ukuran: baik;senang
keren mantapp desainnya oke, gak berarti dan nyaman dipake nya;senang
Cihuyyy bgus bet nih sepatu produk lokal emng ga kalah ama produk luar dri segi bahan dan tampil kece sih😁😋;netral
Bentuk dan ukuran: pas dikaki Aroma: tidak ada Daya tahan pakai: aman buat daily Warna: keren;senang
Produk bagus, makin bagus dari yg versi sebelumnya;senang
memuaskan seperti biasa. ukuran pas. kualitas mantap. harga ramah dikantong. model keren.;senang
Sesuai dengan pesanan cuman kemasannya agak kurang aman tapi ok;senang
Bentuk dan ukuran: bagus sesuai Aroma: wangi Daya tahan pakai: semoga awet Warna: bagus;senang
harga murah kualitas kelas atas,bagus gk nyangka moga awet,asli cakep keren;senang
Pengirimnan cepat, packing rapih, ukuran pas, kualitas mantapnyooohh;senang
barang datang dengan aman dan cepat kualitas sepatu sesuai dengan deskripsi mantap kak semoga awet untuk jangka panjang;senang
Pengiriman cepat, barang lumayan bagus, cuma sedikit kurang rapi dalam pengerjaan finishing sepatunya;senang
bagus tapi sayang ny Peking ny kurang harus di bungkus ny hitam tapi ini transparan banget;senang
Recommended seller respon cepat barang sesuai pesanan;senang
"sudh sampai, cocok banget di kaki, jarang"" ada ukuran yg besar tapi nyaman";senang
kereen ternyata aslinya.  murah tapi ga murahan.. terima kasih aerostreet;senang
pesanannya sesuai yg diinginkan..bahannya bagus..respon penjual cepat..pengiriman. tepat sesuai estimasi overall keren puolll;senang
Bentuk dan ukuran: 44,sesuai Warna: cocok untuk anak sekolah SEMOGA AWET;senang
Baguss ada noda dikit gpp;sedih
Warna: Realpick sesuai gambar Bentuk dan ukuran: Pas bngt dipakai! Nyaman,, Pengiriman! Satset;senang
keren sesuai sama yg di gambar;senang
Dengan harga segitu oke sih, tapi perlu di perhatikan lagi soal quality nya ini bagian outsole sobek tapi masih bisa lolos sampai kejual🥲;netral
Bentuk dan ukuran: Pas nyaman di pakai Aroma: Harum Sesuai pesanan, 👍  Bagus banget gilaa;senang
model bagus , alas tebel , pengiriman cepat sampai lebih cepat dari estimas;senang
Warna: Ok sesuai yang dipesan Aroma: Baunya sepatu baru ori;senang
Pembelian kesekian kalinya Seperti biasa dus penyok, tp sepatu keren, pengiriman cepatt, ukuran cocok. terima kasih;senang
model casual, alas kaki empuk, jahitan rapi;senang
Paket nya sesuai dan sangat bagus, ukuran nya juga sesuai;senang
Aerostreet terbaik lah Bentuk dan ukuran: Bagus dan pas Aroma: Santan kelapa wkwkwk Daya tahan pakai: Belum diuji karna baru dateng Warna: Hitam putih;senang
Barang sampai dengan baik tidak ada kerusakan ukuran produk sesuai dan sangat memuaskan, terimakasih aerostreet semoga semakin jaya kedepannya.;senang
Bagus desain nya juga mantap cocok lah buat yang mau pegi liburan... Tpi ya agak kegedean dkit sih gpp lah saya juga yg salah mesen nomer😅😅;senang
Ukuran pas, di pakai nyaman, model keren...;senang
Barang sudah sampai pengiriman cepat pesan kemarin hari ini udah dateng, dan sesuai deskripsi, ukuran pas;senang
Bentuk dan ukuran: bagus dan pas Aroma: harum;senang
Bentuk dan ukuran: Sangat pas Warna: Bagus Produk Aero street memang bagus. Toko favorit dan langganan saya, Bangga produk lokal 💪💪👍👍;senang
Pemesanan yg ke 5, selama ini tidak pernah mengecewakan.  Alas yg sekarang tipis bgt... Sampe datang kondisi sudah bolong. Klo gini kena air dikit mresep dong...;marah
selalu bagus produk dari aerostreet 👍🔥 Bentuk dan ukuran: keren, pas juga Warna: hitam, bagus;senang
Bagus cuma samping” sol sisa” kurang di cut biar tapi;senang
ok lah , cuma minus jahitannya keluar keluar + ini jahitan di sol nya gimmick;netral
Sepatu ini melebihi ekspetasi saya,size nya fit bnget di kaki,sesuai selera saya,sepatunya juga bner2 nyaman bro;senang
ukuranya pas di aku yang biasanya pake 39 barangnya bagus, ga ada kerusakan, realpict 🙌👍;senang
modelnya keren. karetnya empuk. alasnya empuk. bahannya lebih lembut. cepet juga pengirimnya;senang
kualitas mantap, sesuai sama harga, ukuran nge pas wkwk untung ndk salah pilih nomor;senang
pengiriman si cepat terus barangnya sesuai pesanan;senang
cakep buat ootd. ngafe atau main.kmn. dgak kalah ama merk v*ns thanks;senang
Pengiriman cepet, suka sama sepatunya, kardusnya agak penyok tapi gamasalah ❤️❤️;senang
Bagus sepatunya sesuai pesanan,ukuran pas;senang
keren banget pas di kaki harga terjangkau dan gratis ongkir ke kalimantan, mantap 👍;senang
Ukuran pas desain bagus mantap aerostreet;senang
Diluar ekspektasi ssihhh, selaly support produk lokal ya gusy;senang
baguss, ringannn. mantappp pokok nya mah klo soal produk lokal satu ini;netral
Warnanya pekat, bagus. Cocok untuk kerja ataupun buat hangout dan outfit casual;senang
Bagus, sesuai ekpetasi nyaman lagi, ga mengecewakan dah;senang
baguss bgttt, hadiah buat adekkkuu nexttime bakalan order lg disiniii thankyouu❤;senang
Seperti biasa , Aerostreet gak pernah ngecewain,, pas mantab dan keren cuma paking nya gak ada buble warp skrg😌 tapi ya sudah lah yg penting aman sampe tmtp no cacat;senang
Bagus banget sepatunya mantap bang👍;senang
Alhamdulillah ini k2x beli sepatu d toko ini.. selalu suka sama alasnya yg tebal.. barangnya juga bagus, harga nya yg murah.. recommend deh pokonya;senang
Biasanya anak pakai 37 ini sengaja beli 38 kirain kegedean ternyata ngepass bgt;senang
Alhamdulillah sepatu Aerostreetnya sudah sampai,sepatu nya bagus banget buat sekolah apa lg buat jln2 bagus banget, anakq suka banget ini beli yg kedua kali nya;senang
Aku suka lokalan punya bahan adem, tp nyesel beli nya terburu2 payment di 257rb.. ehh bsok nya beli 3barang yg sama cuma 237rb😭;senang
Alhamdulillah puas...... Barange ori, semoga awet....;senang
tepat waktu datang nya,,barang nya pun lumayan;senang
Sepatunya Bagus Dan Bahannya Juga Oke Cocoklah Untuk Dipakai Jalan Jalan mantap untuk Aerostrett;senang
Bentuk dan ukuran: Bentuknya bagus, ukurannya kurang pas dengan kaki saya Daya tahan pakai: Bagus Warna: Bagus;senang
Sepatu nya keren udh nyampe bagus.. Nyaman jg di pakai... Pasti beli lg ah..;senang
Pengiriman sesuai jadwal produk sesuai deskripsi seller amanah Bentuk dan ukuran: Pas Warna: Variatif Daya tahan pakai: Semoga awet;senang
"Perdana makee sepatu Aerostreet,barang datang sesuai pesanan 😍,inimah sepatuu rasaa 500k😍,hargaa 150k udahh dapett spekk mewahhh dimana lagii kaloo bukan dii Aerostreet,inii sii bakal jadii langganan 😍, yang mau beli jangan ragu"" produk tidak mengecewakan dijamin😍😍😍";senang
overall bagus, ukuran pas, bentuknya keren, dan yang paling keren, proses dan pengirimannya cepat, baru beli jumat, sabtu sore sudah sampe rumah, keren aerostreet;senang
Bagus bangett walaupun ukuran 39 biasanya aku 40-41 tpi masih tetep muat dan masih ada ruang buat kaki ehehe;senang
Agak kecewa nih sama yang sekarang kualitas menurun, sepatu belum 1 bulan udah pada copot lemnya Daya tahan pakai: Kurang banget pada copot lemnya;senang
Kualitas sesuai dengan harga, sudah cukup bagus namun ada beberapa yg sedikit lagi diperbaiki pada bagian finishing, masih ada yg belepotan, seandainya itu diperbaiki beh ni sepatu keliatan nya pasti rapi, bersih.;senang
Produk ok banget dan nyaman dipakai, hanya saran tolong packing nya lebih rapi dan kasih bubblewrap, karena bagian belakang kardusnya saya penyok banget. Tapi Alhamdulillah produk didalamnya masih aman dan bagus.  Thanks;senang
Bahan bagus Untuk sisi samping kurang rapih Tapi masih oke lah Semoga kedepannya lagi bisa lebih baik lagi;senang
Modelnya keren! Pas di badan & nyaman waktu dipake beraktivitas. Bahannya tebal tapi nggak gerah, kok.;senang
Modelnya keren! Pas di badan & nyaman waktu dipake beraktivitas. Bahannya tebal tapi nggak gerah, kok.;senang
Modelnya keren! Pas di badan & nyaman waktu dipake beraktivitas. Bahannya tebal tapi nggak gerah, kok.;senang
bahannya bagus jahitan rapi,, ukuran pas sangat cocok;senang
Sepatunya bagus, jaitannya rapi untuk harga segitu oke banget, sayang paketnya ngga di pakein bubble, untung paketnya gpp, thx seller;senang
Untuk bahan ok tapi ada sedikit kain kurang rapih dikit,tapi bagus kok untuk harga segini;senang
sepatunya bagus , ukurannya pas dikaki size 42.cuma pas masuk agak susah aj.bahan kanvasnya agak kasar tp okelah dg harga segitu.detailnya kalo bisa diperbaiki ada bagian sol yg mbleber;senang
Bentuk dan ukuran: size 41 sebenernya kurang leluasa pas di pake tapi overall cakep dan keren banget sepatunya, mungkin kalo mau checkout lagi yg model lain bisa ambil yg 42.. thank's AEROSTREET;senang
Bentuk dan ukuran: Pas Aroma: Pas Daya tahan pakai: Pas Warna: Pas;senang
Kualitas baik, ukuran sesuai, dipakai nyaman, pengiriman cepat;senang
sepatunya enak dipake insole empuk presisi kokoh pokonya mah next order lagi , semoga awet dan pengiriman nya mantap cepet banget cuma sehari haha , terimakasih seller tingkatkan dan pertahankan kualitasnya  🔥;senang
Model bagus dan nyaman, bentuk dan warna yg elegan. cuma sayang, ukuran 41 nya rada kecil. Tp sepatu ini sangat bagus. D rekomendasi kan utk beli.;senang
Mantap, ukurannya pas, saat dipakai, alas pijakan kaki nya lembut, Design nya pun sesuai dengan gambar. 👍;senang
Sesuai sih tapi kardus a penyok🤦‍♂️;senang
Merk ini mah gk pernah gagal Udah langganan banget beli merk inii pengiriman cuuepeet banget pulaa shiip;sedih
offer all ok sih.. untuk outsol bagian dalam klo bisa rongga nya d tutup atau insol nya di sesuaikan;senang
Ini gua dpt produk cacat atau emng kualitasnya jelek ya?? . Dibagian midsolenya bleweran begini ?? Trus baru dipake 2 hari udah lepas sebagian gini??? Hadeuhhh quality controlnya gimana ini??;marah
Bentuk dan ukuran: Pas Aroma: Wangi Daya tahan pakai: Kuat Warna: Sesuai Barangnya bagus;senang
model nya keren,,nyaman,,cuma untuk ukuran saya terlalu gede,,biasa size 42,,harus down size ke 41,,,tpi oke banget,,thx seller;senang
Bagusss bangettttt sesuai banget sama ekspektasi 😍;senang
2021 beli jhosse, 2025 ganti baru ke massive;netral
Pengiriman cepat sepatu bagus sesuai foto Tapi kurang rapi dikit;senang
enak bagian tumit ga sakit dan ukuranya pas;netral
Mantappp, sesuai ukuran..joss pokoke;senang
modelnya bagus,nyaman di pakai,ukuran sesuai,packing rapi;senang
Bentuk dan ukuran: Pas Aroma: Wangi Daya tahan pakai: Kuat Warna: ☀;senang
Mantap lh yg di bagian tumitnya pun udh gak ada kata²;senang
Sayang harusnya nomer 42 emng boleh tukar nomer kak;senang
model bagus dan sesuai gambar, pengiriman sesuai harapan dan pengemasan produk rapih;senang
Paket sudah sampey pengiriman cepat pengepakan lumayan barang sesuey expetasi;senang
Bagus pengiriman cepat, box tidak lecet;senang
Keren bgt sepatu nya, nyaman bgt di kaki, sangat reccomended..  Tq seller, tingkatkan lagi kualitas & pelayanan nya;senang
Datang dg selamatt aman,cepat, pokoknya the bestt untuk mas kurirnya sama seller, thxx;senang
barang bagus, nyaman dipakai, minus di packing aja;senang
mantap sesuai dengan ekspektasi ku, nggak kekecilan;senang
barang nya sesuai ekspektasi🤩 dateng nya juga cepet banget, pesen malem siang nya Dateng the best lah👍😻;senang
Gua udah beli ini yang warna putih sebelumnya. Enak dipake jalan.;senang
Barang nya bagus, paling ya paketnya rada lama nyampe aja sisa nya oke banget;senang
model bagus, ukuran pas, enak dipakai, solnya empuk;senang
Barang bagus cus anak ku suka dan pas ukuranya semoga awet👍;senang
Keren bgt nih ok gk kaleng² lah Aroma: Wangi baru Bentuk dan ukuran: Kiri pas kana agak seret;senang
Ringan Bentuk dan ukuran: Bentuk kece ukuran pas Warna: Bagus;senang
Kualitas nya bagus banget,jahitan rapih , pengiriman nya cepat,gx pernah kecewa sih kalo beli di Aerostreet;senang
Warna: hitam Bentuk dan ukuran: 41 harga ramah kualitas gak main main, emang gak nyesal belinya;senang
Sepatunya bagus banget ringan ndak berat tampilannya pun keren.;senang
Sepatu sudah diterima dan kondisi baik, ukuran pas, semoga enak dipakai dan awet;senang
Bagus dan sesuai dgn realpick ,ukuran nya pas dan nyaman dipakai;senang
model keren.nyaman dipakai.model sesuai dan ukuran pas.;senang
Mantap! Pas sesuai. Pengiriman cepat. Tengkyu!;senang
Okelah mantap, saran aja buat adminnya supaya ukurannya kalo bisa kayak di +1 gitu. Soalnya kemarin saya beli sepatu degan ukuran yang sama dia itu besar, sedangkan ini malah ngepass banget;senang
Pengiriman cepat, kardus tidak penyok, dan sepatunya pas buat panjang kaki ±25cm.;senang
Bentuk dan ukuran: Ukuran pas Aroma: Wangi karna blm di pake Daya tahan pakai: Semoga awet Warna: Hitam Putih Mantap udh 2xco tidak mengecewakan😋;senang
Bentuk dan ukuran: Pas Daya tahan pakai: Awet Warna: Hitam Aroma: Sepatu baru 🥳 Ayo beli, gak nyesel;senang
Mantap, harga murah tp ga murahan tp kualitas premium.;senang
model nya kren,cocok sekali d pke nya,ukuran nya pas banget;senang
Sesuai pesanan💯👍 Bentuk dan ukuran: Modelnya bagus ukuran pas;senang
Daya tahan pakai: awet banget Warna: bagus Bentuk dan ukuran: sesuai;senang
Sepatunya bagus, bahan nya juga bagus. Semoga awet;senang
Bentuk dan ukuran: Sepatu nya bagus warna karakter nya sesuai ukuran nya pas di kaki;senang
cocok pas di kaki, nyaman dan datang sesuai pesanan;senang
Bagus sepatunya, ukurannya juga pas. Semoga awet, terimakasih.;senang
Sangat puas, harga murah barang istimewa. terimakasih next beli lagi.;senang
selalu puas belanja disini. harga murah kualitas ga murahan;senang
Modelnya keren, pas di kaki dan bahanya tebal, pengirimanya cepat. Brand lokal rekomended 😁;senang
Cepat, kualitas bagus, tepat waktu, sesuai pesanan, keren pokoknyaa;senang
Dari jaman kuliah 2019 massive versi pertama masih ada, skrng versi 2 top smoga sama awetnya 👍🏻;senang
Bagus, paket sampai dengan baik Ukuran pas;senang
Seneng banget deh sesuai ekspektasi, gak nyesel deh pesen Aero,, pengiriman juga sat set kemarin pesen hari ini datang;senang
barang sudah sampai dan kualitas sesuai harga tapu cukup bagus dengan lokal pride;senang
barang cepat sampai, ukuran dan model sesuai yg dipesan, 1 hal saja yg saya keluhkan, insole sepatunya terlalu tinggi sehingga membuat sepatu terlalu pas pasan di saya;senang
PKT udh DTG..biasa pke no 42..trnyata trllu ngepas dkaki..hrs nya dlebihin no 43 Bentuk dan ukuran: Ssuai Daya tahan pakai: Blm dcoba Warna: Hitam plat putih Aroma: Tdk brbau;senang
ogheee mantap insole dan outsolenya empuk parahhh😋;senang
Mantap, barang sampai dengan selamat kualitas ok ukuran pas cocok banget...;senang
Bagus Bentuk dan ukuran: 31 Warna: hitam putih baguss banget sesuai banget sama di online cepet lagi Topp dah Aero street 😹;senang
bagus sesuai ekspektasi. produk lokal ter dabest, barang buat kado jadi gada fotonya wk;senang
Intinya bagus, sesuai sama pesanan, ukuranya pun sesuai dengan pesanan, tidak ada cacat di sepatunya, mantap lah aerostreet, terimakasih 🙏 Bentuk dan ukuran: 42;senang
sangat puas dengan sepatunya kualitas tidak diragukan lagi,sukses terus aerostreet;senang
bagus, pengiriman tidak lama, kualitas oke;senang
Mantap Bentuk dan ukuran: Pas Warna: Bagus dan rapi;senang
Produk dalam kondisi baik, real pict dan sesuai pesanan..;senang
Baguss banget sepatunya tapi sayangnya box nya hancurr sedih banget🥲;sedih
Aroma: Wangui Daya tahan pakai: Awet tt Warna: Hitam Keren cepat pula;senang
Pengiriman sangat cepat sekali, barang bagus;senang
Oke keren gak pernah nyesel. Udh yg ke 2xnya beli. Sukses trus buat produk lokal. Tingkatkan trus kwalitasnya. Untuk kaki yg biasa 37 makan 1 tingkat pasti pas🙏;senang
Alhamdulillah pesann udah nyampe,realpick,amn pengiriman,cocok,puas bgt.bagus sepatu nya;senang
Alhamdulillah paketnya cepet datang dan bagus bgt, semoga awet, terimakasih seller, terimakasih tiktok;senang
top pokonyaa cuman minesnya kasi kaos kaki gratis dong min haha😹;netral
barang bagus sesuai deskripsi, pengiriman tepat waktu;senang
pengitiman cepet g sepatuny ngecewain dah pokony Bentuk dan ukuran: bagus pas;senang
mendarat dengan aman barang bagus pengiriman cepat ukuran pas;senang
bagusss.. nyaman kayanya kalo dibawa jalan. pijakan nya lembut 👍🏻;senang
Paket sudah mendarat min Recoment si buat harga segitu udh bagus bnget dan nyaman Warna: Warna.a hitam.a juga bagus, rapi;senang
Pengiriman sangat cepat sekali, barang bagus;senang
Oke keren gak pernah nyesel. Udh yg ke 2xnya beli. Sukses trus buat produk lokal. Tingkatkan trus kwalitasnya. Untuk kaki yg biasa 37 makan 1 tingkat pasti pas🙏;senang
Alhamdulillah pesann udah nyampe,realpick,amn pengiriman,cocok,puas bgt.bagus sepatu nya;senang
Alhamdulillah paketnya cepet datang dan bagus bgt, semoga awet, terimakasih seller, terimakasih tiktok;senang
top pokonyaa cuman minesnya kasi kaos kaki gratis dong min haha😹;netral
barang bagus sesuai deskripsi, pengiriman tepat waktu;senang
pengitiman cepet g sepatuny ngecewain dah pokony Bentuk dan ukuran: bagus pas;senang
mendarat dengan aman barang bagus pengiriman cepat ukuran pas;senang
bagusss.. nyaman kayanya kalo dibawa jalan. pijakan nya lembut 👍🏻;senang
Paket sudah mendarat min Recoment si buat harga segitu udh bagus bnget dan nyaman Warna: Warna.a hitam.a juga bagus, rapi;senang
GK BISA MOVE ON DRI AERO STREET.  Ini gue beli ke 5 kalinya, sepatu gue aeo stret berjejer di rak sptu anjayy krenn krenn sumpah makasih loh udh murahhj bangtt tapi kualitasnya gk kaleng kaleng dan superrr elegan banyak macamm, sampai saat ini ini produk yg jauhhh lebih gilaa kreenn pake bangtt.;senang
ukuran sesuai, warna dan type juga sesuai, terimakasih, smoga awet;senang
bguss size 41 kekecilan ternyata di aku;senang
"Bagus sekali, alasnya empuk, brand lokal tapi gk kaleng""👍";senang
pembelian kedua, bagus, cepat pengirimannya;senang
Bentuk dan ukuran: Pas Warna: Sesuai;senang
Goodddddd 🥰🔥🔥🔥 Shape and size: 41 Color: Massive black;netral
barang bagus, sol bagus. semoga awet dan tahan lama.;senang
sepatu sudh sampai dengan baik best dah;senang
Bentuk dan ukuran: Keren dan pas sizenya Warna: Sesuai;senang
ukur kaki dulu pakek penggaris klo bisa lebihin 2cm anggar longgar;sedih
Barang bagus sesuai dengan harga segitu sangat worth it👍;senang
langsung aku pake kerja tapi ngepres bnget uk nya saran ku yg mau beli tambahkan 1 ukuran misal biasa zize 40 ambil zize 41;senang
Bagus bgt kwalitas nya 👍👍👍👍 dah pesen beberapa kali;senang
Mantap paket cepet sampe barang sesuai pesanan seller gercep kurir juga cepet Makasih ya;senang
Thx you barang sdh sampai ya packing rapih, pengiriman juga cepat dan sesuai pesanan size 41;senang
Barang sudah sampai dan barang bagus sesuai dengan pesanan;senang
Diterima dangan baik, kwalitas ok;senang
Barang bagusnya dan pengirimannya cepat Mantap👍👍👍👍;senang
barang sampai berkualitas dan anak suka trima kasih;senang
Sudah langganan dengan sepatu produk aerostreet,sepatunya bagus2,awet tahan lama.;senang
Barang ke 4 dan Sepatu ke 3 beli d sini moga awet SPT yg kmr²;netral
barang sesuai dgn gambar. sepatunya bagus fan semoga awet;senang
mantap,tidak pernah mengecewakan. barang mendarat dengan sempurna, barang dan jumlah sesuai dengan pesenan, makasih seller dan kurir;senang
mantap sesuai order ,penjual sat set order pking kirim , terima barang ok;senang
Ga sesuai pesan warna hitam yang datang navy untung ukuran masih sesuai;senang
DI PERBAIKI LAGI YA AERO MASA 3 X PAKE DAH LEPAS LEMANYA;senang
Enak nyaman dipake. Pas lagi dikaki.;senang
Sesuai gambar;senang
nice barang sampai sesuai harga lah ya, model nya juga good;senang
untuk ukuran pas, cmn minus mimin nya aja. orang mau nambah yg d beli makanya mau d batalkan dlu. eh gk di setujui.  Alhasil y saya cmn beli 2 barang doank d sini. untuk lain kali kalo customer udah jelas alasannya ngapain mau d batalin. y tinggal d setujui aja apa susahnya. Barang ini adalah terakhir kalinya saya beli produk Aerostreet. males sama mimin nya gk mau ribet.;senang
wahh keren nih buat harga seratus ribuan, cakep solnya lumayan empuk, tinggi. Beli ukuran 40 pas banget di kaki gw yg panjangnya 25cm. Cintailah ploduk Indonesia ☝🏻;senang
Alhamdulillah pas, sepatu nya bagus, anaku suka... 🥰;senang
Semua produk aerostreet the best pokoknya;senang
Barang sudah di terima dengan sungguh sungguh haha mantab min bangga produk indonesia;senang
Bagus dan lembut enak di pakai terimakasih..;senang
luarrr biasaaa memuaskan, ukuran pas, semoga awet, so far so good;senang
keren banget sesuai pesanan dan ga nyesel next bakal order model lain nya 🥳;senang
Alhamdulillah paketannya dah nyampe...  Maaf telat ngasih ulasannya karena sibuk...  Sesuai pesenan sepatunya is the best 👍;senang
Bahan bagus dan nyaman, kualitas OK;senang
lupa ngevideo, tapii aslinya bagusss polll kokkk😻😻👍🏻👍🏻;netral
Alhamdullilah barang sesuai  Terimakasih;senang
Bagus barang nya sesuai cepat di antarkan;senang
Bahan sepatu keras gak nyaman di pakek;netral
Alhamdulillah paket sudah datang kemarin , cepet banget datengnya 🥰, terimakasih seller;senang
Bagus bangettt sepatunyaaa ini pembelian ke 2x. Dulu dh beli 2th yang lalu buat suami sampe skrg masih bagusss, ini beli buat adek semoga awettt;senang
barang nya bagus udah di coba empuk  semoga awet;senang
sesuai difoto nyaman dipakai ukuran las;senang
Sepatu nya bagus. Recomended banget. Makasih kak;senang
Barang rekomendet,bagus⭐⭐⭐⭐⭐;netral
Barang telah sampai tujuan, sepatunya bagus banget semoga cocok buat kerja;senang
Paket sudah sampai,pengiriman cepat,bagus👍👍;netral
real cuyy aero street pas ukuran nya mantap lah;senang
sip sesuai keren, nyaman jg d kaki;senang
sumpaaa sayaa sangattt sangat kecewaaa masaa sepatuu kayaa ginii kaliann gaa belii aduh rugi bangett 😫dan sepatuu ini keren bangett (TERIMAKASIH AERO STREET)🙏;senang
Lumayan kecewa sih saya tergocek awal beli harga 159 terus pas udah beli harga 137 dan itu pun aku lumayan sesak saat ku pakai karna aku udah nungu 2 bulan trus masi ga restock restock saya pun terpaksa beli ini;senang
Sepatunya bagus, Cuman pengiriman nya gagal terus jadi lama datangnya!;senang
bagus tpi depanya cacat engga mulus;netral
Barangnya pas, nyaman. Semoga awet..;senang
Ada yang menguning di bagian solnya;netral
Bagus, nyaman juga di pakainya;senang
Sepatutnya mantap, empuk, enak di pakai.;senang
Warna: Sesuai Bentuk dan ukuran: Pas;senang
Alhamdulillah yg Dateng sesuai pesanan ... Sesuai dengan picture nya ... Terimakasih seller;senang
Sepatu lumayan bagus..ukuran dan warna sesuai pesanan;senang
Dan Yap, pasti kardusnya penyok.;netral
Sesuai pesanan. Untuk anak sekolah. Semoga Awet;senang
Ukuran pas warna juga hitam pekat moga awet baru pertama kali beli;netral
Baguss banget.... Langsung beli 3 buat sekeluarga..;senang
pengiriman cepat sampai ditujuan, semoga awett dan tahan lama;senang
Bagus sesuai pas dikaki pengiriman cepat;senang
Alhamdulillah barangnya udh smpe guys, mantul pkonya 👍😎;senang
Produk lokas GK pernah salah,, mantap guyss. Jangan lupa beli, worth it bgt !!!!!;senang
sepatunya bagus dan berkualitas;senang
Alhamdulilah so far so good, sukses utk aerostreet;senang
Pas bagus sekali untuk pesanan ini;senang
Produk, sesuai pesanan, kurir ramah👍;senang
d kaki pas nyamn d pkek rekomen bagus;senang
Real pict... Pengirimanx juga cpt bgt...;netral
sangat baguss cocok buat anak sekolah;senang
sangat memuaskan tidak pernah kecewa;sedih
Barang sesuai ,bahan bagus;senang
bagus, desain keren adik saya suka;senang
Bagus , suka . Ini ke 2 kali nya beli aero;senang
Kece Badaii...,ganteng banget sepatu, next mau order lagi;netral
Alhamdulillah sepatunya sudah sampai sesuai pesanan, Adik minta beli ke2 kalinya soalnya sepatu yg 1 sdh robek. Terus berkarya. Terima kasih;senang
modelnya bagus seperti di gambar;senang
Barangnya bagus..sesuai dengan digambar;netral
Cakep bangeeeeettttt.... Iiihhh kereeennn.. makasiiihhh,, mau langgganan deh;senang
worth it untuk harga segini, dan semoga awett;senang
Design sepatu nya bagus, minimalis;senang
Keren kak sesuai dengan yg dimauin anak , berkah sll & smg awet barangY....👍👍🥰;senang
Mantab Mantab Pokoknya Mantap Kualitasnya;senang
Barang bagus sesuai, 👍👍👍;senang
Enak di pakai jahitannya rapi lagi;senang
keren banget sepatunya, bahannya bagus, nyaman di pakai untuk kerja, dengan harga yangg murah dapat kualitas sepatu kayak brand luar yang harganya jutaan;senang
mantap, tpi kotaknya remuk🗿;senang
Bentuk dan ukuran: Pass Warna: Hitam;netral
keren bagus mantap pokonya modelnya........;senang
Bentuk dan ukuran: Bagus ukuran pas Aroma: Wangi masih baru Daya tahan pakai: belum tau Warna: Sesuai gambar (sesuai ekspektasi);senang
Pertama kali lihat sepatunya, memang terlihat bagus, ternyata emang sebagus itu, pas dipakai juga enak, outsolenya itu kerasa ngerekat bgt di lantai jadinya ga kerasa licin;senang
Nice langsung aku pakai mantapp banget, dan Next beli lagi;senang
Mendarat dengan selamat, sol cukup tebal, bagian dalam bertekstur halus, nyaman digunakan;senang
Bentuk dan ukuran: sesuai,pas;netral
Sepatu sudah saya terima dengan cepat dan aman, masih agak keras pas dicoba pakai tapi ya namanya juga sepatu baru. Design cukup keren, tidak kalah kalau dibandingkan dengan brand-brand lainnya. Pengiriman cukup cepat dan sesuai dengan perkiraan namun pas saya terima boxnya agak remuk tapi sepatunya masih aman. Sepatu yang saya terima juga sesuai dengan spesifikasi yang diberikan oleh seller. Recommended seller.;senang
Sepatu nya bagus tapi ada sedikit masalah di bagian insolnya gak ke lem semua jadi aku kasih bintang 4;senang
Sesuai ekspektasi, nais👌;senang
Bentuk dan ukuran: ukuran sesuai,bentuk desain bagus sih Daya tahan pakai: cukup awet Warna: bagus warna hitam pekat;senang
overall enak dipake, cuman sol sepatunya keras. mungkin terkait sol dibuat lebih empuk didalam dengan nambah ruang dikit aja biar bisa ditambah busa atau apa gitu biar empuk. soalnya kalo jalan rasanya kurang convenient lama lama pegel.;netral
Barang sudah sampai dengan aman mungkin karena bahannya yang memang sedikit tebal jadi sesak padahal sudah saya lebihi. Sedikit saran untuk yang mau pesan dilebihi 2/3 cm. Dan juga untuk packaging mungkin bisa di beri bubble wrap karena box penyok meskipun isi di dalamnya aman.;senang
Barang Bagus, Sesuai dan Pas;senang
Kalau dari kualitas bahannya, mungkin aerostreet nggak bisa diragukan lagi. sayangnya, ada ketidakselarasan antara stok yang tertera di aplikasi sama di gudang. sehingga ketika pesanan sudah dikonfirmasi, baru diinfokan kalau stoknya tidak ada. menurut saya itu fatal, karena sebelumnya pasti kita sudah mencari-cari sepatu dan membandingkannya sebelum membeli.;sedih
Spatunya nyaman enak di pakai belum di coba pakai seharian , keseluruhan oke, pengiriman cepat fast respon;senang
Barangnya bagus hanya saja untuk lapisan paling bawah ada alasnya double ditelapak kaki;senang
Ukuran dari sana sam ukuran kaki beda sengaja mesen 41 karna sering make 40 eh malah kekecilan banget, dari sepatu nya si bagus banget;senang
Warna: Sesuai Daya tahan pakai: Kuat Bentuk dan ukuran: Sesuai;senang
100%ori mantap packing rapi pengiriman cepat;senang
Bentuk dan ukuran: bagus Daya tahan pakai: bagus Aroma: bagus;senang
Bentuk dan ukuran: pas Daya tahan pakai: kuat Warna: matching;senang
Recommend banget sih dngan harga murah tapi kualitas ga murahan, nyaman banget di pakai;senang
Bentuk dan ukuran: Bagus Aroma: . Daya tahan pakai: Sangat tahan;senang
Produk lokal nggak kalah baguss nyaman tampilannya juga keren semoga awett;senang
sedikit kecewa,yg dipesan warna hitam tapi yg datang biru Tua,gatau ini apa mksd nya! mohon lebih teliti lagi,karna kepuasan customer no 1. sekian terimakasih;senang
geeloooo goks gini brok sepatu Nya next time co lagi;netral
Barangnya sesuai minesnya cuman ada lem sikit yg lengket di depan 😅;senang
Sepatu y bgus rekomend dengan harga segitu;netral
sebernernnya kurang puas karena packing nya penyok² tapi gapapa tetep bagus kok sepatunya😇🤩;senang
Nyaman dipakai dan ngga kalah ama brand luar;senang
Sangat cocok, bagus sekali;senang
barang dah sampai,  bagus mantap;senang
bagus, dengan harga segini. puas. mudah²an awet.;senang
Baik Bentuk dan ukuran: Pas Aroma: Baik Daya tahan pakai: Semoga awat Warna: Sesuai;senang
baguss sesuai gambar,tapi sayang kardusnya rusak gara² kehujanan untung isinya amann;senang
All goods were received well. fast CS response and fast order process 👌;netral
cepat sampai,dan saya suka skali sepatunya;senang
No 42 nya terlalu pas dikaki anak saya, mungkin kedepannya kl beli hrs up 1 nomor, kl untuk kualitas sepatunya ok banget;senang
Bentuk dan ukuran: Oke Sepatunya ringan, enak di pake;senang
Bagus cuma kekecilan, kayanya size kecil ini;senang
bagus, cuman kardusnya aja yang rada penyok sedikit;senang
Baru pertama beli sepatu aerostreet. Cuman banyak bola yang keluar jdi kurang rapih;senang
Keren bagus, pengiriman cepat jugaa;senang
Barang Kualitas bagus, bangga product lokal Dan tetap jadi langganan;senang
Barang sampai sesuai waktu, sesuai pesanan, barngnya toop bagus, pas, nyaman dipakai;senang
Ukuran pas warna sesuai bahan oke puas sekali;senang
Bentuk dan ukuran: 41 (pas);netral
Sepatunya oke banget! Kualitas bagus, desain simpel tapi tetap stylish. Cocok juga dijadiin kado, recommended!;senang
Alhamdulillah ORI eyy;senang
Keren.. bagus.. pengiriman cepat..;senang
Alas kaki terlalu empuk, ada harga ada kualitas;netral
Mantap sesuai pesanan barang bagsu;senang
Bagus cuman agak kekecilan padahal udah ditambah size biasanya;senang
"plis bgs😭 real pict gd lecet kotak ny jg g penyot"" pling cmn dkit aj gd rusak😭";marah
sesuai pesanan,,, sudah langganan sejak anak Ku kelas 1 sd sampai sekarang kelas 6,,,,sepatunya terbukti benar2 awet, solnya kuat gk mudah lepas, sekarang bli lg Mao model lain, nex bakalan order lg, model yg lainnya, lokal tak gentar💪💪💪;senang
selalu bagus.. hampir semua sepatu di rumah merknya aerostreet, mulai dari yg dipake kerja sampe yg dipake sekolah. modelnya bagus, dipake juga nyaman, udah mana muraaahhhh yaampun sukses deh buat yg nyiptain ini..❤️‍🔥;senang
Bentuk dan ukuran: Pass Bagus sekali 👍👍 Paket sampai dengan selamat dan aman di tujuan. Terimakasih;senang
Produk bagus sesuai di gambar;senang
mantaaap si okelah diskonnya  yang pasti pasti pasti pasti;senang
dri kualitas aero gk pernah boong kuat cuy jgn ragu browh;netral
Barang oke, pengiriman cepat, checkout Minggu pagi, Senin sore sampai, besoknya langsung dipake sekolah;senang
Bentuk dan ukuran: Ok Aroma: Ok Daya tahan pakai: Awet Warna: Hitam;senang
nyaman.. pas sesuai ukuran kualitas jg sesuai ok..;senang
Keren sumpah bagus bngt bahan nya bagus jahitan nya rapi;senang
Sepatu nya nyaman , sesuai ukuran dan desain bagus;senang
3M (Mewah,Murah&Mantap);netral
Bentuk dan ukuran: Pass Aroma: Wangi Daya tahan pakai: Semoga awet Warna: Sesuai;senang
Sepatu lokal yg murah, modelnya simpel rapi tpi classy, insole lembut dan tebal, hanya saja sole luar nya kurang dapat grip nya di lantai keramik, agak licin jika bermanuver mendadak di keramik;senang
brand lokal rasa luar;netral
Udah sering beli paket aero street bahan awet banget ,kalau kualitas ga usah di raguin;netral
Sesuai dengan yang di iklankan, pengiriman cepat, agak berat sepatunya, dan kasar didalamnya;senang
Mantap,barang sudah sampai dg aman;senang
Bentuk dan ukuran: Pas Aroma: Wangi baru Daya tahan pakai: Mudah2hn awet Warna: Sesuai;senang
bagus.. produk sesuai original juga makasih banyak;senang
cek out tgl 1 baru terima tgl 22 . pake minta di selesaikan dulu biar bisa retur . otak dangkal. retur pke sok²an di rijek lg. udah salah sok² an;netral
Pengiriman cepat.. nicee Diaku masih kesempinan tapi sofar worth it buat harga segitu. Makasih yaa;senang
Brand lokal paling ga bisa di raguin, joss lah;netral
Sesuai dengan ke inginan anaku, dia suka;senang
Bagus tampilanya, empuk sagat nyaman dipakai;senang
Bentuk dan ukuran: Cocok Sesuai ekspetasi;senang
Barang sesuai,,,nggak expect bakalan secepat itu nyampe kerumah nya, cuma satu hari aja, padahal beda kota. awalnya takut karena pembayaran COD,tapi Alhamdulillah nyampenya cepet jadi nyampe pas libur kerja,,puas banget.🥰..;senang
Mantap,,,  sesuai pesanan,,,;senang
Recommend buat kamu kamu sekalian yang pengen sepatu keren, kualitas terjamin harga terjangkau  Makasih seller, best pokok e;senang
sebenarnya lokal gk kalah bagus tapi kurang di finishingnya aja yg masih berantakan. ya semoga improve terus, kalok rapi sih pasti langganan;senang
Barangnya bagus. Nyaman dipakai. Baru kali ini nyoba sepatu lokal, dan spertinya akan lanjut hahahha..  Lokal tak gentar !!;senang
Ternyata 43 masih kekecilan di kaki adek ku wkwkw. Tapi sepatunya baguss;senang
ga ada yg diraguin lg dehh pembelian ke 4..;netral
Bagus kualitas..reaksi cepat..pengiriman jg cepat;senang
Mantap pengiriman sangat cepat dan sesuai, tapi sayangnya packingannya tidak aman;senang
Bagus, sayang nya salah ukuran, kekecilan;senang
Bagus sepatunya anakku suka;senang
Bagus;senang
barang sesuai bagus sekali nyaman di pakek😊;senang
Bagus sepatunya sesuai sama pesanan,kualitas oke harga murah tapi kualitas bagus puollll,next order lagii dehhh pokoknyaaa;senang
Ukuran pas, bagus;senang
Produk bagus, cepat sampai. Yg biasa pakai size 44, di aerostreet cukup di size 43. Size nya lebih besar 1 nomer dari ukuran biasa.;senang
Bagusss sepatu nyaaa, harga nya terjangkau kualitas bagus;senang
Bentuk dan ukuran: 43 pengiriman cepat, lagi diluar tau-tau dah nyampe, untuk barang aerostreet udaa pasti mantap, semoga tetap selalu jaga kualitasnya namun dengan harga yang terjangkau #lokaltakgentar;senang
wkwk kekecilan (salah pesennya? tapi kaki masih bisa masuk;marah
mantap ukuran pas dan sesuai di foto ya, tidak menggecewakan;senang
kotak banyak penyok dan plastiknya sobek”;senang
"Barang berkualitas keren empuk sangat rekomendasi bagi anak"" sekolah atau buat main juga oke";senang
modelnya keren, pas, nyaman dipakai😁 barang mendarat aman sampai tujuan😁;senang
barang sesuai deskripsi produk recommended 👍👍 thanks seller thanks kurir pokoknya belanja di sini di jamin PUAS 👍👍;senang
barang dalam keadaan baik, yang jadi masalah adalah kurir yang sangat lama, berminggu-minggu sampai lewat estimasi waktu terlama, setelah dikomplain baru diantarkan.;sedih
Mntap bgus n berkualitas;netral
Bagus ssesuai ekspektasi, jahitan rapi👍;senang
bagus barang nya , tp kurir tolong jangan pake sicepat lagi , gak cocok di sebut sicepat;senang
Yg dikirim spatu ccacat 👎👎👎 emg gada pengecekan apa gmna ya;netral
Original, sesuai pesanan, pokoknya puasss banget,yang belum cek out buruan cod👍👍👍;senang
Untuk produk dengan harga segini termasuk bagus, namun seller buru2 bgt mengirimkan stock lain ketika pesanan yg di order tidak ada sebelum sepakat dengan pembeli karena alasan batas waktu yg tidak lebih dari 1x24 jam. Maka setelah barang diterima, pembeli harus mengcomplain barang dan mengembalikan barang dengan ongkir yg di tanggung pembeli. Lalu setelah memilih barang lg yg ada di toko dan sudah terkonfirmasi ke adminya, ternyata barang yg diterima salah ukuran harusnya 43 jadi 42.   Sangat di sayangkan jika brand lokal ternama rusak dengan pelayanan nya.   *Kritik membangun bukan menjatuhkan;senang
Paketan gk kayak biasa nya, klu bisa d bungkus bublewarp;senang
Bagus walau agak kaku dikit;senang
selalu suka barang aerostreet, murah ga murahan bagus!;senang
Best emng ini barang. Ini pembelian ke 2. Udh 1 tahun pemakaian buat kerja kurir jalanan panas , becek , ujan , blablabla tau jalanan gimana pemakaian setiap hari tpi gilaaa AWETTT PARAH SAMPE SETAHUN🔥🔥🔥🔥🔥🔥;senang
Alhmdulillah..real pict Toko amanah..barang sangat bagus Recomended lah buat kawan tiktok semua👍;senang
simple desainnya , sayangnya promo cuma ukuran 40 aja, pas pasan bngt ama kakiku wkwk;senang
sampai dengan cepat dan tepat.. semoga awet 😃;senang
kekecilan dikit pdhl udah + satu nomor. tp bgs sptunya;netral
seperti biasa produk lokal satu ini selalu memuaskan🤍🤟🏼;senang
Cintai produk lokal mas ee;senang
Ok sih cuman jahitannya bisa lebih rapi lagi;senang
keren, ga kalah sama brand lain  rasanya bangga bisa beli produk lokal, dan bangga juga yg lokal bisa bikin sepatu sebagusss iniii;senang
Gak pernah nyesel beli aerostreet mantappp;netral
bagus barang oke Weston top;senang
Pengirimannya cpet bngt brg sesuai sm fto emng sebagus ituu... Tp ini autsolenya injiection yak bkan sistem pengeleman smoga awet smpe bertahun2 next beli lg buat kado wkkwk;senang
Pengiriman cepat, bentuknya sesuai gambar dan warna sesuai;senang
Beli lagi krn yg kmren kekecilan . Selalu puas;senang
Kualitas sepatu nya dengan harga segthu ya  asli bner g murah jg bentuknya keliatan kaki g luwes sepatu nya ... kurang ok sich mnrt saya klo buat anak sekolah aja sich gpp dh ....;senang
produk bagus sampainya juga cepat plus kurir baik;senang
Barang sesuai nyaman dipakai;senang
Bagus bngt insholenya tebel anak saya suka ga sempet foto udah d bawa ke pesantren;senang
Bahan bagus, kualitas OK;senang
Baguuuuuuuuus Top markotop Jadi punya sepatu kualitas bagus ,tapi dgan harga terjangkau Terimakasih;senang
Jaitan kurang rapih,,;senang
Sepatu nya bagus dan sesuai real pict ga nyesel deh pokoknya udh beli di sini;senang
Sesuai bget ... suka pas di pkai juga nyaman sepatunya Gk nyesel pokoknya;senang
pengiriman j&t sangat cepat, kualitas lumayan, packing ga aman, kardus penyok gaada buble wrap;senang
Barang bagus the best seller;senang
Sangat bagus buat sepatu yang dibeli hasil gaji kerja;senang
Sepatu nya banget dikaki, nyaman, bahan nya juga bagus, sangar recomendasi ini buat yang nyari sepatu harian, mau pun kegunung..hahaha  Sukses selalu buat aerostreet indonesia, terus berkembang jadi yang terbaik..;senang
almost perfect, secara desain oke banget di harganya, build quality juga sesuai, finishing semoga bisa libih rapi lagi. packing nya ngeri ngeri sedap, cuma plastik bening tipis dan ga bubble wrap.;senang
Ukuran sesuai yang di inginkan Warnanya bagus Jahitannya rapi Bahan berkualitas no tipu tipu Packaging simple;senang
Modelnya keren! Pas di badan & nyaman waktu dipake beraktivitas. Bahannya tebal tapi nggak gerah, kok.;senang
nyaman, cuman agak gerah dikit di kaki. untuk harga segini worth it banget;senang
Alhamdulillah sepatunya nyampe juga Pengiriman cepat Barang aman Kualitas nggak perlu ditanya lah ya Semoga awet lah ya Amiiiin;senang
model nya keren, nyaman dipake ngga berat..;senang
Barang Cepat datangnya, barangnya bagus, modelnya bagus, dan untuk ukuran 43 muat di kaki saya, oke lah 👍🏼;senang
Alhamdulillah,, mantap banget,, bagus,, kenapa dari dulu gak beli merk ini,, cuma agak kecewa sama ekspedisi pengiriman nya,,, kardusnya sampai rusak,,, tolong lain waktu ganti J&T aja, lebih cepat dan lebih safe;senang
Overall bagus ukuran sepatu pas seperti yang saya inginkan tidak longgar maupun sesak, real pict dan semoga awet seperti sepatu aerostreet ku yang dulu sampai 4tahun ,   *saran untuk sisa karet untuk di triming bersih ya thanks you😊;senang
modelnya bagus, keren, gagah, aku sukaa tapi pas dipake agak sesek, kaki 23cm insolny 24,6cm pres bgt, kurang nyaman sih, tapi biarin dah mudah2an bisa melaarr;senang
barang bagus kualitas bagus pengiriman barang cepat;senang
Barang sampai dengan aman, box tidak penyok, sesuai ukuran pas bngt dikaki, tpi its oke gpp, warna nya bagus kombinasi, tapi bagian belakang sepatu ada noda warna kuning, dikit tpi keliatan 😭 dan untuk finishing nya tlng diperhatikan lgi. Terimakasih 🙏;senang
sepatu nya keren dan sesuai ekspektasi.. mantap kualitas aerostreet itu memang terbaik dan tidak diragukan lagi .. saya selalu beli Aerostreet... terimakasih;senang
untuk ukuran sesuai, tapi ada sedikit benang yang terlihat digambar;senang
Mantap barangnya grees bner enak juga dipake ny;senang
Paket sudah sampai cpt bgt pengiriman nya mantab,ini saya beli yg kedua kalinya tapi ada jahitan yg kurang rapi min tolong di tingkatkan lagi ya Untuk kualitas biarkan bintang yg berbicara, terimakasih seller yang amanah dan kurir andalan;senang
modelnya keren sepatu nya bagus empuk jadi enak di pakai mudah2an awet seller juga fast respon pengiriman lumayan karena jauh yaa;senang
keren banget bahan keren nyaman model solnukuran sip;senang
Sesuai ekspektasi, bagus dengan harga di bawah 200k;senang
Mantappz Barangnya Bagus Bentuk dan ukuran: Pas bngt Warna: Sesuai;senang
how to get rid of a pimple on your way home or do you;netral
Kerenn bgt sumpah aq suka mkasi kk bagus bgt realpic🥰🥰 Ada sdikit gelembung ya tpi gk ngaruh;senang
good banget.. di pake juga nyaman mungkin hanya di ukurang yang biasanya 42 aku kegedean tapi kalo ini terlalu pas jadi agak sempit dikit, ga ngaruh👍;senang
Kualitas sangat bagus sekali, elegan banget, Bentuk dan ukuran: Pas sesuai dengan ukuran.;senang
Thankyou Aerostreet and kurir  barangnya sudah sampe dengan selamat, untuk sepatu nya bagus bahannya juga bagus dan real pict, buat packingannya bagus walaupun ada sedikit rusak di kotaknya tapi tidak menjadi masalah sepatunya tetap aman;senang
modelnya bagus, kualitas baik, nyaman dipakai;senang
Produknya tidak pernah gagal Murah bukan murahan Kwalitas justru mnrut aku lebih baik dari merk import sih Sudah langganan merk aero street;senang
baguss, pass  enak dipakai sesuai harga lem agak belepotan tp bisa di hilangin;senang
keren, aku suka banget sama desain nya mantap cakep banget. dari dulu beli disini awet semua🫰;senang
Bentuk dan ukuran: Bagus agak kegedean dikit Warna: Keren sihh Daya tahan pakai: Jelas gak di ragukan lagi;senang
Barang landing dengan aman... Barang sesuai pesanan... Ini orderan ke 3x nya... sungguh terlalu, kecewa sekali, karena baru tau skg klau ada produk sekeren ini dgn harga terjangkau... ini pasti repeat order trs 👍🏻 ubur² ikan lele, buruan beli le sebelum kehabisan... ..;senang
Keren dan ukurannya pas di kaki;senang
Worth it banget sepatunyaaa. Bagusss pass ukurannya;senang
Semuanya bagus bagi saya cuma lain kali tolong di bagian packing kasih perlindungan lebih ya 😁;senang
Good quality dengan harga yg tdk mahal. Produk lokal yg rekomended;senang
so far so good untuk barangnya, udah beli kedua kalinya yg pertama untuk istri yg kedua untuk sendiri. cuman kendala ekspedisi aja paket sempat hilang agak aneh udah dibawa kurir 4 hari tidak pernah sampai;senang
Bentuk dan ukuran: sesuai dengan pesanan Warna: hitam putih pesanan tepat waktu, sesuai dengan yang diinginkan, sudah beli beberapa kali ini barang selalu tidak mengecewakan.. *produk lokal,selalu handal*😁😁😁😁😁🫰;senang
mantap selalu terbaik dan memuaskan tidak mengecewakan aerostreet 👍;senang
Terdapat jahitan/benang hitam yang menancap di midsole sepatu jadi tolong lebih di perhatikan lagi;netral
Cakep modelnya.. Pas ukuran ny;senang
Barang bagus, pengiriman cepat,suka deh pokok nya;senang
GOKIL NIH SEPATU, UDAH KECINTAAN BANGET SAMA WARNA DAN MODEL INI, BTW BOLEH GAK MIN DI KIRIMIN SATU TRUK UKURAN 43-44 HAHAHA BECANDA MIN, MAKASIH UDAH BUAT SEPATU SEKECE DAN SEKEREN INI YA ARIGATOUUUU!!😍👏🏻;senang
Cakep, kemeren dpt harga 141rb lumayan potongan tiktok 👍🏻;senang
Barang sesuai, tapi yang membuat kecewa adalah packing yang transparan membuat data pemesanan saya bocor kepada penipu yang merugikan saya, kenapa saya bisa tertipu ya karna saya kira itu dari real expedisi, dan bodoh nya saya bisa tertipu, ah sudah lah;senang
Bentuk dan ukuran: Sesuai Sepatunya kece abizz;senang
Sesuai sama di gambar ukuran juga dikirim dengan sesuai. Mantap lah;senang
Selalu puas dan suka dengan produk aerostreet;senang
Meskipun telat nyampe, tapi barang sesuai sihhh keren parah;senang
Real pict sesuai iklan Produk mendarat dengan mulus no minus ukuran pas presisi mantap lah pokoknya gk pernah kecewa belanja di aero street sukses terus semoga awett produkny;senang
Bentuk dan ukuran: Bentuknya bagus dan keren, untuk ukurannya sudah pas tidak kebesaran dan tidak kekecilan Daya tahan pakai: Untuk daya tahannya belum tau tapi semoga bisa awet untuk dipakai lama;senang
Bagus, cuman saran aja yang mau beli misak ukuran kalian 40,pilih yang 41 aja biar enak dipakenya, kardusnya juga lumayan rusak mungkin pas di expedisi ya. Tapi barang oke aman;senang
. Review jujur. Ukuran pas dan keren banget dipake solnya tebel. Cuman klo dipake seharian bikin pegel telapak kaki jdi ganti pake alas lain. Nyaman dipake. Desain modis bgt. Lemah di alas nya doang. Next alasnya di perbaiki  yok. Cheers;senang
bagus sih tapi banyak banget benanang yang keluar keluar gitu jadi keliatan kotor;senang
Bahan baguss nyaman lapisan kaki teball empuk enak buat jalan rekomendasi bangettt...;senang
Baru punya 3 pasang, untuk kualitas gak pernah berubah tetep best👌👍;senang
Oke Keren karet sol sengaja dilepas biar agak longgar, ambil Uk 42 agak kecilan karna sol nya ada tambahan karet;senang
overal udh bagus,walau ada sedikit benang sisa, warna itam dikit, dan sol lepas dikit ya masih lumayan lah,tapi box nya bawadehek.;senang
oke lumayan  ukuran nya 41 ternyata ga sebesar yang ku kira pengen nya agak di longgarin ternyata 41 cuma longgar dikit banget;senang
Agak kecewa sih sol sepatunya agak kotor kyk hbis dicoba dan packing plastiknya sudah kebuka pas diterima kemungkinan dari pihak ekspedisinya. Tapi untuk sepatunya overall bagus dan keren 👍;senang
Cakep. Kualitasnya bagus untuk harga segini. POV finishingnya tergolong rapi walau ada sedikit sisa benangnya. Terasa lebih berat bila dibanding dengan sneakers ku yg merek Reebok, namun masih nyaman digunakan. Size 41 utk Aerostreet ini sama dengan size 40 di Reebok ku.;senang
sepatunya kelihatan besar bangett, tapi pas dipake kek sempitt, padahal udah sesuai sama panjang kaki malah dilebihkan. tapi oke sihh, barangnya cepet sampe bahkan diluar prediksi. tapi kardus sepatunya basah soalnya packingannya cuman plastik jadi kehujanan.;senang
Barang nya sesuai deskripsi, bagus dan premium,. Selebihnya bagus semuaa gaada cacat atau kerusakan. Tapi mungkin next dari packingb alangkah baiknya dibikin lebih save lagii yaa min,  Barang nya keren;senang
untuk ukuran pas dan nyaman di kaki  modelnya juga oke bagus  terbaik dah aerostreet;senang
keren,pas di kaki goodjob walaupun ada dent sedikit kuning di out solenya tapi gapapa;senang
gede banget ternyata hahaha, tapi gapapa semoga oke buat jangka panjang, aman banget untuk ukuran, style bagus, suka banget,  cuma gatau kenapa kalo buat tumpuan lama di tumit kurang nyaman aja  selebihnya oke banget, kecepatan pengiriman juga sippp, terimakasih seller dan kurir;senang
Bentuk dan ukuran: Sesuai Warna: Sesuai ekspektasi Daya tahan pakai: Kuat Aroma: ----;senang
Paket sepatunya sudah sampai dengan cepat Setelah saya cek, semuanya sesuai dengan yang saya harapkan Kualitas bahannya sangat bagus dan nyaman dipakainya Terimakasih;senang
barang bagus sesuai spesifikasi di lapak, paling aman, pengiriman  nunggu 2 hari baru kirim, pelapak komunikatif;senang
Bagus, pengiriman lama 1 minggu, kotak nya penyok nying, its oke barang bagus;senang
Trimakasih, barang sesuai pesanan dan pas, pengiriman nya cepat, tapi dus nya penyok dan tdk d pak dgn baik dri tokonya;senang
Rekemen bgt, yang mau order jangan ragu lagi, puas bgt, realpick, bahan,design, ok bgt, untuk kalangan muda mudi, dan rekomendasi juga buat formal maupun non formal . Thebast🫵  Ukuran: pas, normal;senang
Bagus overall oke smua, saran sih kalo pesen naikin 1 sz misal dari 43 pesen 44👍🏻;senang
barang sampai sesuai waktu. cuma kardus ny ancur parah (mungkin dri pihak ekspedisi) tapi, overall sepatunya cakep.;senang
Bagus banget,ga nyesel belinya,kualitas bagus dan packingannya bagus banget;senang
pengiriman nya cepet,ukurannya juga pas mantab deh,kualitas nya juga bagus;senang
Produk bagus tapi packing kurang bagus usahakan packingnya bisa lebih rapi lagi top produk indonesia;senang
kualitas sebagus itu tapi harganya malah sangat murah🤭 lumayanlah bisa di pakek jalan2;senang
gileee kecebadaii,, barang bagus banget empuk, nyaman dan pas, btw saya up sekitar 3 size, soalnya kemarin beli up 1 size sempit bangettt dan ujung nya dikasi ke saudara... pokoknya mantap dehhhhh  saran saya mohon di perhatian untuk ujung jahitannya;senang
Kesan pertama keren banget modelnya. Agak kaget sama sol sepatunya. Tapi tetep enak dipake kok. Soalnya biasanya sol sepatu Aerostreet itu tebel. Entahlah.. Mgkn kaki saya aj yg blom biasa sama sol model baru ni. Overall, good job seller. ⭐⭐⭐⭐⭐;senang
Sesuai foto dan ukuran, kata anak saya suka modelnya dan nyaman dipakai;senang
Sepatunya keren walau pun agak kebesaran sedikit tapi ini udah bagus banget;senang
Kualitas tidak diragukan lagi, sangat bagus Aero street memang terpercaya👌;senang
Mantul sekali...gak bikin video unboxing yakin bakal bagus barangnya;senang
Bentuk dan ukuran: Sesuai Aroma: Oke Daya tahan pakai: Semoga awet Warna: Hitam,putih Pengiriman cepat, bahan bagussssss, smogaa awett;senang
Respon cepat, orderan cepat, mantap josss pokoknen, sukses selalu, terima kasih;senang
bagus euy, datangnya cepat barang juga tidak mengalami kerusakan saat datang, modelnya juga memuaskan dan ukuran sepatunya juga sesuai dengan pesanan (bau sepatunya juga enak bet);senang
modelnya keren, nyaman dan bagus! warnanya juga cocok. mayanlah kalo dibuat nongkrong msh enak dipandang;senang
Bentuk dan ukuran: Kegedean 1 size Warna: Sesuai, Produk asli sesuai gambar,;senang
Bentuk dan ukuran: Pas Warna: Keren Aroma: Wangi Daya tahan pakai: Semoga Awet Gokil.;senang
Alhamdulillah akhirnya yang ditunggu tunggu datang jugaaaa😭 sepatunya bagus, packingnya juga rapih, nyaman dipakai, bawahnya juga karet jadi empuk😅 ga nyesel deh beli disinii😭🙏 makasih banyak;senang
Bagus kece keren gacor ganteng , tapi jaitan di pinggir benang nya ada lebih jadi kurang rapih tapi gapapa;senang
Jahitan ada yg keluar jalur. Dan potongan hitam diantara Kanan kiri tidak presisi.;senang
Barangnya bagus, tapi kerdung agak penyok;senang
Udh lama liat review dr orang2 katanya produk lokal dgn harga murah tapi kwalitasnya ga main2 semoga beneran awet ya thanks;senang
Saking senengnya oengen cepet unboxing,sampe lupa video in Maaf ya min🙏🏻🥺;senang
Awalnya ragu pengen cancel mau pilih warna lain, ternyata pas dateng bagus bgt sih premium poll, kek bukan sepatu 100rb an. Next order lagiiii;senang
Maaf baru kirim ulasan barang sudah sampai dgn selamat walaupun kardusnya penyok isinya aman sulaiman...dan ini pembelian ke3  ditoko aerostreet alhamdulillah gx pernah nyesel samsek next order pokoknya🤩;senang
Sepatunya bagus,klo bisa pengemasannya lebih bagus lgi kak soalnya sayang kotaknya od penyok gk pke bubble wrap,sayang banget;senang
Realpict ukuran pas dan sesuai dengan ukuran kaki goodjob terimakasih aerostreet barangnya gak main-main produk lokal yang istimewa..;senang
Produk sesuai pesanan,amanah,good job dah.  sayangnya di pengiriman,ada kendala,tapi tidak ada pemberitahuan,seharusnya update pemberitahuan,di chat jasa pengiriman baru ada respon bla..bla..bla..;senang
Alhamdulillah, nyampe dengan selamat MANTAPP +ADMINYA GERCEP GAK SLOW RESPON😍🤟;senang
Packagingnya bagus, sepatunya berkualitas, menyala Aerostreet 🔥;senang
Mantap, walaupun pengiriman nya agak tertunda tapi gapapa👍🏻;senang
Bagus sepatunya, aku dapet harga diskon 135.000 Bentuk dan ukuran: Pas Warna: Sesuai deskripsi;senang
Sampai juga pesen an nya 😅🙏 Kualitas nya sangat bagus .;senang
Barang sudah sampe dan kualitas produk nya juga mantap..saya sudah 3 kali beli tidak pernah gagal terimakasih tokoh aero street sudah melayani dengan ramah dan amanah 👍👍👍👍👍🤍🤍🤍;senang
Baguss banget, jahitannya rapi sol nya juga bagus, semoga aja awet jangka panjang;senang
Sepatu nya sudah datang,bagus banget kaya sepatu harga 500an, walaupun brand lokal tapi ga kalah keren..next order kagi;netral
Emang merek ini doang yang saya beli .. Kualitas udah gak perlu di ragukan lagi geyyss ... Terimakasih ya mas semoga makin laris tokonya;senang
bagus, pas ukuran, aerostreet paling top pokoknya😁👍🏻;senang
Kesekian kalinya beli, barang selalu bagus dan sesuai, pengiriman cepat,;senang
sepatu kecee, tapi ga nyangka aja ternyata sepatu nya lumayan tinggi ya... jadi saya udh tinggi nambah tinggi pake sepatu ini wkwk. tapi baguss, saya suka terimakasih;senang
Asli ini keren banget,baru pertama beli tp barang nya bagus & keren;senang
sesuailah lokal pride emg the best ga kalah mantap;senang
udah lama pakai produknya aerostreet, ga pernah mengecewakan. modelnya keren, nyaman di pakai, ukuran yang pas dan sesuai, mantap jiwaa !!!;senang
kurirnya agak lambat , 3 hari dipegang sama kurir gak diantar antar , dichat gak dibales  Selebihnya okey sepatunya nyaman di pakai , bagus;senang
sepatutnya baguss jangan ragu untuk beli ini sepatu rekomendasi pokoknya;sedih
"sangaat rekomen sih, tidak kalah jauh sari brand"" lain👌🏻";netral
barang bagus sesuai dengan gambar produk di toko;senang
Gokil produk lokal harus maju dinegara nya sendiri .. tapi sekarang pembelian sepatu gada kaos kaki nya ni kaya dulu.. hhmmm..;senang
Sudah menjadi langganan benar-benar awet san modelnya selalu update;senang
Ini yg ke 2xnya pesen, sayangnya ekspedisinya malah ngeselin sicepat puas pokoknya deh;senang
Bagus banget, diluar expetasi. Ukuran 39 pas di kaki 👌 Next bakalan order lagi bakalan jadi langganan deh hehe;senang
bagus bahannya semoga tahan lama terimakasih;senang
Ini ke 3x saya beli barang. Tapi untuk kali ini saya agak kecewa dgn barang yg datang. Krn kalo diliat agak tidam simstris dalam pengerjaan pd bagian belakangnya.   Lebih diperhatikanlagi, lebih teliti lagi dalam pengerjaan. Jgn smpe krn kejar target, hasil akhirnya kurang bagus.;senang
Sesuai bgt pas ukuran, saya suka sekali.. real pict mantabbb;senang
Mantapp barang sesuai kualitas bagus okee;senang
Dah mendarat ,wort it, kece lah brand lokal nih , minus kurang bubble wrap aj sih buat packing pengirimannya , selebihnya bguslah;netral
Bentuk dan ukuran: Cocok Warna: Hitam sesuai yg dipesan;senang
Kualitas the best...next co lagi cintailah produk lokal👍👍👍;senang
Recommend. buat yg lagi nyari spatu. tokonya amanah. spatu.x nyaman.;senang
Wearability: Nyaman banget dipake karna bagian insolenya empuk cuma kerasa sepatunya agak berat tapi overall buat spatu ini mantep;senang
RECOMEND BANGET SI MURAH BARANG BAGUSSSSSS 👍👍👍 DIPAKAI JUGA NAYAMAN 🔥;senang
siluet lumayan menarik, colorwaynya bagus, build quality oke sesuai harga, cukup nyaman dipake jalan;senang
Baguss bangett udah bolak-balik checkout  emang kualitas nya okeyy awett bangett lagii;senang
Bagus banget, suka sama produknya, awalnya sempet ragu, tapi akhirnya co juga😭 Sedikit kecewa karna ga dapet stiker, logo aero bagus, tolong min buatin bonus stiker🙏🙏;senang
ukuran nya pas, saran buat yang lain kalo mau beli lebihin 1 size dari yang biasa dipakai. nyaman dipakai dan slip on, jadi garibet pakai nya;senang
kualitas material dan model bagus. lebih dari cukup untuk harga segitu. kendala di ukuran. entah kenapa berbeda dengan ukuran merk yg biasa saya pakai. untuk aerostreet setingkat lebih besar, ukuran 39 berasa ukuran 40;senang
Baguss bangett pokoknya walaupun ada sedikit potongan yang kurang presisi tapi gapapa tetep bagus bangett;senang
Kualitas oke sesuai pesanan pas dikaki,tapi benang jahitan nya kurang rapi terutama disambungan nya Bentuk dan ukuran: 41;senang
Okay lah ya produk nya Semoga Awet, mungkin Next Di perhatikan Cuttingan produk supaya lebih Rapi.;senang
Lumayan, tapi aerostreet tidak mengakui kesalahan dari pihak internalnya, ukuran (cm) di deskripsi tidak sesuai dengan ukuran (cm) di sepatunya, tidak bisa di retur padahal kesalahan dari pihak mereka (padahal saya mau tuker size bukan balik dana), sekarang sepatunya terlalu kecil & gabisa di pake.;netral
Beli yang ke 2x nya, dulu beli  uk 40 kekecilan,, sekarang mantap lah passs;senang
keren dan pas, semoga awett Bentuk dan ukuran: keren, pas;senang
dari dulu cuma ngeliatin doang karna ragu ragu sekarang nge yakinin buat beli dan ternyata pas dateng bner2 puas liat dari model nya, bahan nya,😁😊;senang
PACKING TER GAK NIAT DARI SELURUH PAKET YANG GW TERIMA, (BAHKAN GW BELI PENA AJA PACKINGNYA LEBIH NIAT) APA COBAK CUMA DI BUNGKUS PLASTIK TIPIS BENING PULAK, AKHIRNYA SOBEK2 DAN UNTUNGNYA SEPATUNYA MASIH UTUH COBA KALO ILANG, TOLONG LAH SEKELAS AERO STREET MASA GA MAMPU PACKING YG AGAK NIAT SEDIKIT;senang
Bagus sepatunya ,kece dan produk asli anak negri sangat recommend untuk dipakai kegiatan sehari2 casual & harga terjangkau dikantong;senang
Bagus . Sesuai . Pass. InsyaAllah tuku maneh nek enek rejeki nek enek rejeki;senang
Barang cepat sampai, puas banget dengan modelnya keren Tapi ada jahitan yg kurang rapi dikit dan belakang sepatu sedikit menguning;senang
Barang bagusss bangget nget nget nget  Spatunya di pakai kaya nginjak bulu haluuuss;netral
Baguss banget barangnya. Cuma packingnya ga pake buble wrap Hanya pakai plastik transparant, overall oke bgt karena kotaknya juga gaada penyok;netral
Bentuk dan ukuran: Sesuai Warna: Sesuai Keren kali;senang
Pengiriman super cepat  Size sepatu jaman Bahan sepatunya bagus serta ringan;senang
Bentuk dan ukuran: Pas Aroma: Baik Daya tahan pakai: Bagus Warna: Sesuai;senang
Bagus tapi sayang aga kekecilan;senang
barang sampai dengan aman lumayan cepat , kualitasi bagus di harga segitu lembut empuk namun agak berat untuk beratnya overall nyaman sih di pke , 😁👍;senang
kualitas bagus bahan juga bagus tapi kurang di rapiin aj msih ad bnyak benang nya;senang
bagus sesuai pesanan bahan nya nyaman di pakai buat harian;senang
"Selalu bagus emang Nih Aerostret,kesukaan saya,terus berinovasi"" yg bagus"" lagi min.";senang
Puas banget harga terjangkau kualitas bagus sesuai pesanan.cm sayangnya pas dikirim hujan2an kurirnya jadi basah boxnya.;senang
keren cuy modelnya, warna mayoritas putih + nyaman dipake, gw puas sih dengan harga segini, apalagi banyak diskonnya;senang
Sepatu nya bagus keren tapi datang datang dalam keadaan box jebol dan juga untuk jahitan nya harus lebih diperhatikan lagi soalnya masih ada jahitan dan lem yang kurang rapi;senang
sepatu ketiga dari aerostreet . senyaman itu sama produk aerostreet .. keren gak harus mahal 😎;senang
barang bagus, sesuai harga harusnya bs lbh baik pakai inner yg lbh lembut + busa. btw bikin sendiri ga bisa... jadi bagus lah  thx pelapak thx toped thx para kurir;senang
Bentuk dan ukuran: Bentuk nya bagus dan ukuran nya pas Warna: Warnya keren;senang
best seller barang realpick Bentuk dan ukuran: sesuai pilihan Daya tahan pakai: bagus Warna: sesuai;senang
Alhamdulilah sepatunya elegant, bagus, enak di pakai, terimakasih sudah memberikan yang terbaik kepada konsumen, semoga berkah terus..;senang
Keren sepatu nya, biasa beli ukuran 42, kali ini beli 40 pas banget;senang
sukaaa bangettt rate 10000/10⭐️⭐️⭐️⭐️⭐️⭐️⭐️;netral
Yes, ngepas di kaki ukuran 44, nyaman dipakenya;senang
Pesanan saya sudah sampai min sepatunya ok bgt real dan sesuai ( pengiriman cepat, kurir ramah, packing rapih ) produk lokal kualitas internasional harga sangat terjangkau semoga awet, sukses terus for Aerostreet !!!;senang
sepatunya bagus, enak dan nyaman di pake stylnya ga main, pokonya terbaik lah, sukses terus;senang
Sepatu ny keren parah,ini beli yang kedua  Kurir ny ramah;senang
kualitas bagus Bentuk dan ukuran: bagus Warna: bagus;senang
Sepatunya bagus saya suka , cuma sampingnya kurang rapih aja ..lain kali bisa dirapihin lagi klo mau pesan 👍🏻👍🏻;senang
Model bagus Ukuran pass Kualitasnya oke banget Recomended buat anak sekolahan;senang
Sepatunya keren abis, harganya merakyat, bangga dengan produk lokal, tingkatkan terus kualitas produknya;senang
Dan seperti biasa gk di kasih Bublewrap jd pd Penyok kardusnya. Pdhl Pengiriman Jauh Bentuk dan ukuran: Sesuai Warna: Sesuai;senang
Mantap lurr pas di kaki, bahan nya soft untuk alas nya niceee;senang
Baguss bangett emang produk nyaa awett jugaa;netral
Mantaaaap.... Nggak pernah bikin kecewa belanja disini 👍👍👍;netral
Sepatu yg ke enam yg aq beli ini keren banget. Semua sepatu dari aerostreet bagus2 pokoknya. Mantul aerostreet.. Mantap produk lokal.;senang
Puas blnj produk aerostreet brg keren 👍👍👍, kurir nya baik n ramah..;senang
kecewa, warna putih yang di atas beda sama warna putih yang di bawah, yang di atas kayak kumuh gitu aneh parah sih ini;senang
ukuran nya pas banget untuk sepatunya baguss simple ga ribet semoga awett terimakasih Aero Street;senang
model cakep, ukuran sesuai, desain simple;senang
Bagus banget nyaman dipakai pokoknya suka banget nggk nyesel beli insyaallah next order🥰;senang
Bagus cuman di bawahnya ada benjolan dikit kurang ke potong;netral
bagus kualitas nya pokonya the best dan recommend;senang
Barang sesuai deskripsi, Recomended seller;senang
barang datang. Bagus  kemasan rapi, nyaman di pakai xie xie;senang
Sesuai deskripsi  Ukuran Joss Kwalitas recommended cm ekspedisi doank yg mengecewakan 😛;senang
barang bagus nyaman di pakai suka pokonya;senang
No 42nya agak kecil tapi masih cukup sih;senang
sepatunya bagus,nyaman dan pas banget ukurannya mudah mudahan bisa awet;senang
Mamtap ok banget. Bentuk dan ukuran: Ok Warna: Sesuai Daya tahan pakai: Ok;senang
Bentuk dan ukuran: bagus, pas Warna: sesuai intinya sepatu nya bagus, ganyesel beli di sini;senang
Kalo aerostreet mah gk udah diragukan lagi walau harga merakyat untuk kualitas bagus lah buat di pake. Terima kasih Aerostreet berkatmu saya bisa pake sepatu yang bagus dengan harga yang murah 😁;senang
Bagus bgttt sepatunya bestt pokoknya mah, bakal langganan bgt ini mah sama aerostreet🤍🤍🤍;senang
Gacorr sesuai bangett sama ekspetasi cuma bintang nya di kurangi 1 karna di chat dimintai ukuran agak judes dengan dus sepatu nya mngkin bisa di lapisi apa gitu biar gak ronyok;senang
Bentuk dan ukuran: Sesuai deskripsi;senang
Deskripsi dan asli tidak sesuai tidak bsa direturn org mau beli patokan nya deskripsi donk;senang
Sampai dengan selamat, 41 pres banget harusnya ambil 42,but its okey tetap puas dngn barangnya.;senang
Keren banget ukurannya pas bentuknya keren, warnanya sesuai;senang
mantap, barang, model, sesuai dg gambar yang ada, bagus. Yang salah saya sendiri, salah ukur panjang telapak kaki😁;senang
sepatu nya bagus cuma saya salah pesan ukuran kebesaran dan saya sudah mengajukan pengembalian barang atau penukaran sepatu tersebut ke ukuran 43 mohon di terima dgn senang hati pengajuan saya;senang
Bentuk dan ukuran: Baguss, sesuai ukuran 40 Warna: Putih hitam;senang
Bentuk dan ukuran: Baguss ga mngecewakan trs ukuran sangatt pas cocok skalii 🥰🥰🥰😍;senang
Packing kurang bagus, barang datang bungkus sudah robek, dan dalam nya kotor,  pengiriman lama banget,;senang
Bentuk dan ukuran: Baguss untuk uk pas ,, next time order lg🔥;netral
Bentuk dan ukuran: Produk lokal yg GK pernah gagal, tadinya pen co yg maximo tapi dah terlanjur yg ini next lain waktu maximo yg jadi inceran;sedih
pengiriman cepat, barang sesuai deskripsi, mantap;senang
kereennnn, udah pesen 2 kli disini, sesuai pesanan dan barang nya bagusss, tidak pernah mengecewakan, berkah selalu min #aerostreet;senang
Bagus dan sesuai sih ini, nyaman dikaki juga enak buat santai;senang
"Barang nya bagus mantap di cobain nyaman banget sampai"" Teman saya maksa mau di beli lagi  Dan kurir nya juga ramah baik";senang
ukuran dan model nya sesuai pesanan, minus cuma berat aja sepatunya;senang
Bentuk dan ukuran: Pass Kualitas josssss banget;netral
Tolong packing nya di tambah biar kotak nya gk penyok penyok;netral
Gak nyangka, ternyata bagus bangetttttt donggg..  murah pula harganyaaa. Semoga awet 🥰;senang
baguss banget, murah tapi ga murahann ❤;senang
Ril pic, nyaman, cocok buat couplean sama ayg;senang
Ril pic, nyaman, cocok buat couplean sama ayg;senang
modelnya keren, nyaman, ukurannya pas! terbaik!!;senang
Bagus, real pict dan ukuran pas;senang
Sepatunya pas, packingan gak banget seadanya aja anjir cuma pake plastik tipis mana gampng bngt koyak,;netral
Keren bgt sesuai sama pic gambar di live dan bhannya premium bgt gak rugi dah pokoknya;senang
jahitan kurang rapih, sepatu kiri mencong;senang
Bentuk dan ukuran: alhamdulilah pas di kaki semoga awet ya min;netral
Sepatu sudah sampai, overall sangat bangus dan original aerostreet 🤩;senang
Sukaa bgt sama sepatunya sampai pun cepet cuma kalau bisa kualitas packingnya ditinggkatkan lagi.;senang
Pengiriman standar,packing aman,barang yg dipesan sesuai,,,bagus bget barangnya real pict....recommend next order dsni lg;netral
Produknya bagus banget sudah pembelian ke 4, online, dan pameran;senang
Ukuran,Model sangat sesuai pesanan..thank you Aero Street👍👍👍;senang
Barang bagus Harga sesuai cocok untuk anak muda;senang
sesuap pesanan dan bagus sepatu nya lebih ringan dan nyaman terima kasih aerostreet 🙏;senang
sesuai expektasi saya dan tidak mengecewakan Bentuk dan ukuran: 41;netral
Bagus, elegan, keren dan juga tidak berat;senang
Mantap kardus masih aman, packing bagus;senang
maap baru kasih ulasan 🙏🙏,barang bagus sesuai sama pesanan terbaik,nyaman di pake;senang
sepatu lokal, keren, berkualitas, harga ramah lingkungan, ini si worth it banger;senang
Di aku kekecilan tapi baguss harus 40 kali;netral
ukuran pas bgt di kaki desain kekinian ok bgt aerostreet.;netral
Selalu pas mantab aero buat kaki lebar top bgt;senang
Sangat bagus, ini sy beli utk adek saya. Karna waktu debat cawapres kemarin Pak wakil presiden yaitu Pak Gibran beli sy pikir ini menarik dan cocok utk adek sy. Terimakasih Aerostreet n Tokped n Tiktok. Semakin sukses n berikan layanan terbaik yaa;senang
Barang nya bagus saat nyampe langsung saya pake👍👍;senang
videonya kepanjangan ga bisa di cut,  pokoknya mantaplah pastinya;senang
Barang sudah mendarat dengan aman, pas nyaman dipakai sesuai yg di harapkan;senang
Wohoo akhirnya punya juga sepatu yg dipake mas gibran;netral
Bagus mantap gak yesel beli produk nya memuaskan kan😁;senang
Bentuk dan ukuran: sesak dikit Aroma: khas spatu baruu Warna: b aja si ANJAYYY;senang
Aaa salah ukuran kekecilan 37 berarti harusnya 38 baguss bangett🥺;marah
Udh yg sekian kalinya beli di toko ini..best pokoknya Bentuk dan ukuran: Pas mantap;senang
Sesuai dengan yang dipesan model dan ukuran;senang
Bagus sesuai;senang
bagus banget kualitas nya 😍;senang
KERENNN IHHH, gaa expect bagusss bgt manaa pengiriman nyaa jugaaa cepet. sepatunyaaa bagus asli kece, apalagi kalo dipake cowoku pst tambah kece nan ganteng angjaiii HEHE. semoga awett yaaaa💋;senang
Pengiriman cepat, barangnya bagus;senang
Barang Bagus Sesuai Pesanan. Saya Suka Produk Bikinan Indonesia.;senang
Trima kasih min, paket sesuai yg di inginkan, kualitas jgn d tanya biar bintang yg berbicara😁😁👍🏻👍🏻👍🏻👍🏻;senang
Makasih Min, ini Sepatu AeroStreet ke 2 gw👍🏻;netral
bagus bgt sepatu nya udah beli yg ke-2 kalinya gk mengecewakan asli cakep bgt sepatu nya;senang
Sesuai, bagus,;senang
mantap sepatu keren harga murah 😍🥰;senang
Barang sesuai expetasi thanks aerostreet sangat recomandad;senang
Overall bagussss ngga pernah ngecewain kalo produk dari aerostreet tuh😩;netral
cocok utk hampir semua outfit yg biasa kupakai HEHE. suka banget. thanks aerostreet🤎;senang
Barang selesai dan sesuai dengan yang saya pesan, semoga awet;senang
Gk nyesel pokoknya,,dah sering beli,,the best pokokny;senang
Barang ya udah sampai bagus bngt pas di kaki Rekomend bngt poko ya gx yesel poko ya..;senang
Sepatu nya bagus banget sesuai gambar;senang
Mantap bagus . Pengiriman cepata  Kualitas okeh;senang
🔥🔥🔥menyala aero;netral
Keren sesuai ekspektasi.....;senang
Sesuai pesanan,, pengiriman cepat. Jos pokok nya. Gak bakalan kecewa;senang
Selalu puas sama produk aero, spatunya awet bgt ♥️;senang
sepatunya keren banget pokok nya kualitas nya mantap😍👍;senang
Keren bgt sih ini. Produk aero street emang gaperna gagal 🫶;senang
mantapp, keren juga ini sepatunya, ukuran pas, pengiriman juga cepet, makasih gan 👍👍👍👍👍;senang
Ada jaitan sekitar 1-2cm di ooutsol putih luarnya jelas banget, mau di ilangin susah harus di cabut jadi ribet, kecewa dikit. Insol kaki enak empuk, outsol nya berat banget jaitan biasa aja. Lumayan dengan harga segitu minus kecewa cacat jaitan di outsol aja, sekelas brand lokal terkenal sayang.;senang
Mantap, pas dan empuk enak dipake👍;senang
Bagus pas di kaki, semoga awet;senang
Bentuk dan ukuran: Sesuai semoga awet sepatu nya;senang
Gabisa berword2, langsung co aja cuy👍🏻;senang
sempurna;senang
Bagus & rapi, the best deh pokok nya;senang
Modelnya keren, nyaman dipake dan pas;senang
Kualitasnya bagus tapi ukurannya tdak sesuai dg keterangan yg ada, Ketnya no 37 ukurannya 24.4 sedangkan yg datang no 37 ukurannya 23.9;senang
ya sesuai dwngan harga segitu tidak berharap banyak dengan barang ini;senang
warna,,ukuran dan model pas...aerostreet tdk prnh mengecewakan...;netral
Bagus tapiiiii apa nungguin ya  Gak bisa buat upacara tadi aku di hukum  Gara gara pake sepatu ini;senang
Cocok kan di endorse gak nie @areostreet;senang
Mantaapppp polll pokoknyaaa Tali nyaa ganti wrna item juga cakeppp;netral
Jahitannya masih banyak yg gak rapi;senang
Bagus banget, nyaman di pake 🥰;senang
alhamdulillah barang baguuss... ringan yaa ga berat.. sole kokoh .. smoga awet;senang
Pengiriman cepat barang diterima dengan baik, sesuai dengan ekpetasi mantull😁🙌real pict;senang
Wih keren banget dengan harga yang sangat ekonomis dan kwalitas nya bintang 🌟🌟🌟🌟🌟;senang
Mantep bagus sesuai gambar alhamdulillah ga ada cacad;senang
terima kasih barang sesuai pesanan pengiriman lumayan cepat,;senang
Labubu lalabubu labubu la lalabubu labubu;netral
bahan bagus,empuk,kualitas bintang 5;senang
Bagus sepatunya.pengiriman cepat sekali 2hari baru sampek.makasi titok;senang
Alhamdulillah keponakan suka, gak tau brangnya kek gmna tpi keponakan tlp girraaang bgt hehehehhe. Percaya sma kualitas aerostreet deh;senang
Sepatu nya keren sesuai dengan gambar👍👍;senang
Soal barang gausah ditanya madev banget;netral
Barang sudah d terima, barangnya bagus dan cool, mantap 👍, trimakasih 🙏🏻;senang
Pertama kali beli. Ternyata sekeren itu😍;senang
Sipp terbaik aerostret semoga harganya stabil ya biar bisa koleksi banyak;senang
sepatu bagus,tebel  CUMAAA PERHATIKAN PENGIRIMAN ALANGKAH BAIKNYA MEMAKAI BUBLE WARP!!;senang
harga kaki 5, kualitas bintang 5;senang
Podo apik e . Panggah oke pokok e. Sesuai kabeh..;senang
Real pic sepatunya suka🤩pas di kaki anakku;senang
kirain ada kaoskakinya . tapi bagus kok;senang
Emang boleh sebagus ini??? Asli gak nyesel beli sepatu ini buat suami bagooos bgt, ga lebay tapi emg sebagus ini woy buruan beli sebelum kehabisan;senang
Barang bagus sesuai, ukurannya pass;senang
Sepatunya keren...pengiriman sangat cepat..dapat harga nyungsep lagi terima kasih tiktok dan Aerostreet;senang
Barangnya bagus dan datang dengan selamat;senang
Alhamdulillah mendarat dengan selamat,pembelian yang ke 2 ,semoga slalu di beri rejeki lncar besok beli lagi;senang
Bagus barangnya, pengantaran cepat;senang
Warna: Sesuai Bentuk dan ukuran: Pas;senang
bagusss oiiii🥹😍😍😍😍😍😍 yuk support produk lokallll🥰;netral
Barang sesuai pesanan terimakasih min👍🏼👍🏼👍🏼👍🏼;senang
barang sudh sampai ,sesuai dengan yg di pict;senang
Yuhuuuu, keren abisss pokok nyaaa, puas make aerostreet, the best lah;senang
Terima kasih banyak, sesuai dengan yang diharapkan;senang
Mantapp, joss barangnya. Pengiriman cepat poll;senang
Sudah sampai paketannya ....real produknya;netral
mantuuulll Bentuk dan ukuran: pass;netral
Mantap seller fast response;senang
Ehh kalian harus beli plis ini bagus bgtttttt;senang
Bagus,keren, pengiriman cepat Terima kasih.;senang
makasii adik aku sneng aku kadoin sepatu ini 🥰🥰;netral
Real pict.. Suka sekali..;senang
Keren banget sepatunya... sepatu aero terkeren yg gue punya;senang
bagus. ukuran pass yg d inginkan mantap lah pokok nya;senang
Pas di kaki dan nyaman;senang
Sepatu y bagus;senang
Sepatutnya keren, ukuran ngepress banget;senang
Bagus sekali 100%💥;senang
Seperti biasa sepatunya bagus udah 2 kali beli tidak mengecewakan, good job aero!;senang
Jahitan kurang rapi  Tapi oke lah;senang
thanks seller user suka buat kado ultah semoga berkah buat semuanya aminnn;senang
Bagus,mantap kali;netral
Top lah poko nya ga nyesel beli brand ini😍😍;netral
Bentuk dan ukuran: Sesuai Warna: Ok;senang
Alhamdullah udah sampai. Belum sempet di buka karna lagi di luar, semoga sesuai. Makasih seller ...;senang
Bagus. Pengiriman cepat. Sesuai pesanan;senang
Bentuk dan ukuran: 43 Warna: Hitam putih;netral
Bagus banget sesuai di gambar 🥰;senang
AeroStreet mmg yaaa... Cakeepp tenan rekkkk Suwun;netral
minta hitam putih yg datang warna putih doang....official store nguwaworr 😹😹  tapi soal kualitas boleh²✌️✌️;netral
Suka buat kado ayanggg🔥🔥🔥💥☄️;senang
Sesuai dekripsi mantap rekomen bangtt;senang
Desain sama bahan nya bagus;senang
Bagus alhamdulilah udah yang ke 3 kalinya;senang
Bentuk dan ukuran: Sangat pas Aroma: Seperti aroma sepatu baru pada umumnya Daya tahan pakai: Okee cocok untuk jalan-jalan Warna: Bagus tidak terlalu mencolok;senang
Improve nya bagus untuk Hoops Low 2.0, insole nya bagus plus gak ada lagi tempelan di belakang outsole. Saya puas buat improve nya. Kalo bisa buat Hoops warna lain bisa dibuat juga versi 2.0 nya. Sukses terus Aerostreet.;senang
Sesuai ekpestasi 😻;senang
modelnya bagus, bahannya ga murahan, pasti awet tahan lama, dipake nyaman bgt di kaki;senang
acking rapi aman pengiriman cepat barang kualitas ok semoga awet dan tahan lama udah order ke dua kali jadi langganan aero street lem kuat dan tahan lama nyaman di pake;senang
Biar bintang yg menilai 🔥🔥🔥🔥🔥🔥;senang
Sepatunya bagus dipakai enak enteng, cuma sy ambil ukuran spantunya salah kurang gede dikit harusnya 43, ini ukuran 42;senang
Bentuk dan ukuran: pas banget loh ya Aroma: aroma pabrik loh ya Daya tahan pakai: semoga awet loh ya Warna: warna nya ga pudar loh ya btw ini kok ada minus di outsolnya wak, ada coretan pulpen tapi gapapa loh ya ga ngaruh;senang
Bahannya bagus, ukurannya Indonesia bangettt Aku pikir ukuran 40 bakalan pas banget ternyata agak besar;senang
ukuran pas gk kebesaran gak kekecilan. bahan bagus. worth it lah untuk harga segini;senang
bagus banget sepatu nya tapi sayang kardusnya aga rusak padahal buat jadian aniv;senang
agak kekecilan untuk ukuran 40,biasanya pake 40 agak longgar ini ngepres,tapi ok sih,cuma pengiriman agak lama diekspedisinya;senang
Mantaap,,saya suka saya suka kualitas bahan bagus murah bukan murahan;senang
Sesuai pesanan, barang cepet sampai nya. Mines nya cuma agak kotor dikit dan dus nya penyok;senang
Bentuk dan ukuran: Bentuknya sesuai gada penyok sama sekali & ukurannya pas🤩 Warna: Warna sesuai dengan yang di gambar, tdk ada noda sedikitpun;senang
modelnya keren, tapi ada bekas kuning2 di bagian sol belakang kayaknya efek cetakan sol nya yaa potongan di bagian bawa juga masih ada burry nya belum cukup dirapihin finishingnya  but overall tetep oke kok dengan harga segitu 👌;senang
Barang bagus sesuai foto cuma sayang kardusnya penyok tapi barang aman;senang
Sepatunya lumayan bagus tapi klo dibandingin mending sklian beli seri hoops gen pertama aja, agak beda sama gen keduanya, untuk detail bagus dari segi bahan tapi bagian sol bawah ada yg ga kepotong sisa karetnya jd nya kurang rapi aja terus pas pengiriman packing nya ga pke bblle warp. Kcwa dikit;senang
Sesuai pesanan  ,mantap .jadi pengen beli lagii hahahahahah🤣🤣🤣 🤩🤩;senang
Bentuk dan ukuran: Pas;netral
Semuanya bagus cuman ada part² yang hasil potongnya kurang rapih :) overall semuanya good;senang
Produk lokal yg satu ini emang terbaik. Selalu berinovasi. Sepatunya kece nyaman dipake. Sebaiknya ukurannya dilebihin kalau beli, toleransi 1-2cm.;senang
Dapet promo & voucher harga dibawah 100k, langsung gass CO hehehe... tapi sepatu sebelah kanan dibagian belakang yang di logo aero agak sedikit kurang presisi. tapi overall oke;senang
Bentuk dan ukurannya bagus nyaman  Solnya enak di pakai berjalan ringan terima kasih;senang
oke mantap ukurannya walau kepanjangan dikit;senang
Bentuk dan ukuran: Pas banget Warna: Mantap murah tapi tidak murahan, salah satu tipe sepatu brand lokal rekomended;senang
Bentuk dan ukuran: Kece badai, ukuran pas mantap Daya tahan pakai: Bakal awet sih Warna: Mantap tuh;senang
Mantap, barang sudah diterima Bentuk dan ukuran: Sesuai Warna: Bagus Aroma: Seperti barang baru pada umumnya Daya tahan pakai: Belum diketahui;senang
Sepatu NYA JELEK , BUTUT mau beli lagi buat istri;marah
overall bagus sih cuma ngepas bgt nyesel ga lebihin size  tapi selebihnya oke enak dipake nya;senang
Bahan bagus mines tampilan luarnya masih banyak benang yang belum dipotong;senang
Bentuk dan ukuran: Pas di kaki Daya tahan pakai: Blm di coba,, smoga awet smpe 3th Aroma: Lembut;senang
Saya saranin di belii ajaa bagus banget ini Bentuk dan ukuran: Pas 43 Warna: Hitam putih Aroma: Aroma sepatu baru Daya tahan pakai: Moga tahan lama;senang
Shape and size: Cocok,pas dan tentunya nyaman;senang
sepatunya okee bgt, tapi dus nya rusak mungkin kesalahan ekspedisi nya;marah
Mantep Bentuk dan ukuran: Ke  kecilan kyakny tpi gk pp tetap bagus;senang
"Udh paling the best kalau produk lokal ini, saya pernah beli dri thun 2022 sampe sekarang masih kepake sampe kuliah wkwk, soalnya sepatunya kuat bgt nyaman pula, warna putihnya juga ga mengkuning sampe skrng gara"" Pemakaian, ini ku beli lagi buat adek soalnya saya masih pke yg lama❤";senang
Memang tidak diragukan🙂‍↕️;sedih
Warna: Cakep, sesuai sama yg d video Bentuk dan ukuran: Bentuknyaa bagus dan pas ukurannyaaa nyaman d pake.;senang
Mantap pengiriman cepat dan kualitas ga usah di ragukan;senang
Sesuai pesanan, ukuran pas, kualitas bagus;senang
bagusss. sizenya ngepas bgt yaa tapi masih nyaman, kalo mau agak longgaran saran aja nakin 1 size nyaa;senang
Ternyata emang sekeren itu sepatu aerostreet Semoga awet ya :);senang
Barang bagus , original, pengiriman cepat banget 2 hari sampe;senang
Cepet banget sampai nya,real pict juga ternyata. Pas banget ukurannya;senang
Daya tahan pakai: Sepatunya awet dan kuat;senang
Baru kirim ulasan   Barang cepat sampe ngga nyangka padahal jauh Barang mantap ngga ada kekurangan;senang
mantab sesuai pesanan;senang
Warna sesuai,bagus tidak mengecewakan;marah
kurang suka, sepatu kiri zonk, talinya kurang panjang, kurang rapi dari bentuk sepatu kirinya, bagusan kanan;senang
Sepatunya bagus banget, pacar aq suka Vidionnya ada di tiktok aq, krna mau upload disini durasi ngak cukup😊 Kualitasnya oke, wlaupun ada sedkit jahitan yg ngak rapi, tapi overall bagus banget 👍🏻👍🏻;senang
bagus sih Literally perfect banget, brand lokal ini bener bener bagus banget sangat rekomen 100%💫;senang
Bentuk dan ukuran: Sangat menarik ukuran juga pas sekali pokoknya mantap lah;senang
Barang bagus,ukurannya pas,,pokoknya tidak mengecewakan;marah
Barang original, bagus bgt realpict, recomend pokoknya;senang
Bentuk dan ukuran: Sesuai gambar Aroma: Harum Daya tahan pakai: Semoga aman sampai lama;senang
Enak di pake, nyaman, bisa buat main sama acara wisuda sodara;senang
bagi, mau ambil yg 40 udh habis jadi 39 aga sempit sedikit tapi gapapa, kalo udh sempit bgt mau beli lgi;senang
Thanks aero. Baru di unboxing belom dicoba, semoga awet. Overall semua nya aman mungkin minus 1 aja ada sisa-sisa lem yg masih membekas di sisi sepatu, selebihnya aman.👍;senang
Cuttingannya kurg rapi jadi dibawah telapaknya masih ada karet yg nonjol. Terus di solenya yg warna putih kaya masih ada sisa karet yg potongannya kurg rapi. Kalo dihalusin baru ok 👍;senang
Barang sudah diterima. Box tidak rusak. Sizenya pas dikaki anak saya. Sepatunya keren. Anak saya suka sekali. Berikutnya bakal pesan disini lagi. Produk lokal tapi berkualitas. Mantappp ! Terimakasih.;senang
Sesuai sayangnya paketnya cman di pakek i plastik doang jadi box nya rusak;senang
Bentuk dan ukuran: Sangat puas Aroma: Baru Daya tahan pakai: Joss. Sdh terbukti Warna: Bagus;senang
Bentuk dan ukuran: Sesuai Aroma: Good Daya tahan pakai: Semoga awet Sesuai harapan terimakasih aerostreet  Sudah langganan dari dulu🙏;senang
Kualitas bagus dengan harga yang ramah dikantong,barang yang dikirim sesui;senang
Sepatu nya keren, ukuran nya pas, sepatu nya juga nyaman;senang
barang bagus sesuai pesanan Bentuk dan ukuran: baik Warna: sesuai;senang
Bagus sepatu nya, sayang no 42 nya ngepas bgt di anak ku jdnya sakit KLO dipake. pdhl masih kls 2 SMP.. next harus beli no 43😅;senang
Bagus sesuai gambar dan seperti biasanya karena toko oficial tetap 👍;senang
Sepatunya keren sesuai sama harganya, cuma saya saranin buat up size karna takutnya kekecilan. semangat terus... support produk lokal!;senang
Sepatunya udah nyampe tp ko ngemasnya kurang rapih jdi sobek dusnya sepatunya sih ok mantap;senang
Sebenarnya bangus cuman masih banyak benang² yang opsed tolong di perhatikan lagi....yaa untuk sepatu harga segitu wo lah;senang
sesuai deskripsi, bagus, pengiriman cepat;senang
Bagus  sesuai apa yang saya harapkan;senang
Bentuk dan ukuran: pas Warna: keren udah lama langganan beli sepatu d sini emang wort it dari dulu;senang
Bentuk dan ukuran: pass bagusss bahannya untuk hargaa segituu😁;netral
bagus banget pokoknya mah, warna, bahan, kenyaman, cakep semuaaaaaa. minusnya cuma gak dapet freebies tapi overall udah cakep banget dah;senang
Bagus Kualitasnya,tapi pas sampai ada sedikit noda di sepatu nya;senang
Bagus cuman ya benangnya ada yang menonjol tapi enggak tau untuk ketahan sepatunya semoga awet lah😁;senang
Top;netral
Terlalu buru2 beli krna gada ukuran 44 kosong terus ambil nya 42 malah seret ngepas;sedih
biasa pakek ukuran 42 tapi di sini ukuran 42 nya kecil bgt next klo order lagi berarti harus naik 1 nomer dari ukuran biasa.;senang
Bagus tapi finishing nya diperhatikan lagi, ya walaupun dapat harga 130an worth it lah;senang
klo aerostreet mah gausah di tanya kualitasny..GACORRR;netral
Bentuk dan ukuran: up 1 size dari size biasanya Warna: mantap;senang
Gak nyangka si kualitasnya sebagus ini untuk harga sepatu di bawah 200K;netral
Insole nya kureng, ga rata bikin sakit kaki saat pake jalan lama;marah
Bagus banget Dengan harga segini;senang
Penguriman cepat ,kurir ramah,barang bagus ,rekomend dch,,yg pd mau co ,jangan ragu,,d jamin bakal ketagihan;senang
Pas bgt di kaki;netral
Barang bagus tapi lumayan berat sihh Pekinganya rapi pengiriman juga cepat sihh;senang
Bagus ,cuma kurang besar co 41, size 42 nya kosong;senang
ukuran kurang pas. biasanya beli ukuran segitu sudah pas. kurang beruntung saya.;senang
Cakep pol... Harga segitu berasa ga percaya dapat sepatu secakep ini... Semoga suami ku senang..🥰;senang
Mantab sekali barangnya gak nyesel beli produk lokal ini real pick sekali Terimakasih seller amanah dan kurir andalan 👍;senang
keceee minn, wajib beli nihh buat pecinta hoops AEROSTREET;senang
Barangnya sudah sampai, sangat suka sekali sama sepatunya pas dan nyaman d kaki, makasih seller dan tiktok;senang
Bahannya bagusss;netral
Cakeppp polll.Sebenar nya beli untuk suami,tpi,Sepatu nya udah di kirim ke kampung,karna ipar minta.Gak sempat  order lgi keburu yg bawah udah mau pulang,ya,udah di iklas in aja.Mau repeat order,ternyata size suami udah abisss..;marah
Bentuk dan ukuran: Enak di pakai Warna: Sesuai di foto;senang
packingnyanya rapih, bahannya the best bangettt, desainnya juga oke ketceehhh bangettt pokoknyaaaa mauuu pesan lagii untuk cewek, soalnya yg pertama untuk cowok, pokoknyaaa gokillll parahh ini mahhhh;senang
Kualitas sangat baik, semoga awet, next order lagi;senang
Selalu beli sepatu aerostreet krn kualitas bagus dan model sepatunya keren;senang
Brang real pick asli diluar dugaan keren;senang
keren banget pokonya love banget...;senang
Selalu repeat sama lokal brand ini, the best kualitasnya;senang
bagus   tp adek sya kurang besar jadi nya pesan lagi;senang
Bagus Agak kekecilan padahal sdh d lebihin 1 size;senang
Ya cocok dengan diskripsi;senang
sesuai pesanan bagus rapih pas banget dikaki;senang
Thanks brgnya sdh diterima sesuai pesanan, hy ukurannya lebih kecil;senang
ternyata ga sesuai dengan deskripsi untuk panjang ukuran saya beli 37 di deskripsi 24,4 ternyata datengnya 23,9;senang
Barangnya bagus bnget gak nyesel belinya sesuai sama expetasi;senang
Modelnya bagus,cocok buat anak muda dan sepatunya ringan...;senang
jaitan kurang rapih, tpi sisanya oke sih 👍;senang
Udah gk heran lagi sama kualitan aerostreet, mantapp 🫰🫰🫰;senang
jahitannya ada yang masih belum rapi;senang
Barang mantap sesuai dan pas,rekomended bnget aerostreet ini;senang
Mantap sesuai dan bagus...recom banget buat semua.yang g order nyesel;senang
Bagus banget anak saya suka, minta saran gmna cara cuci sepatuya biar awet... Ini beli yg ke 2 kali ya, yg 1 blum ad 1 tahun udah rusak 🙏;senang
Bentuk dan ukuran: Jadi candu produk lokal 1 ini wkwkwk;marah
Baguss, kualitas oke, harga worth it bgttt;senang
Puas bwangt  Udah kesekian kalinya beli prodak ini Asli GK kecewa Yg ada mah puas pke bwangt Maaf GK sempat ke foto barangx udah keburu di kasih oleh tuannya;senang
bagus cuman ada bercak titik;senang
sepatunya lumayan bwt ke sekolah, anak saya suka;senang
kualitas bagus, anak saya puas dengan barangnya;senang
bjiirr sukaaak... cakep parah dahal produk lokall..ga nyesel beliii.. sayang ga evidence pas unboxing krn kukira dh on trnyata belom😭;senang
barang memuaskan tidak ada foto karena malas hehehehe;netral
Bentuk dan ukuran: Pas dn sesuai. Kereenn;senang
Terima kasih min barangnya sampai tepat waktu  Kualitas bagus harga ekonomis;senang
sepatunta bagus, sesuai sama gambarnya, terima kasih;senang
Keren tidak ada cacat dan emang produk spatu aerostreet keren;senang
Produk nya keren  Tapi saran awak klo bisa kasih lah kaos nya min😁;senang
Keren bagus ukuran pas cakep aerostreet the best;senang
kali kedua beli..tp aga beda keliatannya dari waktu pertama beli😅;netral
Lokal berani bersaing. Harga murah, tapi tidak murahan. Mantap aerostreet ⭐️⭐️⭐️⭐️⭐️;senang
kecewaaa  sepatu nya bagus si tapi kecewaa size nya kebesaran 😭;senang
pengiriman cmn 1hri? yang bener ajaa;netral
Pengiriman cuma 1hari? Serius? Aku check outnya senin loh.. masa iya selasa udah dateng aja barangnya.. dan juga Kurir ramah sekali pula;senang
Sesuai dengan gambar, ukuran sesuai, semoga nanti bisa dapat promo lagi dari aerostreet;senang
Bagus bangetttt tapi Saran ngambil UK nya lebih 1 size dari size biasanya;senang
100% recommended;netral
Barangnya sudah sampai ..barang bagus , pengiriman cepet;senang
Pas dan bagus kualitasnya;senang
Sepatu ini sangat tidak nyaman! Saya tidak bisa berjalan dengan baik setelah memakainya.;marah
Kualitas jahitan sangat buruk, sepatu langsung robek setelah dipakai satu kali!;marah
Ukuran yang saya terima jauh lebih kecil dari yang dipesan, sangat mengecewakan!;marah
Warna sepatu yang saya terima tidak sesuai dengan gambar di website, sangat menipu!;marah
Pelayanan pelanggan sangat buruk, tidak ada tanggapan sama sekali setelah saya komplain!;marah
Sepatu ini sangat berat dan tidak nyaman dipakai, saya merasa sangat kecewa!;marah
Setelah satu minggu, sol sepatu ini sudah mulai terlepas, kualitasnya sangat buruk!;marah
Saya merasa ditipu karena produk yang saya terima tidak sesuai dengan deskripsi!;marah
Harganya mahal, tetapi kualitasnya sangat mengecewakan, saya tidak akan membeli lagi!;marah
Sepatu ini sangat tidak tahan lama, hanya dipakai beberapa kali sudah mulai rusak!;marah
Saya sangat marah karena pengiriman terlambat dan tidak ada informasi dari penjual!;marah
Desainnya terlihat bagus, tetapi kualitasnya sangat buruk, saya sangat kecewa!;marah
Saya tidak akan merekomendasikan sepatu ini kepada siapa pun, sangat mengecewakan!;marah
Setelah mencoba, saya merasa sepatu ini sangat tidak nyaman dan menyakitkan!;marah
Saya berharap bisa mendapatkan pengembalian uang, tetapi tidak ada respon dari penjual!;marah
Sepatu ini sangat licin, saya hampir jatuh beberapa kali, sangat berbahaya!;marah
Saya merasa sangat kecewa karena tidak ada garansi untuk produk ini!;marah
Kualitas bahan sangat buruk, saya merasa ditipu dengan harga yang saya bayar!;marah
Sepatu ini tidak sesuai dengan ekspektasi saya, sangat mengecewakan!;marah
Saya sangat marah karena sepatu ini tidak cocok untuk aktivitas sehari-hari!;marah
Setelah satu bulan, sepatu ini sudah mulai robek di bagian samping!;marah
Saya tidak puas dengan pembelian ini, sangat mengecewakan!;marah
Sepatu ini sangat tidak nyaman, saya merasa sakit setelah memakainya!;marah
Saya merasa ditipu karena produk yang saya terima sangat berbeda dari gambar!;marah
Pelayanan pelanggan sangat buruk, tidak ada tanggapan setelah saya menghubungi!;marah
Saya sangat kecewa karena sepatu ini tidak sesuai dengan ukuran yang saya pesan!;marah
Harganya mahal, tetapi kualitasnya sangat buruk, saya tidak akan membeli lagi!;marah
Sepatu ini sangat berat dan tidak nyaman dipakai, saya merasa sangat kecewa!;marah
Setelah satu minggu, sol sepatu ini sudah mulai terlepas, kualitasnya sangat buruk!;marah
Saya merasa ditipu karena produk yang saya terima tidak sesuai dengan deskripsi!;marah
Warna sepatu yang saya terima tidak sesuai dengan gambar di website, sangat menipu!;marah
Pelayanan pelanggan sangat buruk, tidak ada tanggapan sama sekali setelah saya komplain!;marah
Sepatu ini sangat tidak tahan lama, hanya dipakai beberapa kali sudah mulai rusak!;marah
Saya sangat marah karena pengiriman terlambat dan tidak ada informasi dari penjual!;marah
Desainnya terlihat bagus, tetapi kualitasnya sangat buruk, saya sangat kecewa!;marah
Saya tidak akan merekomendasikan sepatu ini kepada siapa pun, sangat mengecewakan!;marah
Setelah mencoba, saya merasa sepatu ini sangat tidak nyaman dan menyakitkan!;marah
Saya berharap bisa mendapatkan pengembalian uang, tetapi tidak ada respon dari penjual!;marah
Sepatu ini sangat licin, saya hampir jatuh beberapa kali, sangat berbahaya!;marah
Saya merasa sangat kecewa karena tidak ada garansi untuk produk ini!;marah
Kualitas bahan sangat buruk, saya merasa ditipu dengan harga yang saya bayar!;marah
Sepatu ini tidak sesuai dengan ekspektasi saya, sangat mengecewakan!;marah
Saya sangat marah karena sepatu ini tidak cocok untuk aktivitas sehari-hari!;marah
Setelah satu bulan, sepatu ini sudah mulai robek di bagian samping!;marah
Saya tidak puas dengan pembelian ini, sangat mengecewakan!;marah
Sepatu ini sangat tidak nyaman, saya merasa sakit setelah memakainya!;marah
Saya merasa ditipu karena produk yang saya terima sangat berbeda dari gambar!;marah
Pelayanan pelanggan sangat buruk, tidak ada tanggapan setelah saya menghubungi!;marah
Saya sangat kecewa karena sepatu ini tidak sesuai dengan ukuran yang saya pesan!;marah
Harganya mahal, tetapi kualitasnya sangat buruk, saya tidak akan membeli lagi!;marah
Sepatu ini sangat berat dan tidak nyaman dipakai, saya merasa sangat kecewa!;marah
Setelah satu minggu, sol sepatu ini sudah mulai terlepas, kualitasnya sangat buruk!;marah
Saya merasa ditipu karena produk yang saya terima tidak sesuai dengan deskripsi!;marah
Warna sepatu yang saya terima tidak sesuai dengan gambar di website, sangat menipu!;marah
Pelayanan pelanggan sangat buruk, tidak ada tanggapan sama sekali setelah saya komplain!;marah
Sepatu ini sangat tidak tahan lama, hanya dipakai beberapa kali sudah mulai rusak!;marah
Saya sangat marah karena pengiriman terlambat dan tidak ada informasi dari penjual!;marah
Desainnya terlihat bagus, tetapi kualitasnya sangat buruk, saya sangat kecewa!;marah
Saya tidak akan merekomendasikan sepatu ini kepada siapa pun, sangat mengecewakan!;marah
Setelah mencoba, saya merasa sepatu ini sangat tidak nyaman dan menyakitkan!;marah
Saya berharap bisa mendapatkan pengembalian uang, tetapi tidak ada respon dari penjual!;marah
Sepatu ini sangat licin, saya hampir jatuh beberapa kali, sangat berbahaya!;marah
Saya merasa sangat kecewa karena tidak ada garansi untuk produk ini!;marah
Kualitas bahan sangat buruk, saya merasa ditipu dengan harga yang saya bayar!;marah
Sepatu ini tidak sesuai dengan ekspektasi saya, sangat mengecewakan!;marah
Saya sangat marah karena sepatu ini tidak cocok untuk aktivitas sehari-hari!;marah
Setelah satu bulan, sepatu ini sudah mulai robek di bagian samping!;marah
Saya tidak puas dengan pembelian ini, sangat mengecewakan!;marah
Sepatu ini sangat tidak nyaman, saya merasa sakit setelah memakainya!;marah
Saya merasa ditipu karena produk yang saya terima sangat berbeda dari gambar!;marah
Pelayanan pelanggan sangat buruk, tidak ada tanggapan setelah saya menghubungi!;marah
Saya sangat kecewa karena sepatu ini tidak sesuai dengan ukuran yang saya pesan!;marah
Harganya mahal, tetapi kualitasnya sangat buruk, saya tidak akan membeli lagi!;marah
Sepatu ini sangat berat dan tidak nyaman dipakai, saya merasa sangat kecewa!;marah
Setelah satu minggu, sol sepatu ini sudah mulai terlepas, kualitasnya sangat buruk!;marah
Saya merasa ditipu karena produk yang saya terima tidak sesuai dengan deskripsi!;marah
Warna sepatu yang saya terima tidak sesuai dengan gambar di website, sangat menipu!;marah
Pelayanan pelanggan sangat buruk, tidak ada tanggapan sama sekali setelah saya komplain!;marah
Sepatu ini sangat tidak tahan lama, hanya dipakai beberapa kali sudah mulai rusak!;marah
Saya sangat marah karena pengiriman terlambat dan tidak ada informasi dari penjual!;marah
Desainnya terlihat bagus, tetapi kualitasnya sangat buruk, saya sangat kecewa!;marah
Saya tidak akan merekomendasikan sepatu ini kepada siapa pun, sangat mengecewakan!;marah
Setelah mencoba, saya merasa sepatu ini sangat tidak nyaman dan menyakitkan!;marah
Saya berharap bisa mendapatkan pengembalian uang, tetapi tidak ada respon dari penjual!;marah
Sepatu ini sangat licin, saya hampir jatuh beberapa kali, sangat berbahaya!;marah
Saya merasa sangat kecewa karena tidak ada garansi untuk produk ini!;marah
Kualitas bahan sangat buruk, saya merasa ditipu dengan harga yang saya bayar!;marah
Sepatu ini tidak sesuai dengan ekspektasi saya, sangat mengecewakan!;marah
Saya sangat marah karena sepatu ini tidak cocok untuk aktivitas sehari-hari!;marah
Setelah satu bulan, sepatu ini sudah mulai robek di bagian samping!;marah
Saya tidak puas dengan pembelian ini, sangat mengecewakan!;marah
Sepatu ini sangat tidak nyaman, saya merasa sakit setelah memakainya!;marah
Saya merasa ditipu karena produk yang saya terima sangat berbeda dari gambar!;marah
Pelayanan pelanggan sangat buruk, tidak ada tanggapan setelah saya menghubungi!;marah
Saya sangat kecewa karena sepatu ini tidak sesuai dengan ukuran yang saya pesan!;marah
Harganya mahal, tetapi kualitasnya sangat buruk, saya tidak akan membeli lagi!;marah
Sepatu ini sangat berat dan tidak nyaman dipakai, saya merasa sangat kecewa!;marah
Setelah satu minggu, sol sepatu ini sudah mulai terlepas, kualitasnya sangat buruk!;marah
Saya merasa ditipu karena produk yang saya terima tidak sesuai dengan deskripsi!;marah
Warna sepatu yang saya terima tidak sesuai dengan gambar di website, sangat menipu!;marah
Pelayanan pelanggan sangat buruk, tidak ada tanggapan sama sekali setelah saya komplain!;marah
Sepatu ini sangat tidak tahan lama, hanya dipakai beberapa kali sudah mulai rusak!;marah
Saya sangat marah karena pengiriman terlambat dan tidak ada informasi dari penjual!;marah
Desainnya terlihat bagus, tetapi kualitasnya sangat buruk, saya sangat kecewa!;marah
Saya tidak akan merekomendasikan sepatu ini kepada siapa pun, sangat mengecewakan!;marah
Setelah mencoba, saya merasa sepatu ini sangat tidak nyaman dan menyakitkan!;marah
Saya berharap bisa mendapatkan pengembalian uang, tetapi tidak ada respon dari penjual!;marah
Sepatu ini sangat licin, saya hampir jatuh beberapa kali, sangat berbahaya!;marah
Saya merasa sangat kecewa karena tidak ada garansi untuk produk ini!;marah
Kualitas bahan sangat buruk, saya merasa ditipu dengan harga yang saya bayar!;marah
Sepatu ini tidak sesuai dengan ekspektasi saya, sangat mengecewakan!;marah
Saya sangat marah karena sepatu ini tidak cocok untuk aktivitas sehari-hari!;marah
Setelah satu bulan, sepatu ini sudah mulai robek di bagian samping!;marah
Saya tidak puas dengan pembelian ini, sangat mengecewakan!;marah
Sepatu ini sangat tidak nyaman, saya merasa sakit setelah memakainya!;marah
Saya merasa ditipu karena produk yang saya terima sangat berbeda dari gambar!;marah
Pelayanan pelanggan sangat buruk, tidak ada tanggapan setelah saya menghubungi!;marah
Saya sangat kecewa karena sepatu ini tidak sesuai dengan ukuran yang saya pesan!;marah
Harganya mahal, tetapi kualitasnya sangat buruk, saya tidak akan membeli lagi!;marah
Sepatu ini sangat berat dan tidak nyaman dipakai, saya merasa sangat kecewa!;marah
Setelah satu minggu, sol sepatu ini sudah mulai terlepas, kualitasnya sangat buruk!;marah
Saya merasa ditipu karena produk yang saya terima tidak sesuai dengan deskripsi!;marah
Warna sepatu yang saya terima tidak sesuai dengan gambar di website, sangat menipu!;marah
Pelayanan pelanggan sangat buruk, tidak ada tanggapan sama sekali setelah saya komplain!;marah
Sepatu ini sangat tidak tahan lama, hanya dipakai beberapa kali sudah mulai rusak!;marah
Saya sangat marah karena pengiriman terlambat dan tidak ada informasi dari penjual!;marah
Desainnya terlihat bagus, tetapi kualitasnya sangat buruk, saya sangat kecewa!;marah
Saya tidak akan merekomendasikan sepatu ini kepada siapa pun, sangat mengecewakan!;marah
Setelah mencoba, saya merasa sepatu ini sangat tidak nyaman dan menyakitkan!;marah
Saya berharap bisa mendapatkan pengembalian uang, tetapi tidak ada respon dari penjual!;marah
Sepatu ini sangat licin, saya hampir jatuh beberapa kali, sangat berbahaya!;marah
Saya merasa sangat kecewa karena tidak ada garansi untuk produk ini!;marah
Kualitas bahan sangat buruk, saya merasa ditipu dengan harga yang saya bayar!;marah
Sepatu ini tidak sesuai dengan ekspektasi saya, sangat mengecewakan!;marah
Saya sangat marah karena sepatu ini tidak cocok untuk aktivitas sehari-hari!;marah
Setelah satu bulan, sepatu ini sudah mulai robek di bagian samping!;marah
Saya tidak puas dengan pembelian ini, sangat mengecewakan!;marah
Sepatu ini sangat tidak nyaman, saya merasa sakit setelah memakainya!;marah
Saya merasa ditipu karena produk yang saya terima sangat berbeda dari gambar!;marah
Pelayanan pelanggan sangat buruk, tidak ada tanggapan setelah saya menghubungi!;marah
Saya sangat kecewa karena sepatu ini tidak sesuai dengan ukuran yang saya pesan!;marah
Harganya mahal, tetapi kualitasnya sangat buruk, saya tidak akan membeli lagi!;marah
Sepatu ini sangat berat dan tidak nyaman dipakai, saya merasa sangat kecewa!;marah
Setelah satu minggu, sol sepatu ini sudah mulai terlepas, kualitasnya sangat buruk!;marah
Saya merasa ditipu karena produk yang saya terima tidak sesuai dengan deskripsi!;marah
Warna sepatu yang saya terima tidak sesuai dengan gambar di website, sangat menipu!;marah
Pelayanan pelanggan sangat buruk, tidak ada tanggapan sama sekali setelah saya komplain!;marah
Sepatu ini sangat tidak tahan lama, hanya dipakai beberapa kali sudah mulai rusak!;marah
Saya sangat marah karena pengiriman terlambat dan tidak ada informasi dari penjual!;marah
Desainnya terlihat bagus, tetapi kualitasnya sangat buruk, saya sangat kecewa!;marah
Saya tidak akan merekomendasikan sepatu ini kepada siapa pun, sangat mengecewakan!;marah
Setelah mencoba, saya merasa sepatu ini sangat tidak nyaman dan menyakitkan!;marah
Saya berharap bisa mendapatkan pengembalian uang, tetapi tidak ada respon dari penjual!;marah
Sepatu ini sangat licin, saya hampir jatuh beberapa kali, sangat berbahaya!;marah
Saya merasa sangat kecewa karena tidak ada garansi untuk produk ini!;marah
Kualitas bahan sangat buruk, saya merasa ditipu dengan harga yang saya bayar!;marah
Sepatu ini tidak sesuai dengan ekspektasi saya, sangat mengecewakan!;marah
Saya sangat marah karena sepatu ini tidak cocok untuk aktivitas sehari-hari!;marah
Setelah satu bulan, sepatu ini sudah mulai robek di bagian samping!;marah
Saya tidak puas dengan pembelian ini, sangat mengecewakan!;marah
Saya sangat berharap sepatu ini lebih nyaman, tetapi ternyata tidak.;sedih
Desainnya cantik, tapi sayang sekali tidak sesuai harapan.;sedih
Setelah mencoba, saya merasa sepatu ini tidak cocok untuk saya.;sedih
Sayang sekali bahannya bagus tapi ukurannya meleset jauh.;sedih
Aduh... padahal merek terkenal tapi kualitasnya di bawah standar.;sedih
Saya sangat menyukai desainnya, tetapi ukurannya tidak pas.;sedih
Sepatu ini nyaman, tetapi warnanya cepat pudar.;sedih
Saya berharap bisa lebih puas, tapi ada beberapa kekurangan.;sedih
Sepatu ini bagus, tetapi harganya terlalu mahal untuk kualitas ini.;sedih
Saya merasa sedih karena tidak bisa mengembalikannya.;sedih
Sangat kecewa, karena tidak sesuai harapan saya.;sedih
Saya suka, tapi tidak bisa dipakai lama-lama karena sakit di kaki.;sedih
Desainnya menarik, tetapi tidak nyaman dipakai.;sedih
Saya berharap bisa mendapatkan yang lebih baik.;sedih
Sepatu ini terlihat bagus, tetapi tidak tahan lama.;sedih
Saya merasa sedih karena tidak bisa merekomendasikannya.;sedih
Kualitasnya baik, tetapi tidak sesuai dengan deskripsi.;sedih
Saya suka, tetapi warnanya cepat kotor.;sedih
Sepatu ini nyaman, tetapi tidak cocok untuk cuaca hujan.;sedih
Saya berharap bisa menemukan yang lebih sesuai dengan selera saya.;sedih
Desainnya bagus, tetapi tidak ada ukuran yang pas.;sedih
Saya merasa kecewa karena tidak sesuai dengan ekspektasi.;sedih
Sepatu ini bagus, tetapi saya tidak suka bahan yang digunakan.;sedih
Saya berharap bisa mendapatkan penggantian yang lebih baik.;sedih
Saya sangat menyukai sepatu ini, tetapi sayangnya tidak nyaman.;sedih
Warna sepatu ini sangat cantik, tetapi kualitasnya mengecewakan.;sedih
Saya suka desainnya, tetapi tidak bisa dipakai untuk waktu yang lama.;sedih
Sepatu ini terlihat bagus, tetapi;sedih
Sepatu ini terlihat bagus, tetapi tidak nyaman dipakai dalam waktu lama.;sedih
Saya sangat berharap sepatu ini lebih tahan lama, tetapi cepat rusak.;sedih
Desainnya menarik, tetapi saya merasa tidak cocok dengan gaya saya.;sedih
Saya suka, tetapi sepatu ini membuat kaki saya cepat lelah.;sedih
Kualitasnya baik, tetapi saya merasa kecewa dengan ukuran yang tidak pas.;sedih
Saya berharap bisa mendapatkan yang lebih sesuai dengan harapan saya.;sedih
Sepatu ini nyaman, tetapi warnanya cepat pudar setelah dicuci.;sedih
Saya sangat menyukai modelnya, tetapi bahannya terasa murah.;sedih
Desainnya cantik, tetapi saya tidak bisa memakainya karena terlalu sempit.;sedih
Saya merasa sedih karena tidak bisa menemukan ukuran yang tepat.;sedih
Sepatu ini terlihat bagus, tetapi tidak cocok untuk aktivitas sehari-hari.;sedih
Saya berharap bisa mendapatkan penggantian yang lebih baik, tetapi tidak ada respon.;sedih
Sepatu nya bagus dan lengkap, sampai dengan aman dan kondisi yang bagus. Terima kasih banyak. Bentuk ukuran sangat sesuai sekali.;senang
bagus sepatunya cepet sampe. untuk costumer sudah ok;senang
Alhamdulillah barang sudah sampai dengan selamat, ukuran pas dan nyaman digunakan. dari segi tampilan luar, bobot dan bahan lumayan solid, tidak ada cacat sedikitpun. untuk pengemasan agak ngeri sedap cuma dibungkus plastik, dan ada penyok dikit di kardusnya. semoga awet dipakai. #lokaltakgentar;senang
jahitan dan warna oke, cuma kardusnya kurang gede aja mungkin untuk ukuran setapu yang menjulang keatas, jadi agak nekuk dibagian itu nya. bisa dilurusin tapi butuh usaha, saya kasih digambar aja.;senang
Joss pokok nya aerostreet, bahan bagus model sangat keren ukuran pas jahitan rapih nyaman sekali di pakai pengiriman kilat, pokoknya sukses selalu untuk aerostreet LOKAL TAK GENTAR ✊ , cintai lah produk-produk Indonesia 🇮🇩 ,, pelanggan setia aerostreet gaskeun terimakasih 🙏;senang
Proses pengiriman cepat. Seller jg responsif. Bahan canvasnya jg mantap. Bakalan repeat order nih hehe. Masukannya aja, utk tali sepatunya agak tipis yah, takut cepet tepo bahannya;senang
Pengiriman dari kurir SiLama. Pdhl penjual sudah langsung request pickup. Pemakaian nyaman di kaki. Sengaja tambah 1 size ukuran buat kaos kaki tebal. Model nya bagus. Sol oke buatan lokal pride..;senang
Buat waktu pengemasan lumayan lama ya sempet sedih dikit tapi pas dateng lumayan seneng soalnya barangnya bagus bgt no kecot anjas;senang
Harga affordable.. Kualitas bagus.. Worth it banget.. Pengiriman cepat.. Pengemasan aman..;senang
sesuai pesanan mantap,maju terus produk indonesia jaga kualitas mu dan kepercayaan konsumen ,teimakasih;senang
bagus banget barang nya nyaman dipakai...sesuai sama gambar...pokoknya the best...aero streeet...🫰🫰;senang
agak lebih lama dri biasanya tpi cukup puas;senang
"Alhamdulillah ada ganti nya sesuai ukuran 44..
makasih kak😊👍🏻";senang
Sepatunya nyaman. Mantap modelnya 👟. Desainnya keren 👍. Proses pesanan cepat.;senang
Produk ke 4 dari Aerostreet yang saya beli. Harga terjangkau, desain keren meski pengiriman sedikit lambat. Sayangnya kebanyakan sepatu Aerostreet size 44 / 45 itu sulit di dapat dan terbatas jumlahnya. sehingga harus buru-buru order ketika ready stock. Semoga ke depannya lebih banyak produksi size besar untuk sepatunya.;senang
"Sepatunya nyaman. Mantap modelnya 👟. Desainnya keren 👍. Ukuran sesuai. Bahannya berkualitas.
Sayangnya pengirimannya lama banget 
9 hari baru sampai ,walaupun dapat diskon ongkir 40 rb dan cuman bayar ongkir 5 rb tapi asli lama banget";senang
barangnya sesuai, bagus, cuma kemasan sudah ancur banget tapi gapapa, saran untuk yang beli klo biasa pake uk 44 mending beli uk 43, begitu seterusnya;senang
untuk yang ini finishing touch nya udah ok banget, jaitannya rapih gk ada yang nongol² jaitannya, buat kedepannya untuk model yang ini kualitas sol bawah nya bisa lebih di tingkatin lagi kualitasnya karena untuk bahan sol bawah nya masih kurang solid kemungkinan bolong nya gampang, but overal semuanya dah bagus👍;senang
enak skali dipakai sehari-hari. Warna nya cocok pakai ootd apa aja, semuanya masuk. Cocok bngt dipakai kemana man, udah nyaman, simple, kualitas oke. Semuanya sudah sangat oke sekali. Bentar lagi menjelang natal jadi cocok buat ibadah natal yang rata rata temanya kalau engga merah ya hijau.;senang
bagus di pake nyaman ukuran jg pas,semoga awet aja cintai produk lokal;senang
"Bentuk dan ukuran: Ok big size nya bagus
Aroma: Untuk aroma nya kok berdebu banget yahh? Padahal ini barang baruu, apa gegara diskon jadi kek gini?
Warna: Warna ok, tetapi tolong yang rapi dong masa bekas lem nya keliatan bgt yahhh kurang tapiii, dan telapak nya berdebu bgt kaya bekas di pake atau gmn ni
Flash sale nya jgn gini dong";senang
Sepatunya nyaman. Bahannya berkualitas. Ukuran sesuai.;senang
Ukuran pas, warna bagus;senang
Sepatunya nyaman Desainnya keren 👍 Mantap modelnya 👟 Ukuran sesuai Bahannya berkualitas;senang
barang bagus, enak di pakai dan harga terjangkau;senang
barang sampai dengan baik, penjual responsif;senang
Desainnya keren 👍. Sepatunya nyaman. Bahannya berkualitas.;senang
Keren euy 😁 jahitan rapi, jadi pede dipake keluar rumah 😆;senang
kualitas sih bagus tapi packing nya ancur bet 🙃 udah gtu pengiriman nya lama yahh ekspedisi entar aja udah gk aneh sih. lain kali pakcing nya di double yah biar kagak ancur;senang
Sepatunya keceee.... Size 39 sedikit kebesaran buat cewe ya, better pakai 1 nomor lebih kecil untuk jenis canvas sneakers kaya gini..;senang
"pros: estetik, sesuai deskripsi (ga ada proses lem di sol luar, jadi rapi finishingnya)
cons: somehow sol dalemnya terlihat ""rentan"" terhadap air (mengingatkan saya dengan harganya), box sepatunya litereli dari kardus yg bahannya sama kyk kardus aqua-_-

P.S. recommended kalau kalian cari sepatu estetik dan murah, pemakaian jangan terlalu barbar.

Tambahan:  saya hanya kasih foto kardusnya aja karena sepatunya udh oke banget! (di foto ada 2 kardus, saya sekalian beli sendal ceilo putih dan sendalnya sangat rekomended!!!)";senang
"mantap semoga awet....
sizenya 42 aga kecil yahhh tapi overall lokal tak gentarr....";senang
Barang nya bagus gak ada cacat sama sekali 👍👍👍;senang
"Rp 100.000 auto keluar kantong tanpa pikir panjang dan iklas gitu liat hastag nya yang ngeGEMESIN ditambah designnya yang aduhai mempesona.. 
√√ salut buat AERO 😎 🍻

#LOKALTAKGENTAR ✊

makasih banyak, bro..tinggal no 38 yang warna Navy nih kalo stok udah ready 😁";senang
bahannya cukupp bagus menurut saya pribadi diharga seginii, tetapi ada minusnya dari pengirimannya yg h+1 sampenya, dan juga tadi ada kesalahan kurir dlm mengdrop paket saya dirumah org lainn. lainnya bagus semua utk sepatu lokal menurut pribadi berkualitas sepatunya.;senang
mantap..pengiriman cepat..kualitas sepatu tidak diragukan lagi..thanks aerostreet;sedih
"Bagus cuman ga sesuai pesanan 
Dan stock lama yang merah warnanya udah kekuningan";senang
Beli satu dapat satu. Size 39 terakhir cuma sepasang. Beli deh..mudah mudahan awet. Beli karenamurah. Ygdi rumah juga belum dipakai. Masih di kerdus tersegel.😅;senang
harga murah barang berkelas, pokoknya keren dah...;senang
mantap cocok utk sepatu anak bahan bagus semoga awet;senang
Respon, pelayanan terbaik. Kualitas OK banget!;senang
Barang bagus seperti biasanya, udah beberapa kali beli aerostreet belum pernah kecewa;senang
kualitas barang dengan harga segini cukup memuaskan;senang
Barang bagus kondisinya, tidak ada detail yg cacat. Mantap #lokaltakgentar;senang
mantap sesuai pesanan, semoga awet seperti model lainnya;senang
cepat pengiriman nya..sepatunya keren..mantap..akhirnya dapat jg nomer besar🥰.#lokaltakgentar..terimakasih;senang
agak ngaret ngirimnya karna jauh tapi aerostreet bagus² aja sih;senang
"mantap lahh...
keren,bahan bagus.. semoga awet 😁";senang
Alhamdulillah paket sudah sampai.. Kerenn banget nih cakepp jhoose high nyaa sukak;senang
Sepatunya sudah nyampek sepatunya bgus dpat haraga murah lagi;senang
Sukak pas dikaki,,mantul harga terjangkau;senang
keren modelnya, barang sampai dengan aman dan cepat. saya sudah langganan aerostreet dari dulu. dan memang produk aerostreet tidak pernah mengecewakan;senang
eli karna b1g1. wowowowoowowowowoowowowowowowo;netral
Mntp Barang sesuai datang nya cepet;senang
Barang nya mantap realpic,recomend deh;senang
keren, sesuai ekspektasi. lem rapih;senang
Best the best brang nya sngt gk mengecewakan;senang
Puas dengan sepatunya rapi semuamya..👍👍👍;senang
kurang 1 kaos kakinya mana? di halamannya gratis kaos kaki;netral
Sampai tepat waktu, anak gw suka banget 😁, thanks ya;senang
pilih merah dikirim hitam, pilih ukuran 42 dikirim 43.... tolong qc di double check sebelum pengiriman;netral
tanpa gua ksh foto, kalian bisa rasakan sendiri kualitasnya, jujur, ini pembelian pertama gua dan masyaalloh,, luar biasa,, maju terus kawan,, sukses selalu,, cinta produk indonesia;senang
Mantap modelnya 👟. Desainnya keren 👍.;senang
buat harga segitu barangnya oke banget;netral
Sesuai deskripsi, free ongkir prosesnya jg cepat, dipake enak ga berat;senang
bahan bagus,warna cerah,kualitas sangat bagus,penjual ramah,packing aman rapi,recoment bgt blnj di toko ini.terima kasih sis;senang
Sepatunya nyaman. Bahannya berkualitas. Ukuran sesuai.;senang
mantap barang original, size sesuai dan yang paling penting semoga awet..;senang
barang sesuai, packing aman, seller ramah, pengiriman cepat;senang
Model sepatunya keren dan sesuai pesanan Terima kasih;senang
Pokoknya baguss banget gak mengecewakan, harganya murahh tapi kualitas nya ga murahan;netral
lama bangetttt pengirimanya, barang oke packaging hanya kemasan sekunder nya tidak ada buble warp nya;netral
barang sesuai deskripsi;senang
Mantap modelnya 👟. Bahannya berkualitas.;senang
seperti biasa, kualitas aerostreet bagus2, jadi jangan takut dengan kualitasnya.;senang
Aerostreet.. Bangkal belanja disini terus;senang
Mantap modelnya 👟. Desainnya keren 👍. Bahannya berkualitas. Ukuran sesuai.;senang
"Bentuk dan ukuran: Pas &bagus
Warna: Lumayan";senang
bagus,,puas ma barangnya,tp sayang pengiriman nya pake kurir anteraja gila,parah sih,ga bs di cek;senang
"mantap diapakainya nyaman...
kaki gak sakit....";senang
Modelnya keren pas dikaki next order lagi bang tengkyu;senang
kelasss banget kualitas sepatunya🥶😭😭 ukuranya juga pas🥶;netral
produk lokal mang mantep. cuma kurirnya lama. bintang 5 buat produknya.;senang
Packing kurang rapih, tingkatkan lagi respon sellernya iya;senang
sebaiknya di naikkan 1 nomor agar bs dipakai dg kaos kak;senang
Alhamdulillah sesuai ekspektasi suka banget sering2 discord ye....biar bisa cek out lg;senang
Barang nya good asli nya keren pake banget.mksh aerostreet;senang
Ni amanah dan cepet sekali datangnya, istimewa bgt;senang
keren sesuai gambar.. sayang pickup nya agak lama dari anter aja;senang
Ukuran sesuai. Desainnya keren 👍. talinya kurang satu😆;senang
Modelnya keren pas dikaki next order lagi bang tengkyu;senang
kelasss banget kualitas sepatunya🥶😭😭 ukuranya juga pas🥶;netral
produk lokal mang mantep. cuma kurirnya lama. bintang 5 buat produknya.;senang
Packing kurang rapih, tingkatkan lagi respon sellernya iya;senang
sebaiknya di naikkan 1 nomor agar bs dipakai dg kaos kak;senang
Alhamdulillah sesuai ekspektasi suka banget sering2 discord ye....biar bisa cek out lg;senang
Barang nya good asli nya keren pake banget.mksh aerostreet;senang
Ni amanah dan cepet sekali datangnya, istimewa bgt;senang
keren sesuai gambar.. sayang pickup nya agak lama dari anter aja;senang
Ukuran sesuai. Desainnya keren 👍. talinya kurang satu😆;senang
kecewa berat, beli dikasi barang yang berbeda, ending, tidak bisa retur. nga akan beli lagi.;marah
Ok ok ok ok ok ok ok ok ok;netral
mantap kali sepatunya , semoga awet ...;senang
Diterima dengan aman dan selamat;senang
Warna dari barang yang dikirim berbeda dengan pesanan;netral
De best;senang
Tapmantapmantapmantapbangetcooook;netral
barang diterima sesuai dengan pesanan, sukses selalu;senang
pesennya model high, gimana nih;senang
barang bagus;senang
"mantappppp lokal tak gentar aerostreet
udh order ke sekian kalinya";netral
Pembelian ke 3 di Aerostreet;netral
Bahan bagus nyaman di pakai;senang
tapin sih jahitannya;netral
Mantap sepatu nya jos lah pokoknya;senang
GOKS sesuai;senang
mantap;senang
Biarkan bintang 🌟 yang berbicara, thanks;senang
LOKAL TAK GENTAR.........;netral
Pesan ukuran 40 yang datang 41 hadeh;netral
Desainnya keren 👍. Ukuran sesuai.;senang
Biar bintang yang berkata ygyg😂✌️;senang
Seperti barang rejeck;netral
Bagus;senang
Box rada penyok gaezz....;netral
Bagus banget pas dikakikuu;senang
bagus..;senang
Kualitas oke;netral
Kecewa produk 1 nya ngk ada;marah
Worth it.;senang
Sepatunya nyaman.;senang
keren pokoknya udah order yg kesekian kali ini.. makasih, tetep keren ya;senang
38 25cm pas d kakiku;netral
Kereeennn...👍👍;netral
Kualitas OK.;netral
tidak ada ke cacata;netral
mantulll;netral
Sesuai orderan..terimakasih;senang
barang bagus;senang
sesuai ekspetasi;senang
Not Bad;netral
Bagus banget;senang
Ukuran sesuai.;senang
🔥;netral
Terima kasih paket nya sdh dtg;netral
barang sdh sampai, terima kasih;netral
mantap banget;senang
definitely will repurchase;netral
sepatunya mantab.  dan semoga awet;netral
Cakep gan;senang
bagus;senang
bagus;senang
oke bgt Thks;netral
bagus tawwa;senang
Good condition;senang
mantap;senang
mantap;senang
Mantap;senang
mantap;senang
Nicee;netral
Nicee;netral
Ini keren banget;senang
Ntap;netral
Worth it kuy.;senang
Pesen uk 40 yg dateng 41;netral
sesuai harga aja lah;senang
sangaaaaaarrrrrrrr pollll;netral
Top;netral
keren bgt;senang
lumayan lHh;senang
👍👍👍👍👍;netral
Guud;netral
puas utk pembelian yg kesekian kali;senang
kualitas bagus murah mantappp;senang
mantap;senang
Murah untuk harga segitu. Sepatu nyaman. Ukuran sesuai;senang
"#LokalTakGentar
produk original sesuai deskripsi dan gambar, kualitas mantap, toko official gak diragukan, pengiriman ok, packing ok ...";senang
"Real Pict

ini saya beli Aerostreet yang ke 9 kayanya ... 

Murah tapi Gak Murahan Broo..
mantapp Lokal Tak Gentar... 😎";senang
mungkin di bisa di perbaiki lagi bagian solnya soalnya kelihatan kurang kuat. tapi sisanya mantap;senang
mantaps sudah ke 100 kalinya😅🔥🔥;senang
barang mantul, pengiriman oke, kualitas tak perlu diragukan lagi, packing sangat rapih, selebihnya biar bintang yang berbicara;senang
untuk harga 100 ribuan, cukuo keren, enak juga di pakai. daripada beli kw mending beli yang ori Indo. #suportlocalbrand #lokaltakgentar;senang
"alhmdulillah akhirnya sepatunya sapai jugaa cepett bangett pengiriman nyaa huhu
dri Surakarta ke bekasi cmn 2hri 
rate sepatu🌟🌟🌟🌟🌟 
gilla sihh nih lokal brand terbaik yg pernah ada harga sesuai kantong pelajarr tapi high quality bener2 bakal beli seris yg lainnya juga sukses TERUS
AEROSTREET";senang
Selalu puas pokoknya. Harga ramah kualitas wuah. Mantap;senang
Barang bagus, desain bagus, insole kurang nyaman, tapi wajar sesuai harga.;senang
puas lah, mantab, sukses selalu aerostreet;senang
barang sampai sesuai estimasi yang ditemukan dan barang tidak mengecewakan kualitasnya;netral
Barang bagus.., sesuai pesanan;senang
jos;senang
bahan tidak mengecewakan;marah
"waaah sepatuny kereeeen utk harga segitu, pokoke Lokal Tak gentar !
mantaaaap dah...";netral
Nunggu 2D Reborn;netral
Cakep, tidak perlu diragukan lagi..;senang
gila bagus banget, rekomendasi buat sepatu lokal murah tapi gak murahan. lebih bagus cinta produk negri dari pada beli barang luar apalagi kw🔥 🔥 🔥;senang
lokal mantap;senang
Barang Keren dan Oke Harga Relatif Murah, worth to buy.. #lokaltakgentar;senang
pembelian yg kesekian kalinya. selalu puas. mantab;senang
mantaappp;netral
aerostreet emang mantaaappp;netral
Barangnya Bagus banget;senang
cukup baik. worth for price. ada minor defect : bekas lem/marking , toe cap agk kurang presisi. tp overall gk terlalu keliatan dan cukup rapih.;senang
mantap jiwa;senang
"Sangat..bagus..boss...ku
😍😍😍😍😍
nggak rugi ...lah!";netral
bintang ⭐⭐⭐⭐⭐ lah pokoknya;senang
Salah kirim;marah
proses & pengiriman cepat.. barang ok. mantap.. ini pembelian ke 3..;senang
mantaapp;netral
nice product, make local proud #lokaltakgentar;netral
bahan oke, tapi sayangnya yg ini seperti barang stok lama, bagian dalamnya kotor dan warnanya kusam;senang
"sukak banget banget banget ..
bakal jadi langganan inii 😍😍😍";senang
"barang nya sudah sampe
packing nya rapih
terimakasih";senang
cakeeepp benerrr lanjut order yellow haha😂😂;netral
"bagus siih, cuma gedean
padahal pernah beli dari aero nomor 38 muat, ini masih kegedean heheh";senang
Ga tau udah keberapa kalinya beli aerostreet, mungkin jadi kaya koleksi kali ya karena sepatu aerostreet semua :);netral
"barang datang tp g sesuai pesanan...pesan yg high dtg yg low...
gmn min?";senang
"cocok banget buat yg kakinya langsing & panjang. sizing aerostreet emang mending dinaikin 1 sih

kali ini dapet yg lemnya kurang kuat. blm dipakai pun udah sedikit mengelupas
sblmnya pernah beli jhosse high juga yg kuning tp lemnya yg itu masih kuat sampai skrg
tapi ya ttp keren laaah! 99,9k gitu lohhh";senang
sepatunya keren bgt. minus di pickup LAMA BGT sampe 4 hari;senang
keren produk lokal harga ramah dikantong ini orderan ke 7, bonus cashback dikumpulkan ehh bisa belanja sepatu lagi donk 😂😂😀,yg ke 7 ini nggak ada foto soalnya pesanan adek saya sampai dicoba langsung pakai;senang
Puas & Berkualitas...;senang
Udah gak keitung order, dan barangnya memuaskan, pengiriman juga cepat, Recommended pokoknya...;senang
Ga nyesel dan keren;senang
wes pokok e sepatune joss tenan ....;netral
over All good;senang
selalu puas beli disini;senang
😁👌🏻💯🇮🇩;netral
Sukaa 😍 pengirimannya cepat;senang
keren top bgt pokokny;senang
kiriman cepat, barang lumayan ok,, tanks;senang
Mantap. Barang sesuai pesanan. Kualitas no kaleng kaleng dan pesanan datang lebih cepat daripada estimasi. lope lope;senang
No complaint;netral
"mantap sih under 150K dapet sepatu sekeren ini❤
tapi sayang ukuran 42 nya kegedean:(";senang
produk oke;netral
Sepatunya nyaman. Desainnya keren 👍. Mantap modelnya 👟. Bahannya berkualitas. Proses pesanan cepat. Respon penjualnya top.;senang
Alhamdulillah sepatu sdh sampai Desainnya keren 👍. Sepatunya nyaman. terima kasih;senang
Sepatunya nyaman Mantap modelnya 👟 Bahannya berkualitas Proses pesanan cepat;senang
sepatunya bagus, tapi kardus nya tolong la jangan yang rusak² dikasih;netral
Sepatunya nyaman. Bahannya berkualitas. Ukuran sesuai. Packaging aman 🙏. Packaging rapi.;senang
Sepatunya nyaman. Bahannya berkualitas.;senang
Mantap modelnya 👟 Sepatunya nyaman;senang
lokaltakgentar;netral
Model bagus, sol ok, tapi in sol nya kok blm ada??;senang
mantap,cakep banget,kualitas jauh melebihi harga!bener bener worth with price!biasa pakai ukuran 42, tp disini 42 kerasa agak gedean,mungkin karena bahan kanvas,tp gpp masih bisa dipakein kaos kaki biar pas;senang
Sepatunya nyaman. Mantap modelnya 👟. Desainnya keren 👍. Ukuran sesuai. Penjualnya ramah banget.;senang
Mantap modelnya 👟.;senang
Noice Desainnya keren 👍. Mantap modelnya 👟.;senang
Semua bagus tapi sayang lagi dapet yang minus cutting ma lem nya tidak rapi di satu sepatu;senang
Terimakasih bos;senang
Sepatunya nyaman Ukuran sesuai;senang
"Mantap modelnya 👟 Desainnya keren 👍  Penjualnya ramah banget
Sedikit masukan aja nih buat aero stret buat pengiriman mending pake buble warp bayar lebih gpp asal box nya aman ga penyok penyok saya sebagai salah satu pengkoleksi box sepatu sangat menyayangkan karena box nya rusak di pengiriman yang chaos";senang
kualitasnya gausah diragukan! udah beberapa kali beli produk aerostreet 😍 LOKAL TAK GENTAR 🔥;sedih
Sepatunya nyaman. Ukuran sesuai. Bahannya berkualitas. Proses pesanan cepat.;senang
Mantap modelnya 👟;senang
Sepatunya nyaman. Desainnya keren 👍. Bahannya berkualitas. Ukuran sesuai. Mantap modelnya 👟. Packaging aman 🙏. Packaging rapi.;senang
oke banget buat harga segini. keren keren;senang
Mantap modelnya 👟. Ukuran sesuai. Bahannya berkualitas. Proses pesanan cepat.;senang
Sepatunya nyaman. Ukuran sesuai. Mantap modelnya 👟.;senang
gokil;senang
Sepatunya nyaman. Proses pesanan cepat. Ukuran sesuai.;senang
"approved by me
gildak, beli deh gabakal nyesel!!!";senang
jooos;netral
Sepatunya nyaman. Desainnya keren 👍. Mantap modelnya 👟. Penjualnya ramah banget. Ukuran sesuai. Bahannya berkualitas. Proses pesanan cepat. Packaging aman 🙏. Packaging rapi. Respon penjualnya top.;senang
