text;emotion
"Kalau bisa packingnya lebih aman lagi kak,,kalau kualitas barang baik"" saja nice";senang
Bags sepatunya kayak digambar;netral
Bagus suka;senang
bagus, cm ada di bagian tali yg ga rapih;senang
Bajunya udah smpai ukuran pas bahan jga tidak trlalu tebal ya sesuai harganya tpi yg birunya ada koyak berlobang dri bagian depan tembus kebelakang..pas buka paket pun lupa utk videokan..kedepannya tlg lebih teliti lgi;senang
ini ukuran L dan masuk akal;senang
ok;netral
Datangnya on time, ukr pas, adem;netral
"Datangnya on time, bahan nya adem ukr pas
Sdh beli ke 2 kalinya";netral
Datangnya on time, warna real picture;netral
"Kalau bisa packingnya lebih aman lagi kak,,kalau kualitas barang baik"" saja nice";senang
Pengiriman lama sekali;netral
Bags sepatunya kayak digambar;netral
Bagus suka;senang
"Jatohnya kek beli barang bekas gak sih ini, outsol nya kotor, kardus ancur robek"" 
Hadeh";marah
Kekecilan,harus up dr 2 uk sblmnya 😭😭;netral
bagus, cm ada di bagian tali yg ga rapih;senang
Bajunya udah smpai ukuran pas bahan jga tidak trlalu tebal ya sesuai harganya tpi yg birunya ada koyak berlobang dri bagian depan tembus kebelakang..pas buka paket pun lupa utk videokan..kedepannya tlg lebih teliti lgi;senang
ini ukuran L dan masuk akal;senang
ok;netral
"Kalau bisa packingnya lebih aman lagi kak,,kalau kualitas barang baik"" saja nice";senang
Pengiriman lama sekali;netral
Bags sepatunya kayak digambar;netral
Bagus suka;senang
"Jatohnya kek beli barang bekas gak sih ini, outsol nya kotor, kardus ancur robek"" 
Hadeh";marah
Kekecilan,harus up dr 2 uk sblmnya 😭😭;netral
bagus, cm ada di bagian tali yg ga rapih;senang
Bajunya udah smpai ukuran pas bahan jga tidak trlalu tebal ya sesuai harganya tpi yg birunya ada koyak berlobang dri bagian depan tembus kebelakang..pas buka paket pun lupa utk videokan..kedepannya tlg lebih teliti lgi;senang
ini ukuran L dan masuk akal;senang
terlalu besar untuk ukuran L dibandingkan yang sudah saya pesan sebelum sebelumnya. padahal d toko yang sama 🤣;senang
"Kalau bisa packingnya lebih aman lagi kak,,kalau kualitas barang baik"" saja nice";senang
Pengiriman lama sekali;netral
Bags sepatunya kayak digambar;netral
Bagus suka;senang
Daya tahan pakai: Karetnya bikin lecet modelnya bikin kaki cepat pegal;senang
"Jatohnya kek beli barang bekas gak sih ini, outsol nya kotor, kardus ancur robek"" 
Hadeh";marah
Kekecilan,harus up dr 2 uk sblmnya 😭😭;netral
Harusnya kalo size nya ga ada ga usah di kirim,jadi agak repot harus return;netral
bagus, cm ada di bagian tali yg ga rapih;senang
Bajunya udah smpai ukuran pas bahan jga tidak trlalu tebal ya sesuai harganya tpi yg birunya ada koyak berlobang dri bagian depan tembus kebelakang..pas buka paket pun lupa utk videokan..kedepannya tlg lebih teliti lgi;senang
terlalu besar untuk ukuran L dibandingkan yang sudah saya pesan sebelum sebelumnya. padahal d toko yang sama 🤣;senang
ini ukuran L dan masuk akal;senang
ok;netral
Datangnya on time, ukr pas, adem;netral
"Datangnya on time, bahan nya adem ukr pas
Sdh beli ke 2 kalinya";netral
Datangnya on time, warna real picture;netral
Toko gk modal, paket gk dibungkus polosan doang masuk kotoran, dibanting banting dilogistik entah dmn, intiyh jlek penangananyh,;senang
Sepatunya sudah sampai dan kualitasnya baik, untuk kedepannya sebaiknya saat pengiriman ke customer dilapisi dengan bubble wrap agar aman dan untuk sepatunya di perhatikan lagi agar tidak ada noda pada sepatunya. Terima kasih dan sukses selalu kak😁;senang
Baguss , hanya lumayan berat;senang
Bahan bagus celananya jg bagus tp emg gak cocok disaya tipe reguler jeans;senang
Bagus;senang
Bagus tapi Slim fit;senang
"Aku pesan model lain, yang datang model lain
Gimana nih aerostreet";senang
Gk sesuai exspektasi;senang
Soal bahan tidak diragukan lagi, tapi ukuran lingkar kaki bawah ternyata kecil;sedih
baguss tapi pengirimannya lumayan lama;senang
"Saya selalu yakin dgn Aerostreet. Kualitas ga abal-abal. Tapi sulit dipercaya kalau CS nya seperti ini. 
Harus ganti model, tidak bisa di cancel, kelebihan dana harus berupa voucher. Bayangkan aja kalau kejadian ini terjadi pada 10 atau 100 orang.";senang
Kekecilan ,padahal ukuran uda d tambahi;netral
bagus bajunya;senang
"Bentuk dan ukuran: Kebesaran katanya untuk bb 60 ambil XL waktu live ternyata gede bgt
Bahan: Tebal
Warna: Sesuai
Karakteristik: Cocok untuk olahraga jalan pagi";senang
Bentuk dan ukuran: pas , ukuran pas;netral
"Aroma: karet keras
Daya tahan pakai: mungkin gak terlalu lama kalau untuk harian karena sol nya gak pres. harus di sol ulang.";senang
Bahan oke saya suka, tapi warna barang sama warna di foto sedikit berbeda, yang datang sedikit lebih gelap tidak seterang di foto;senang
mantap;senang
Agak penyok dikit dibagian so lnya;netral
pembelian pertama kualitas bahan produk tebal, pembelian kedua bahan sangat tipis;senang
Di daerah jahitan depan atas ,sedikit tidak rapi,tapi Mayan lah dari harga segitu;senang
pas dengan kaki warna bagus dan barang sampai dengan baik;senang
ukuran yang dikirim salah dengan yang saya pesan, jadi saya kecewa kurang bgt disaya;marah
Bagus pas di kaki;senang
Nomor sepatu tidak standar, kalo mau beli silahkan dengan nomor yang biasa anda pakau pasti zonk... dan tidak bisa dituker.;senang
Barang nya sampai dengan waktu 1 hari;netral
"Modelnya si bagus, cuma sepatunya berat
Bentuk dan ukuran: Sesuai";senang
Bentuk dan ukuran: Bentuk dan ukuran sesuai;senang
"Jahitan perlu sdkit diperhatikan
Size sesuai pesanan
Agak sempit mungkin masih baru

8,5/10";senang
baru dipakai sehari serat nya udah pada rusak;marah
Bagusss sukaaa;netral
Bagus;senang
alhamdulillah aman tapi kalau bisa box quality nya lebih ditingkatkan;senang
Sebenernya suka beli kaos2 aerostreet tp yg dikirim mesti ga sesuai... udh di tmbhin dicatatan pesen warna biru sma hitam yg dikirim hitam semua. Lain kali lbh teliti lagi biar ga ngecewain pembeli;senang
sangat baikk⭐⭐⭐⭐⭐;senang
Oke good;senang
"Modelnya bagus.. cuman bagian QC nya aja perlu di tingkatkan kayaknya ,
Benang sisa  jaitannya  gak di potong rapi.";senang
parah banget paket nya ga di packing dus nya pada penyok;netral
Sesuai;senang
Sepatunya keren dan enak dipakai;senang
Sip;netral
Sip;netral
Sip;netral
Keren keren sih sepatu nya udah 5X beli di aerostreet😘😘😘😘😘😘😘😘;senang
Kualitas produk: Ok;netral
Bentuk dan ukuran: Ok;netral
sendalna oke banget ka.;netral
Sepatunya bagus nyaman;senang
Size tdk sesuai dgn merk sepatu lain.. mau tukar size g bisa.. pelayanan purna jual harus nya diperhatikan;senang
Kurang kalo yang ini..;netral
Kureng sih.. kek kaos 100rb 3;netral
Kek kaos 30rban wee;netral
packaging ga banget, entah ini dr ekspedisi kondisi box di congkel atau dr pengirim diawal, terus juga pengiriman luar kota masak cuma dbalut plastik bening aja, pas dbuka lebih parah lg kertas untuk nutpin spatu nya robek” pdhl ini untuk hdiah gatau ya kslahan dr pengirim atau kurir🙏;senang
Awal d pke sih ok.... Cuma cpt melar ny kek pke kulot🤣;netral
Ah mantap sesuai harga...;senang
Ada noda di baju putihnya.;sedih
Bagus;senang
Sesuai , bagus, mantap barang nya . Cuma Packing an kurang aman aja .walaupun cuma 200k lebih baik nya packing diamankan lagi 🙏;senang
bagus👍;senang
Ok;netral
Walaupun kemasan agak rusak..tapi isi oke lahh;senang
Ukuran yang ditampilkan kurang sesuai dengan ukuran sebenarnya;senang
Ok;netral
Lumayan tapi belum dipakai lambang aerostreet sudah lepas;senang
Navy nya terlalu gelap jadi kayak hitam 😭;sedih
Kualitas produk: Baik;senang
Aga kebesaran, UK M nya;senang
Baik;senang
Kok  punya saya polos an mass;senang
Real pict, minus cuma di kotak agak penyot;netral
ukuran XL nya terlalu kecil, tapi untuk kualitas sih okee;netral
Sandal nya bagus bangettt;senang
Untuk yang bingung nyari gambaran ya,ini gua TB 167 BB 55 pake M saran ku kalo TB/BB Segitu mending pake L aja agak longgaran dikit.untuk kain kualitas oke si;sedih
Mantap bahan nya tebal sesuai harapan;senang
Mayan berat sepatunya;netral
Barang sesuai, empuk dan bahannya bagus;senang
mantap sesuai;senang
"Bagus👍
Tapi bulu"" dalemannya menempel ke kulit semua saat habis dipakai,apalagi saat berkeringat ,mungkin bisa dievaluasi untuk dalemannya👍";senang
Sablonnya kurang bagus;senang
Bagus;senang
terimakasih barang sesuai harga cuma salah pilih size dan gabisa diretur;senang
alas dalamnya memg sengaja gak di lem atau gak diperiksa dulu sebelum dikirim kalau dipakai jadi kurang nyaman karna gak ngepres alasnya kalau dipakai jadi maju alasnya ikut mengkerut kedepan;senang
bagus banget huhuu tebel packing rapi aman trimakasi seler❤️;senang
Recommended😎;netral
Ukuran sesuai barang bagus peking rapi dan aman;senang
Barang ok sesuai pesanan pekingan rapi respon cepat;senang
"Daya tahan pakai: Bagus
Bentuk dan ukuran: Ukuran pas";senang
Barang sesuai pesanan peking rapi cepat datang;senang
kerenn nyaman;senang
Lumayan bahan bagus, bahan lembut dan tebal. cuma cutting an nya ga pas di badan ku;senang
Bentuk dan ukuran: sesuaii, baguss;senang
baguss lah lumayan tidak mengecewakan;netral
Sesuai tpi ko tinggi y sepatu y;senang
Bagus, cuma kebesaran dikit;senang
Brand sekelas Aerostreet packing nya tanpa bubble wrap, agak kecewa si walaupun barang sesuai.;netral
Kualitas bagus nyaman ,cuma bentuknya ada yang gak sama kanan dan kiri;senang
saya pesen uk M datangnya persis kyk uk S, karna BB TB saya sama dengan model yg di deskpripsi, sengaja ambil uk M supaya lebih longgar tapi ternyata pas banget di badannya🙏🏻🙏🏻;senang
Tumitny cuma tempelan.. sebagian dah mau lepas;netral
modelnya keren and mantap sekali dan jos and recomended;senang
kenapa paketnya udah rusak gini yaa bungkusnya;marah
Maaf ka apa bener ini slim fit ka, pas nyobain ko kayak reguler, TPI d kardusnya tulisan slim fit sih;senang
sayang banget dus nya rusak, soalnya tanpa di packing apapun jadi langsung dus nya pantes langsung rusak dus nya ketumpuk tumpuk diekspedisi bisa jadi sayang bgt, kedepannya diperbaiki ya min🙏🏻;senang
"Bentuk dan ukuran: Sesuai dgn ukuran cuma bentuknya aja agak panjang
Daya tahan pakai: Agak kaku d bagian atas sendalnya yg berbahan beludru";senang
Ok;netral
Bagus,sesuai,pas;netral
Bagus lembut sperti itu;senang
bahan jelek;marah
Design bagus tp masih kkecilan d ukuran bysa sy pke 42;senang
Kualitas produk: kainnya enk mantul;netral
Kualitas produk: nyaman kainny;senang
Prodok sesuai harga;senang
Agak berat, haknya agak tinggi  bisa bikin keseleo;senang
Bahan nya aga sedikit tipis beda sama yang warna lain....;senang
"Kurir👍
Barang👌
(Sedikit pendek)";senang
"Lumayan ok
Real pict";senang
mantap;senang
mantap;senang
sepatunya baguss,Ukurannya juga pas,Tpi lumayan berat dipake;senang
"tidak memuaskan sekali, tidak ada video unboxing karena udah percaya aja karena brand besar, percaya percaya aja, tapi selesai di buka malah cacat bolong"" tembus sampe 2 kain bolong ada 3 sisi";senang
"Bahan aerostreet skrg gk sama kaya biasa aku order yg lalu..
Ini lebih tipis bahannya..";senang
"Bahan aerostreet skrg gk sama kaya biasa aku order yg lalu..
Ini lebih tipis bahannya..";senang
"Bahan aerostreet skrg gk sama kaya biasa aku order yg lalu..
Ini lebih tipis bahannya..";senang
"Bahan aerostreet skrg gk sama kaya biasa aku order yg lalu..
Ini lebih tipis bahannya..";senang
Bagus banget barangnya sama seperti dividio;senang
trimakasih barang telah diterima dengan baik dan benar semoga bermanfaat dan awet aamiin;senang
👍👍👍;netral
Bagus... Tapi ukuran ga standar size 32 LP kecil banget kayak size 29. Jadi ga bisa kePake dech;senang
Ukuran sepatu agak sempit;netral
cocok, ukuran pas kurir nya juga transparan;senang
tidak sesuai dengan apa yang saya pesan padahal saya pesan warna pink tapi dikirim warna hitam;senang
"bagusss bangettt🥰😍
tapi ada beberapa benang yang ga rapi dan harusnya dipotong";senang
Ntah knapa kaos aerostreet skrang gak smaa kayak dulu.. Skrang tipis🥲padahal udah secinta itu aku..;senang
Aroma: Masih bau lem banget ya;senang
Bajunya aga nerawang, sebelumnya beli disini warna navy tebel.;netral
Bagian ketiak Bolong.;netral
cocok dan pas👍;senang
Bagus sepatunya sudah 4x beli di aerostreet;senang
Kekecilan;netral
"Sepatu dn modelnya keren. Tapi syang agk berat utk ukuran anak"".size 37 kelas IV sd passs";senang
Bgs;netral
Paket baru aja nyampe, diluar prediksi sih ternyata sepatu nya agak berat tapi sesuai lah sama harga yang segitu 😁;senang
B;netral
Barang nya si bagus, cuma payah pengiriman nya, dua nya rusak.;netral
gk bgus  gk rapi;senang
Dusnya aja sih yang kurang rapih;senang
Mantap keren sih dengan harga 200ribuan ajah;senang
Warna: Ok;netral
ukuran 42 tapi sempit;netral
Ini bukannya barang reject ya harusnya?;netral
Ini serius official jual barang reject? Kotor jahitan gak rapi...Bahkan lebih dari 6 foto loh yg bisa diupload....;netral
Bajunya bagus, kainnya tebal;senang
Expedisi jelek barang ku diantar 3mingguan kecewa parah...buat kaos nya keren aerostreet mantap;netral
Kurang bagus;senang
"bahan tipis banget, katanya bahan ga nerawang eh pas di coba nerawang
cukup sekali dan ga ga lagi belanja disini😆
pikir pikir lagi deh yang mau co😭";senang
"Review jujur sepatu keren... finishing kurang rapi,
Sepatuny berat";senang
Bagus ..cantik;senang
"paket sudah d terima dgn baik
pengiriman cepat
packing rapi,,
tp size 30nya kecil..
sya biasanya pake Size 30";senang
"paket sudah d terima dgn baik
pengiriman cepat
packing rapi,,
bahannya adem n halus.
tp size 30nya kecil..
sya biasanya pake Size 30";senang
Produk bagus cuman di lidah sepatu kurang rapi . Tolong lebih di rapikan lagi biar banyak konsumen terakhir.;senang
Masak iya bagian dalam nya pakai bahan sterefom. Yang bener aja bahan sejelek itu  jaitannya menipu mata;senang
Sy pesan 2 pasang kenapa yg datang cuma 1 pasang????;netral
"Sepatu bagus
Size juga pas
Tapi sayang packaging nya kurang bagus
Jebol kemana"" ..tolong ya seler di perbaiki lagi untuk packaging nya";senang
Celananya bagus, kainnya halus dan elastis jadi pas waktu di pakai;senang
41 tp besar kaya 42. Pdhl sering beli 41 selalu pas. Ini sepatu ke 5;senang
JELEK MENYESAL BELI DI SINI BARU BEBERAPA HARI JAITANNYA UDAH KELEPASS BUSUKKK JAITANNYA GA KUAT JANGAN BELI DI SINI GESS;marah
model bagus, packing rapi, pengiriman cepat;senang
box benyok;netral
oke bagus tapi ukuran 34nya abis jadi ngpres banget di kaki;senang
sangaatttttt bagussssss;netral
No 42 tapi k cil;netral
"Pola berbeda apa tidak ada kontrol/qc
Pola berbeda jauhhh";netral
mantap boss kuu 🔥🔥🔥;senang
Semua datng dengan k adaan baik;senang
Bagus;senang
"Shape and size: Gak sesuai sama sizechart
Seller gak informatif, katanya seseuaiin size chart, giliran diturutin malah pas dateng sempit banget, gabakal kepake juga ni barang";senang
bagus, tapi aku ambil 40 jadi kebesaran, seharusnya ambil 39 si😔;senang
"Shape and size: Shape bagus. Size nya kebesaran. Biasa aku pakai saiz 41
Color: Ada bercak noda kuning, tidak suka kayak sepatu lama 🥲";senang
Pas datang ko sobek gitu dibagian lehernya, terus ada noda gitu dibagian bawah bajunya..;sedih
Bagus;senang
B aja;netral
B aja;netral
Barang nya bagus ,tapi minimal pekingan nya pakek kardus kek,ap yang lain takutnya ada ap2 di jalan penyok ap segala mcm 😭;netral
Sepatunya kualitasnya bagus, cuman pecking nya kurang jadi penyok penyok;senang
"Sangat puas,,, 
Bahan tebel";senang
Bahan dalam ny berbulu lengket ke baju;netral
Bentuk dan ukuran: Cukup nyama  kalau dipake. Cuma ukuran sepatu menurutku agak ngepres dilihat dari keterangan ukuran kalau biasa aku pake , biasa aku ambil yang 42 masih aga longgaran;senang
Bentuk dan ukuran: Sesuai gambar dan sesuai ukuranx yg di pesan.;senang
Beli 2 paket pecah 1;marah
bagus, keren, sayang packingnya cuma dari kardus sepatunya itu sendiri, tidak dikasih buble;senang
modelnya keren tapi masih ada sedikit Cacat produksi didekat pergelangan tali , modelnya bagus , sol dan ukurannya kurang pas , kenyamanan sangat nyaman . mohon berbenah min QC ditingkatin lg :);senang
Good;senang
Bagus;senang
Bagus;senang
Bagus;senang
Suka bagusss bahannya;senang
nasib saya dikirim nyebrang pulau tapi pecah;marah
Bagus dan pas;senang
sablon gambar nya kurang;netral
Bahannya lumayan tebal cocok buat sehari-hari;senang
Finishing kurang rapi;senang
Bagus ko baik cuma ada perbedaan aja diblakang sepatunya. Selebihnya nyaman aman;senang
"sepatutnya si ok 
maaf kasih bitng 3 Karana pengiriman nya mundur smpe 3hri";senang
Sempit....ukuran saya 42 ,,upsize ke 43 ttp aja sempit ga enak;senang
Bentuk dan ukuran: ukuran kekecilan padahal aku biasa ukuran 40, udah aku naikin ke 41 tetap aja kekecilan, tapi panjang sendalnya pas. cuma area selop masuknya kaki sempit banget;senang
Ukuran tidak sesuai, mengecewakan;netral
Bentuk dan ukuran: Terlalu tebal, saya sarankan agar menurunkan 1 angka dari size yg biasa dpakai, diaku pakai biasa size 32 besar... 30 aja kayaknya muat;senang
Bahan adem, warna real picture sesuai saat live;senang
"Warna: oke
packing nya kurang rapi";senang
Pesan putih yang di kirim warna biru karena kosong katanya🤦🏻‍♂️;sedih
UKURAN 41 DESKRIPSI 27CM TAPI TIDAK MUAT DI KAKI SAYA, DI MERK LAIN BIASANYA KAKI SAYA PAS TAPI DI AEROSTREET MALAH TIDAK PAS. SAYA KECEWA DAN PENUKARAN BARANG DITOLAK MENTAH-MENTAH;netral
Kualitas produk: Ok. Tapi untuk harga segitu kurang tebal sedikit ya kak. Tapi unt segi kenyamanan ok lah;senang
"Bentuk dan ukuran: 44
Aroma: baru
Daya tahan pakai: bagus
Warna: hitam
untuk sepatu nya bagus sekali, tetapi untuk kardus nya agak penyok,";senang
Kainnya tipis;netral
Pengiriman lambat;netral
sesuai dengan yg diharapkan;senang
Keren di pake nendang kepala sekolah efek nya lumayan sakit;senang
Kurang tebel;netral
Kemarin beli sepatunya kekecilan biasanya pakai 42 klw 43 baru cocok, ini beli selopnya no 43 tpi takut kekecilan jdi pesan no 44 eeh kebesaran 😩 brarti aku cocoknya di 43 next beli yg 43 laa, klw yg lain aman barang mantaap👍;senang
lumayan bagus,pengiriman cepat..tp sayangnya ukuran XL lebar badanya kegedean harusnya ukuran L,klo panjang lengan sama badan sih pas..kemarin minta ganti ukuran L tp katanya ga bisa pdhl sdh langganan beli aero stret😑😑;senang
"Ukuran gak sesuai chart n gak normal.
Minta ganti naik size gak dikasih. Gilax, brand suram.";netral
"Ukuran gak sesui chart n gak normal.
Minta ganti naik size gak dikasih. Gilax, brand suram.";marah
Bahannya lumayan adem, untuk harga segitu worth it lah.;senang
Segitu dulu ya bintang nya  soalnya blm di buka;senang
kardus sobek;netral
lumayan;senang
beli kaos 4 yg dateng cuman 2.. anj;netral
beli kaos 4 yg dateng cuman 2.. anj;netral
beli kaos 4 yg dateng cuman 2 .. anj.;netral
Mantaaap ka. Sesuai harga. Toko amah semoga jadi langganan;senang
Barang sudah sampai pemngemasan rapi sesui di foto. Blm di coba semoga tahan lama;senang
"Not bad
Tapi adaa sedikit masalah yaitu jahitan nya ada yang lepas satu tapi not bad lah";senang
Bahan bagus. Adem tapi agak tipis.. trus ini ada noda nya. Tolong sebelum kirim dikoreksi dulu.;senang
Bahan Dan modelnya gokil banget. To syg size 41 nya kekecilan dikakiku.padahal selalunya pakai size 41.klo until kurirnya memang andalanku.👍;senang
kekecilan sekali, informasi tang diberikan tidak sesuai, sudah order sesuai ukuran kaki saya dan sudah mengikuti size chart nya sendal ini yang ada di deskrips, tapi tetap kekecilan, chat baik2 ke admin respon nya tidak jelas, sangat mengecewakan.;senang
sendalnya sangat kecil, size chart nya tidak sesuai, padahal sudah naikin 1 size dari ukuran kaki saya tapi tetap kekecilan, sudah chat terlebih dahulu ke admin tapi respon nya tidak jelas yang dibahas muter2 disitu aja, saya terpaksa memberikan bintang 1 ke toko ini karna melihat respon admin nya;senang
keren abissss😻😻😻;senang
Gk dapet stiker;netral
Yg kanan kegedean🤦‍♂️;netral
Pesan 2 celana malah cuma 1 yg datang. Sangat mengecewakan. Padahal sudah langganan disini;sedih
Barang nya ok,bahan nta lumyan lah;netral
oke;netral
Bentuk dan ukuran: pas;netral
Bagus tapi kebesaran😌 padahal biasa ukuran 42;senang
"barang bagus.. 
tp pengirimannya lama... ekspedisinya lola";senang
Good;senang
Bagus;senang
bagus, sesuai gambar, cuma ternyata berat ya;senang
Box sedikit penyok;senang
👍cuma lama doang kaya pengiriman dari luar negri.;netral
Saran buat yang mau beli, pilih ukuran yang lebih besar dari ukuran kaki mu, aku beli yang ukuran 40 panjang kaki 25,9cm (panjang kaki ku 24,8cm), waktu dipake lumayan sempit, kecewa karena ngga ambil ukuran 41/42, untuk sepatunya sendiri yaa lumayan lah dengan harga segitu.;senang
Barang oke, warna bagus, desain juga bagus, pengiriman lumayan lama, cuman minus di box + cuttingan nya, box nya cuman pake box trus di plastikin menurut aku kurang sih box nya juga penyok, trus soal cuttingan, cuttingan nya kurang bgt menurut aku karena ada jahitan yang kurang rapih dan bau lem;senang
Bagus;senang
bagus;senang
mnyalaaa polll;netral
Baik;senang
kekecilan;netral
Sesuai,real pic hanya tinggi solnya trnyata;senang
Lain yg di co lain yg di kirim;netral
klw mau ambil yg agak oversize ambil uk xl ya gais bagus ko kaosnyaaa;senang
Deskripsi di buat lebih jelas sama ukuran size jdi gak bingung yg order saya order uk 39 uk di deskripsi 26cm eh pas dateng ke kecilan sedangkan uk saya 25,5 kan seharusnya pas eh ini malah kekecilan;senang
saya ajakin kerjasama bikin produk, gak pernah dibales.;netral
Ukuranya gk sesuai no 42 biasanya longgar ini sempit;senang
bahannya bagus,warna sesuai;senang
bahan nya bagus tapi sayang ukuran 44 kok beda lebih besar sama ukuran 44 yang model kayak gini;senang
ada noda, lain kali sebelum kirim di sortir dan pastikan dlu.;senang
kecewa berat karena barang yg diantar sudah ada noda dan kelihatan barang produk lama ☹️ , pliss bngtt saya baru pertama kali beli di aerostreet langsung ginii;sedih
Terbaik;senang
Sangat buuuuagus... Kainnyaa adem;senang
Bggsss;netral
"Bentuk dan ukuran: Pas nyaman di pake
Warna: Bagus
Daya tahan pakai: Bagus awet";senang
Oke;netral
pengiriman cepat kualitas bagus;senang
okelah untuk harga segini;netral
Bgus;netral
Sol in tidak rapi sehingga membuat sakit di kaki saat dipake;netral
tolong cek lebih teliti, kurang rapi ini.;senang
lumayan;senang
Boxnya udh penyok, dan mungkin itu penyebabnya solnya bisa ketekuk gini. Mungkin karena kesalahan pihak ekspedisi. Tapi jadinya ga nyaman dipakai karena jadinya ada jendolan gt🙏;senang
"Jahitan nya ada yg kurang rapi
Sepatu nya Kebesaran dikit 😌";senang
Kualitas produk: Bagus sesuai dengan harga 👍🙏;senang
Untuk penjual tolong lebih di perbaiki pekingan nya box hancur untuk sepatu sesuai;senang
Bagus;senang
bahan nya rusak di dalam dan logo Hoops nya tidak ada;marah
sepatunya besar sebelah,yang kanan no 38 ,yang kiri no 37;senang
lumayan bagus lah harga sgitu;senang
Bagus cuma kekecilan biasa pakek no 43,saran bagi yg mau ambil up size 1 nomor;senang
kainnya gampang lingset bahannya tipis selebihnya oke;netral
mantap;senang
Padahal sudah di kasih keterangan beda warna, datangnya 3 pcs sama;senang
bagus untuk harga segini;senang
barang mendarat dengan selamat...packinganya rapih aman sentosa, thankyou..;senang
Bagus sih, tapi agak kotor, ga bersih, udah berbulu walaupun masih baru. But it's okay semoga dia sukaa eheheh;senang
Harus dinjahit lg krn model jahitan yg di septu ternyata hanya motif doang bukan di jahit asli;senang
Ada yang sobek bajunya sayang sekali🙃;senang
kena apess dapet barang gini, sdh dicuci dikasih vanish trus disikat tapi tetep gak bisa ampunnn;netral
Selalu puas dgn produk aerostreet,over all bagus cma trnyata warna birunya bkn yg cerah gt;senang
okelah;netral
ok;netral
Bahanya bagus tebel,nyaman digunakan buat olahraga juga enak;senang
Ga espek banget bajunya;netral
kain tebal,bahan halus;senang
Baju kekecilan tapi gabisa dituker, padahal ada gideo unboxing dan tag masih utuh;senang
Barang sudah sampai tujuan;netral
Jahitan dan sambungan gk rapi...masih banyak benang dan karet sambungan yg gk rapi ditumit. Koq msh sambungan ya???;senang
"barangnya bagus, sesuai harga 

tapi males banget soalnya cepet banget habisnya😭";senang
Sayang sekali produknya bagus cuma BB aku 62 TB 152 kkecilan pas pinggulnya mungkin juga karena perutku buncit kali ya jadi gak masuk;senang
Pembelian ke 2 barang mantap cepet sampe gak ngecewain sama sekali, pleace lah aerostreet stokin yang tokyo white grey;senang
Tolong qc nya kalo ngecek yang bener, banyak jahitan tidak rapi, dan benang jahitan masih panjang tidak di potong;senang
Ukuran pas bahan bagus nyaman dipakai;senang
Kualitas produk: Bagus;senang
Kualitas produk: Bagus;senang
Lumayan bagus;senang
disepatunya banyak jaitan lebih dan ga presisi;senang
sepatu nya bagus, cuma uk nya kecil ngepas banget di kaki anak saya pasti kepakai sebentar saja. pengiriman lama sampainya, tolong packingnya di perbaikin lagi untung bungkusnya agar lebih rapih lagi. terimakasih;senang
sayang, ukuran mentok cuma 36;senang
Barang nya cukup bagus dan sesay ama ama di gambar cukup puas. Namun kurang memuaskan pekejing nya sangat rapuh... Tolong di perbaiki kedepan nya selebihnya nya baratang mantep. Dan puas trimakasih.........;senang
Mantab dah, langganan produk ini;netral
bagus, tapi ada beberapa benang yang kurang rapih dan ada sedikit kotor;senang
Bagusss bgtt barang nya❤;netral
boxnya agak peyot 💔, untung barangnya aman, lain kali kalo packing, pake Bubble wrap dong min masa udah se loyal ini sama produk lokal malah dikecewain 😞;senang
Bagus;senang
"Dapet yang bolong dan jahitan ga rapi, dan kotor
Ini bisa di retur engak ya";senang
bagus 👍;senang
Bagus;senang
Mantap;senang
Kualitas produk: bagus bngt lain kali beli lagi😙;senang
bagus banget buat anak muda;senang
Gaada konfirmasi apa2, yang dateng bukan yang dipesen;netral
Enak;senang
Bahan kaosnya ok tebal sepertinya adem blom di coba;netral
Good;senang
Bagus;senang
Bentuk dan ukuran: sepatu nya rada kecil pdhl ambjl sz 41;netral
Kak padahal kainnya baguss tapi kenapaa dikirimm ada bolong bgini kak;netral
Sepatunya cukup bagus dan nyaman buat harian;senang
worth it banget, dapet harga murah tapi barang ga murahan;senang
Bagus bhan jaitan rapih;senang
nyampenya lama bgt bbrp minggu🫠;netral
Sangat memuaskan, sesuai dengan iklan;senang
"saya memesan 2 celana, beda warna tapi satu ukuran, yaitu size 32
di chart size pinggang 42.5cm, tetapi yang saya terima 40.5
chat ke penjual, disuruh ajukan komplen ke aplikasi
saya komplen ke aplikasi, tetapi penjual menolak komplen saya, saya ajukan lagi, penjual menolak komplen, tetapi pihak tokped menyetujui komplen(refound) 
saya memilih untuk refound dan menunggu kurir menjemput paket kembali, namun kurir tidak ada datang untuk pick up hingga batas penjemputan
lalu saya cek tokped, ternyata penjual kembali menolak komplen saya, padahal saya telah menyertakan foto ukuran dari celana yang saya terima";senang
"saya memesan 2 celana, beda warna tapi satu ukuran, yaitu size 32
di chart size pinggang 42.5cm, tetapi yang saya terima 40.5
chat ke penjual, disuruh ajukan komplen ke aplikasi
saya komplen ke aplikasi, tetapi penjual menolak komplen saya, saya ajukan lagi, penjual menolak komplen, tetapi pihak tokped menyetujui komplen(refound) 
saya memilih untuk refound dan menunggu kurir menjemput paket kembali, namun kurir tidak ada datang untuk pick up hingga batas penjemputan
lalu saya cek tokped, ternyata penjual kembali menolak komplen saya, padahal saya telah menyertakan foto ukuran dari celana yang saya terima";senang
dengan harga segitu bahan teballl;netral
Bahan bagus dan lumayan tebal tapi sayangnya sedikit menyusut setelah di cuci 1x. Disarankan beli 1 ukuran lebih besar.;senang
Bagus,mudah2an awet;netral
Mantap pas bahan tebal pengiriman cepat;senang
kekecilan;netral
Ukuran 42 , panjangnya kakinya pas ,Tpi ga muat masuk;netral
Good;senang
Barang nya diterima baik, aku suka kemasannya lucu & botol nya punya kualitas bagus, tapi sayangnya wangi nya ini bukan tipe aku :(, aroma nya terlalu kuat di hidung aku, ini parfum kalau mau di pake cowo aku rasa masih bisa, dan ini tipe parfum yang kalau orang nya udh pergi bau nya masih ada.;senang
"Kaos yang warna hitam ukuran L sangat kebesaran,
Tidak seperti biasanya, padahal saya sudah beberapa kali beli sangat cocok.

Kemarin beli ukuran L dah kyak dabil Xll 😂. Kalau kain sablon dll masih sama bagusnya";senang
Harusnya update stok kalau memang kosong jangan asal kirim. pesan hoodie oversize warna hitam stoknya gak ada tapi maksain ngirim warna yang beda. malah di kirim warna putih. kapok saya beli aerostreet.;sedih
"Terima kasih seller, kualitas bahan tebal dgn harga segitu loh. bahan kaos tidak gerah sih di first impression 😋 

Saya titip untuk Jasa Kirimnya agak kurang beres, saya dpt WA kalau pesanan saya tertukar dgn kaos kaki, saya konfirmasi ke TikTok dong buat pastikan, dan syukur yg datang sesuai.";senang
"lumayan bagus 
tpi aku salah pilih ukuran jadi kebesaran🙁
jahitan nya gak rapi, btw tali yg stu nya sengaja aku cpot😊";senang
Alhamdulillah... paket pesanan nya sudah sampai dengan aman dan sesuai dengan pesanan;senang
Alhamdulillah... paket pesanan nya sudah sampai dengan aman dan sesuai dengan pesanan;senang
Alhamdulillah... paket pesanan nya sudah sampai dengan aman dan sesuai dengan pesanan;senang
Bahan nya bagus tebal, tp warna nya agak kekuningan bukan putih bersih.;senang
kecewa ga glow in dark;marah
b aja;netral
Cih, box ny jelek, kusem + basah;marah
Tolong pertahankan kualitas jgn mentang² sudah diatas kualitas mlah buruk;senang
barang sudah diterima,saler amanah;netral
barang sudah mendarat,semoga awet;netral
tolong kualitasnya di perhatikan lagi🙏🏻;netral
Sepatu nya berat. Model dan warna keren;senang
"Bentuk dan ukuran: Pas dikaki
Daya tahan pakai: Semoga awet.
Barangnya bagus. Rekomended buat hiking nih. Terimakasih seller";senang
sepatu kotor kok dikirim;netral
tipis;netral
Tidak sesuai produk;senang
Good;senang
"Bentuk dan ukuran: Praktis buat dibawa
Aroma: Biasa saja
Daya tahan pakai: Baru pertama
Warna: Putih
Semoga cocok di wajah bumil ku & kalau ok pasti co disini lagi";senang
Pesen cargo yg dtg chinos...;netral
Bagus;senang
Mksih,pket dh smpe;netral
Barang bagus, penjualnya ramah, amanahcuma ukuran yg sedikit kebesaran di saya harusnya di 42 pdhl biasanya 43;senang
Tampil bagus kualitas ok tpi ukuran nya tidak sama yg putih, ini terlalu pendek pdahal sama2 ukuran L;senang
Size 34/22,4cm ternyata masih kekecilan di telapak kaki anak sy yg panjangnya 21cm lebih sedikit,sy pesan naikin 1 size ke 34 sesuai panduan,ternyata masih kekecilan,trs berapa min ukuran bt anak sy,mau pesan lagi ini, dah ke 3x ini beli disini;senang
"Bagus kainnya adem
Sengaja pilih size xl biar gede";senang
"Kardusnya penyok2 untung dlem nya aman 
Udh langganan spatu n sendal paksdu dr aerostreet karna bagus, murah lokal punyaa";senang
"kegedeann
bisa tuker ga yaa";netral
Sepatu buat kerja proyek terlalu tebal bawahnya,mengecewakan;netral
Bentuk dan ukuran: Sesuai;senang
"Packing gal bangat.
ga aman..gmna klau kena basah";netral
Lumayan lah sesuai harga;senang
Size 43 rasa 45, size chartnya aneh gak jelas.. sy biasanya pesan sandal merk lain di size 43 pas, lah ini kebesaran.. buat kalian yg mau pesan mohon di downsize 1 atau 2 ukuran yah. CS nya sama sekali gak membantu permasalahan customer, gmn mau memajukan brand lokal kalo gini;senang
lumayan... semoga kainnya gak lombeng setelah dicuci. keranya juga kyk kebesaran gak sih.. intinya sesuai hargalah.. jangn harap lebih;senang
Mantap betul sepatu ini🔥🔥🔥;senang
Bagus , tapi nyampainya lama sekali , sampai saya ambil ke gudang kurir nya sendiri , udh lewat 3 hari estimasinya;senang
nice;netral
Saya kira seperti karet bisa mentul kak ternyata bukan;senang
Sesuai pesanan;senang
"Bagusss
Sesuai pesanna";senang
Model bagus, cuman sayang sudah pakai seminggu masih terasa yang kanan kekecilan padahal sama size 40;senang
ok sih tp solnya tinggi jd agak aneh aja😁;senang
"Barangnya ok, cuma benang masih panjang,cleanlines upper harus di perhatikan lagi dan lainnya.. 
biar sepatunya semakin laris";netral
Udah pernah beli 2 kali, tp yg skrg dateng gatau kenapa tipis banget bahannya, hadeh;netral
Ukuran disarankan ambil 1 size keatas. Berat sepatu agak sedikit berat. Sol tebal. Masih baru datang belum dipake jalan. Bintang tambah jika dirasa nyaman. Harga nya murah ya. Ya sesuai lah.;senang
Ukuran disarankan ambil 1 size keatas. Berat sepatu agak sedikit berat. Sol tebal. Masih baru datang belum dipake jalan. Bintang tambah jika dirasa nyaman. Harga nya murah ya. Ya sesuai lah.;senang
Realpict;netral
Bagus;senang
"maaf ya bintangnya 4,
ternyata warna hitamnya tidak sesuai ekspektasi.
ku kira hitamnya pekat gt warnanya";senang
Kebesaran serelah diukur ternyata uk xxl lebar dada 60 cm, klu tahu ginai kan ambil xl;senang
Bahan: Bahannya tebel tapi sayang kain dalamnya bulu bulunya banyak yang nempel ke baju;senang
"untuk harian bole lah
warna cakep";senang
Tidak ada produk ini diterima;netral
Produk nya bagus, ekspedisi nya yg lama;senang
Barang cuma sampe sebelah ..udah di kasi video unboxing juga percuma ..ga d gubris Dan ribet . Padahal gue beli dsini udah bnyk ..;netral
Bagus,hanya sepatunya berat jadi kurang nyaman ,,ukurannya lebih besar jadi yg mau co mending turunin 1size dari biasa pake,,;senang
Sesuai pesanan;senang
"barang cepet sampai nya mantap 
size 40 nya kebesaran";senang
mantap;senang
"Jelek baju nya bahan tipis bngt
Nyesel belinya";marah
Kualitas produk: Baik;senang
Sesuai dengan barang pesanannya;senang
Pinggang nya terlalu kecil , hrs nya pinggang nya bisa di tarik ini nggak, karet hy formalitas tp klu ditarik ya mentok;netral
apa nya ini ga sesuai beli apa dapet nya apa haduh;senang
"Shape and size: Nice 👍
Wearability: Nice 👍
Color: Good 👍";senang
Nice;netral
Bahan lebih tipis dari yg biasanya;senang
bagus 👌;senang
Semoga awet;netral
Bagus sekalii;senang
Agak kecil, naikin size 1 - 2 dari yang kita biasanya;senang
Bagus;senang
Mantap sesuai pesanan;senang
Kualitas kain bagus, minusnya jahitan kerah kurang rapi;senang
Berat sepatu nya;netral
Sering beli tapi kali ini ukuran sama 42 tapi kok sandal beda;senang
Pas;netral
gak sesuai size chart;senang
Keren;senang
Ukuran kekecilan;netral
👍;netral
👍;netral
Barang tidak sesuai, sdh komplen diminta hub sesuai intruksi tp ditolak.. Lain x lbh teliti krn org pesan utk keperluan skola, sdh waktunya dipakai malah salah model anaknya ga mau, yg dipesan massive low yg datang Hoop... !;senang
Ukuran nya press dibagian,klo bisa L agak besar;senang
JnT kurir terburuk. Barang sampai tgl 7 seminggu kemudian bru barang dtg itu juga hrus di ambil di kantor jnt krna kurir malas antar. Tp di aplikasi tertera barang sudah di terima. Fucek jnt;sedih
"Bagus nyaman di pakai 
Lokal bikin Pd";senang
Produk lokal kualitas inpirt sangat rekomended;senang
Produk lokal kualitas inport samgat bagus;senang
ukuran y 40 kecil ini mah;netral
Barangnya oke, cuma salah pilih ukuran aja ternyata ukuran 40 kecil sekaliiiii😭😭;netral
Wangi parfum enak, namun barang datang dalam keadaan pecah;netral
bahannya kasar dan rada panas;marah
Alhamdulillah sepatu nya udah sampai... realpick,, sepatu nya enteng;senang
Yang dikirim ga sesuai;senang
Kualitas produk: Bagus cuma ada bekas jahitan sedikit;senang
Saya pesan 2 saya juga bayar 2 barang kenapa yang datang cuma 1 saya mohon pertanggung jawabannya dari penjual;netral
mantapp;netral
sesuai foto, tapi kotak nya udah rusak dan ga ada pantalan penahan sepatu nya. kedepannya tolong perbaiki;senang
baguss sesuai pesanan;senang
Warna nya ga sesuai;senang
👍👍👍;netral
"Barang sudah mendarat dengan selamat.. barang aman dan sesuai yang saya pesan..

Sepatu nya buagusssss bangett..
Keren!!
Rekomendasi banget

Sayang sekali baru di pake sekali baru tau ada yang ngelupas sedikit, 
Tolong di cek lagi sebelum packing. Tks";senang
Bentuk dan ukuran: Bagus sesuai pesanan,;senang
Daya tahan pakai: Kayak Tinggi sebelah d pake dan saat d tes lemnya lepas;senang
Paketnya sesuai dgn harapan;senang
"Barangnya bagus 😊, cuma size 43 kebesaran kali disaya😇
Bentuk dan ukuran: Kebesaran 43";senang
ukuran 42 kayak kekecilan ya;netral
di pas 23 ternyata kekecilan 🤣;senang
kerdus ny penyok pdhl mau disimpan;netral
Barang tidak kuat .. lem nya cepat lepas ...harga 200 tpi lem nya aduuuu.baru di pakek 1 minggu;senang
"Kak ini sendal kecil kurang gede.masa no 43 kecil sj.
Harus nya no 44";netral
Sepatunya bagus sesuai dengan pesanan.;senang
Bagus untuk harga segini, salah ambil ukuran jadi kekecilan;netral
Kasih bintang 4 karna besi2 di tali sepatu nya pada lepas baru di pake pada lepas hhee;senang
bahannya bgs gk nerawang,tp gede bgt plc;netral
Kurang suka bahanya;senang
Agak berat sepatunya, lemnya rapi, cuman jahitan yg tidak rapi.. Banyak sisa2 benang yg belum kepotong. Makasih;senang
"Barang sampe cepet bngt cuma 3 hari
Selernya juga ramah bngt";senang
Sdh q tulis beli 5 variant yg berbeda malah dikirim 1 variant yg sama cok;senang
barang tidak sesuai pesanan, dipoto motif hijau stabilo tapi yg datang malah putih saja;senang
Lah ketemu cs menyebalkan lagi.... Solusi belum kelar dah minta rate 5?? Mantap betul... Kejar apaan????;senang
"barang bagus tapi ada yg tidak ada plastik di box nya dan satu nya ada plastik di box nya pengiriman cukup cepat
box 1 rusak dengan solatip karena tidak ada plastik dan box 2 aman aman saja";senang
Barang nya lumayan bagus sih cmn agak telat tapi gpllh;senang
aku biasa pake ukuran 42,trus aku pesan ukuran 43 tapi masih kecil 😓;senang
Bagus, tp ndak dapet tali tambahan. Trs talinya ada bekas kotornya. Selain itu bagus semua;senang
Mantap cocok moga awet;senang
hati² salah pilih ukuran karna kebijakannya ga bisa tuker size.;netral
Kekecilan bisa diretur sandalnya;netral
Order lain kirim motif dan gambar lain;senang
Order lain malah kirim motif dan gambar lain, lain kali kalo packing fokus dong biar gak salah kirim. Ini mau dipake H-3;senang
Bajunya bagus sesuai pesanan ,pengiriman juga cepat;senang
kirain bakal samaa kaya yg di etalasee ternyata tidakk yaa, tp isokey as ong is pink i love it;senang
sayang gabisa tuker ssize, pdhl setiap sepatu beda ukuran untuk kaki, biasa 38 masih longgar ini ngepas banget;senang
Ka mana komisi affiliate saya ka ko gada ya padahal uda saya masukanshowcase loh;netral
"Bentuk dan ukuran: Pas
Sesuai foto Dan nyaman 
Tapi synthetic dosnya rusak tpi gk pp
Kualitas:bagus lumayan Juga mntap Lah pokoknya";senang
ukuran 41 kayak ukran 43 sendal2 lain..;netral
Mantap;senang
kekecilan. padahal 44;netral
ukurannya kebesaran dikit, tapi sendalnya enak dipakenya empuk;senang
pakett lama sampai tapi kurir nya baik;senang
KLO yg ini agak tipis sih bahannya sesuai lah dg harga;senang
"bahan bagus, ukuran pas
cuma yg bikin jengkel : 
- zipper suka kebuka sendiri
- panjang lintasan zipper kurang panjang";senang
"bahan bagus, ukuran pas
cuma yg bikin jengkel : 
- zipper suka kebuka sendiri
- panjang lintasan zipper kurang panjang";senang
Bgus;netral
Ok;netral
Untuk kualitas nya ckup memuaskan krna sya udh 2 tahun make aero dan ini sepatu kedua sya, cuman mohon sangat mohon untuk packingan paketnya di perhatikan masa cuman pelastik bening aja yg lapisi box sepatunya, apa lgi pengiriman keluar pulau, tolong di perhatikan;senang
sepatunya berat banget, terutama bagian solnya yg terbuat dari karet.;senang
39cwek kek 39cwok;netral
Good;senang
Kurang suka sama bahannya. Kirain bahan katun padahal cekout pas live. Minta di spill tg gk di spill cuma bilang semua bahan katun cek out saja. Dan aku percaya. Datangnya bukan bhan katun.;senang
kkcln;netral
Bentuk dan ukuran: Mantap;senang
"Bentuk dan ukuran: Keren n pas
Aroma: Baru
Daya tahan pakai: Empuk
Warna: All black elegan";senang
"Oke, empukkk
Bentuk dan ukuran: Oke
Empuk semoga awet";netral
Bentuk dan ukuran: biasa ny pakai 42 kok ini ke gedean ya..dak bisa di retur;senang
Bentuk dan ukuran: boxnya tulisan 41 tapi sepatunya uk 43 dan yang saya pesan uk. 41 tapi diluar itu ok sy kasih bintang 3 dulu;senang
udah beberapa kali beli kaos dengan ukuran XL tapi yang ini kok ukurannya XL tapi kok beda lebih panjang..;netral
Bagus cuma berat aja;senang
harga paket 165k kurir minta 10k . korupsi 10k;netral
Size 43 tapi sempit kaki ga bisa masuk, padahal ukuran kaki juga normal dan punya banyak sepatu aerostreet size 43 and they're fine. Sandal ini gede perlu di review lagi standard pengukuran kakinya. Endingya ga kepake boss, kupake sekali dan ga nyaman.;senang
"Pas.....
Kualitas produk: Bagus";senang
Terlambat bahan agak tipis;netral
Jahitannya jebol nggak rapi kurang puas;senang
Oke;netral
Lumayan;senang
Ukuran nya kekecilan padahal itu udh naik size, udh gitu ngak bisa di reture biasanya bisa di yg lain, jaitan kurnag rapih, pakcingnya kurang;senang
sepatunya sampai dengan baik, namun untuk packaging nya mungkin lebih diperhatikan lagi karena box nya robek dan plastik pelindungnya juga robek (kurang layak dijadikan hadiah/diberikan orang lain);senang
Baik;senang
kualitas sesuai dg harga, beli 4 pcs ukuran XXL semua tp kenapa yg coklat gede sendiri;senang
saya salah memesan ukuran,dan saya meminta pengajuan penukaran tapi mereka tidak mau,saya sudah bilang kalau ongkir saya yg tanggung tapi tetap saja mereka tidak mau;netral
Bahan dalemnya buluk nempel di baju;netral
pengirimannya terlalu lama min tapi barang nya bagus kok;senang
Barang nya sesuai tapi masih ada bebarapa kecil bagian yang cacat produksi;senang
Ga ada dapat stiker;netral
.;netral
Ukuranya terlalu kecil;netral
Bagus;senang
Barang oke, real pict;netral
Okelah;netral
Bagus sih cocok buat daily,empuk sama harusnya ambil yang 41 😅,untuk kurangnya di jahitan ada yang masih sisa sisa yang belum dipotong, sama di packingnya agak kaget soalnya kok ada merah merah 😁;senang
Jahitannya kurang rapi;senang
"Klo kualitas sepatu ga diragukan lagi aerostreet sllu juara, tp kecewa sama packingnya knp tiap pesen sepatu boxnya sobek
Entah dr tokonya atau dr expedisinya
Padahal mau buat kado biar kliatan rapi klo misal ga sobek";senang
Semoga awett;netral
Produk aman tapi sayang sekali kardus nyaa lecet semuaa;senang
"UK 39 kayak ukuran 37 
Di kaki sakit
Lainya itu bagus";netral
"sandalnya oke, design bagus, panjangnya juga pas, tapi ternyata lebar sandalnya sedikit kurang lebar.

mungkin saran buat seller, tolong dimasukan juga data lebar sandalnya untuk setiap varian ukuran agar pembeli bisa tahu lebih detail tentang ukuran sandalnya.

overall quality dan kenyamannya cukup oke, terimakasih.";senang
Wangi....tapi aku kurang cocok lebih suka for her;senang
Bagus;senang
hmmm sepatunya digambar dan video sepertinya ok banget 🫣 pas datang ya sesuai harga si ga bs berexpect apa2 dengan harga segitu , jahitan ga rapih dan pemotongan karetnya jg tidak rapih 😱;senang
boLong;netral
Lain kali jangan pakai ekspedisi ninja kak, soalnya barang engga ke kirim;senang
bagus cuman agak lama sampe nya pas sebelum di check out tanggal 10 pas besok nya tanggal 11;senang
Smell soooo good☺️☺️;senang
𝕂𝕖𝕜𝕖𝕔𝕚𝕝𝕒𝕟 🙏 𝕓𝕚𝕤𝕒 𝕥𝕠𝕝𝕠𝕟𝕘 𝕕𝕚 𝕥𝕦𝕜𝕖𝕣 𝕜;netral
berat tp bgus;netral
.;netral
Tips banget wkwkwk kaya kaos 20 ribuan cuma modal nama besar doang🥱🥱;senang
"Barang nya bagus sesuai yg di gambar 
Kurir nya ramah";senang
Tidak ada pengaman di packingan;netral
pengiriman cepat,semoga awet,saller amanah;netral
Bagus;senang
Warnanya gak full hitam ada pudarnya gitu;netral
"Bentuk dan ukuran: 40 ukuran yang pas
Daya tahan pakai: Awet
Warna: Putih";senang
amanah;netral
saya pesan warna navy datang nya hitam;netral
Katanya abu muda pikirku muda banget lagi kah ternyata mendekati tua juga warnanya tu;senang
lumayan dengan harga segitu,sayangnya ada mines nya.....blom jahitan.cuman pres lem aja...maaf saya kasih bintang 3 biar kedepan ya bisa jaga kwalitas;senang
pengiriman lama;netral
Bahannya tebal dan nyaman dipakai;senang
Pemesanan kedua kalinya, suka bahannya adem dan tebal😘😘;senang
Aku udh punya 7 kaossnya🥰🥰;netral
Sepatunya bagus. ,, 🥰;senang
lem sedikit belepotan dn jahitan sedikit kurang rapih..sesuai harga lah;senang
Baguss sepatunya,, sayang gak dapet insole yang warna orange🥺;senang
Bagus pas di kaki;senang
Good;senang
"Sayang sekali kurang sesuai deskripsi ukuran dengan asilnya. Padahal aslinya bagus banget sepatunya. Aku pesan size 32 untuk anak yang kakinya ukuran 19 cm masih kesempitan. Padahal di deskripsi setara 21 cm.
Boleh di update lagi deh datanya biar ngga terlalu banyak yang salah beli size terus.";senang
kaos ee baguss menyala tokoh nyaa 🔥;netral
Modelnya bagus dan semoga awet.;senang
kualitas barang oke pengiriman yg gk oke;netral
barang nya oke pengiriman juga cepat cuma ada noda kuningnya tolong diperhatikan lagi🤗;senang
"Sepatunya bagus 
Adek saya suka katanya";senang
Lebih nendang wanginya yg saya beli pertama kali yg ukuran 10ml;netral
Bagus;senang
Barang bagus pengiriman cepat;senang
"Kecewa banget beli udh 4 kali dua kali ukuran nya gak pernah pas,padahal pesen ukuran nya sesuai yang biasa di pakai,coba tolong sol nya di cek lagi masa lompat nya harus 2 
 ,pertama beli 38 kekecilan pesen 40 baru pas,ini buat anak ukuran 34 kekecilan min";senang
dengan harga segitu kualitas kaya gitu ya cukup;senang
Good;senang
"Untuk product local bagus...
Bentuk dan ukuran: Bagus";senang
Kok tulisan yang depan agak kebawah ya , DI GAMBAR AGAK ke atas itu ,GK terima aku bang;netral
aku ga tau ini barang lama atau enggak di gudangnya tapi kondisi pas nyampe kotor banyak noda. sebenarnya udah chat admin dan dia suruh ajukan pengembalian tapi pasti prosesnya lama dan sepatunya harus saya pakai cepat. kalau ga terima aku kasih bintang segini blok aja akun tiktokku banyak;senang
"Ku kira ya empuk banget ternyata
Bentuk dan ukuran: Bagussssssss😵
Aroma: Boldd enak untuk rica""
Daya tahan pakai: Kayak nya awet
Warna: Kuning THAAAAI";senang
kurir nya lambat;netral
Oke;netral
barang nya bagus,tapi masa sekelas aero street packing nya kaya gini;netral
"finishing kurang rapih, yaa sesuai lah sama harganya.
pengiriman lumayan cepet, cuma barang ga di kasih bubble wrap lagi, polosan aja pake plastik. ya oke lah";senang
Pelayanan kurirnya gak banget, sambil marah saat ngantar paket.. ke 2x nya saya kecewa sm kurir ini;marah
Kualitas produk: baik;senang
Bagus sesuai harapan;senang
"Bentuk dan ukuran: 41
Aroma: b aj
Daya tahan pakai: Awet kayanya
Idk tapi terlalu gede soalnya udh habis 40 ukur ny";senang
👍;netral
Bagus. Ukuran nya pas.;senang
nomor 40 kekecilan. seperti ukuran nomorb39;netral
barang tidak sesuai;senang
cakeppp, nyaman jugaa dipakee tapi sayang ada noda ajaa di bagian ujung sepatu, mungkin bisa lebih diperhatikan lagi kebersihannya;senang
bagus lah;senang
Minta yg S dikirim size M, minta warna hitam dikirim warna biru! Sangat mengecewakan;sedih
"Barang yg datang beda dengan yg dipesan.
Toko yg tidak amanah.
Menyesal beli di toko ini.";senang
masih banyak banget benang panjang nya, kurang di trimming nih minnn, but overall keren sih sesuai ekspetasi akuu🤩;senang
"Cocok, pelayanan oke hanya saja kemaren mau tukar barang tapi tidak bisa,padahal baru beberapa menit saya klik beli.
mboh lah karepe seng duwe toko/seller.";senang
Paten;senang
"barang mendarat dengan sempurna 
ori 
moga awet";senang
Bahannya bagus,nyaman empuk dipakainya, ukurannya juga pas di kaki,semoga awet dan tahan lama;senang
bahan tebal,lembut dan haluss namun ada sedikit kekurangan karena dibagian dalam mudah rontok banyak benang benang halus nempel dibadan ketika berkeringat;senang
berat sedikit  tapi oke;senang
bahannya bagus, hangat, dan keren. tapi pada bagian dalamnya ada cuttingan yang kelebihan;senang
Sepatunya keren,bagus;netral
semuanya bagus tapi sayangnya kotak yang saya terima agak rusak, untuk barang dan pengantaran sangat bagus,worth it lah;sedih
Biasanya saya kasi bintang 5, tumben pihak aerostreet tidak selektif, sebelum pengiriman barang, sepatu udah jamuran, masih dikirim duuh... Tolong diperbaiki dan lebih teliti lagi.;senang
"Bentuk dan ukuran: Pas
Warna: Oke
Daya tahan pakai: Mudah²an awet";senang
Kualitas ok, cuma packing pengiriman yang minus;netral
Dus penyok parah;netral
"Sepatunya bagus, nyaman dipake meski bisa dibilang sepatu murah tapi gak murahan.. yaa meski pengirimannya agak molor sama ini ukuran 40nya agak kecil atau gimana jadinya terlalu ngepas banget pas dipake..


Overall untuk produk rekomen sih...";senang
kekecilan buat anak cowo kaya kaki model cewe depannya sempit, biasa pake 38 ukurannya udah ngukur kaki sesuai tp tetep sempit depan dan sampingnya🙏🏻🙂;senang
Bsguss;netral
Order 3pcs yg 1 bolong, minta retur ditolak, gara2 ga ada video unboxing, sy minta video saat packing dr seller jg ga dikasih, akui saja kalo memang kesalahan dr produksi, jgn merugikan buyer;netral
Order 3pcs yg 1 bolong, minta retur ditolak, gara2 ga ada video unboxing, sy minta video saat packing dr seller jg ga dikasih, akui saja kalo memang kesalahan dr produksi, jgn merugikan buyer.;netral
Order 3pcs yg 1 bolong, minta retur ditolak, gara2 ga ada video unboxing, sy minta video saat packing dr seller jg ga dikasih, akui saja kalo memang kesalahan dr produksi, jgn merugikan buyer;netral
Barang si sesuai, cuma packing ancur parah, dan host live jga kurang enak, setiap ditanya ga pernah ada respon lain kali diperbaiki;senang
"Bagus banget real pic sukaaaaa bangeeettt
Kualitas produk: Halus dan tebal";senang
Bahannya tipis tapi ngga apa lah;netral
kotak sepatu nya hancur gepeng, karena hanya di packing oleh plastik tipis sehingga menyebabkan kotak nya hancur;marah
sepatu gak lolos QC di jual;netral
Kesuwen;netral
Mantap sesuai pesanan;senang
Gak pernah kecewa sama aerostreet;netral
"Produk bagus 
Pesan L dikirim XL
Pelayanan admin buruk tidak mengutamakan pepuasaan konsumen
Systemnya buruk";sedih
Alhamdulillah barang nya sdh datang lupa foto sdh d pake hehehe;senang
Bahan nya tidak sesuai expetasi;senang
Kenapa malah ini sisnya, malah yang lain yang datang, reting 4,9 tapi isinya beda, gmna lah ini, kok bisa isinya barang² cewe, mainan kunci dll.;senang
Bagus tapi kok gak ada alas nya yaa??;senang
"Barang tidak sesuai sudah dikonfirm tapi asal kirim malah dikasih yg model lain. Pdahal sharusnya tuker ukuran aja. Alasanya
karenakan ada batas kirim dari aplikasi, maka pesanan kami proses sesuai rekomendasi kami. 
Sama aja pesen random";senang
Yg di kirimm gc sesuwai pesanan pesen sez 32 yg di kirim 30;netral
Kebesaran jadi ga di pake;senang
Paketnya ngak sesuai taik;senang
Bahannya luntur banget;netral
"Sepatunya cakep, suamiku suka 😎
Size pas! Kece sih ❤️‍🔥";senang
Bagus, sesuai pesanan;senang
ya;netral
"Ada luka sedikit,ditambah kesempitan dibagian pundak kaki nya
Bentuk dan ukuran: Pundak kaki sempit banget
Aroma: Baru Pabrik
Daya tahan pakai: Api Neraka";marah
Pas datang kotak sepatunya ada yg rusak;marah
Bagus;senang
Mntaffffffffff;netral
Bagus;senang
Paketnya mohon tepat waktu min;senang
Bagus;senang
Sangat bagus oke;senang
sepatu nyampe lebih cepat, terlihat sol sepatu tebal dan terima kasih seller dan terima kasih delivery;senang
sesuai pesanan mantap;senang
Bgus tp cutingn kurang rapi wajar murah jg;senang
di caption nya boxy pas nyampe kaya baju biasa;senang
Bagus sesuai di foto;senang
Selalu puas;senang
Ambil size ngikutin size guide, biasa saya pake 25 cm aja masih ada space, ini size 40 insole 25.9 cm pas dateng dicoba tnpa kaos kaki aja udah press jempol nempel depan. Minta tukar size tdk bisa, brand sekelas aerostreet gbs tuker size 😂 toleransi ukuran up to 0.5 cm itu hampir 1 size kocak !!!!!;senang
Bagusss;netral
jahitan kurang rapih;senang
pesen celana panjang yg datang celana pendek;netral
Pengiriman cepat, warna sesuai, nyaman dipakai;senang
Biar bintang yang berbicara;senang
Belum Sempat Di Coba Bahan Kain Ny Tapi Best lah Buat Aeroostreet Dan Kurirny;senang
Barang sesuai pesanan, datang ontime dan sesuai picture lah;senang
bagus , jahitan dan sol sepatunya lumayan rapi tapi masih ada juga yang kurang rapi di bagian sol nya tapi over all bagus sekali 🤘🏻;senang
Bahan adem sesuai pas banget;senang
bahan seperti kain flannel yg ada di dalamnya setelah di cuci rontok dan berbulu;netral
anjjjj ga rapi, kurang kuat, solnya klo kena air mudah rusak, taik, pengirimannya ga safety;senang
Kebesaran bg;senang
Baguss;netral
Bahan nya terlalu tipis;netral
berat banget sepatunya hehe... untuk anak sekolah c ga rekom kayanya .  buat kerja atau fashion oke si;senang
wangi ny gak seperti awal beli...dulu pas beli menyengat , skr agak berkurang wangi nya;netral
Biasa;senang
Biasa;senang
Bentuk dan ukuran: 42;netral
Produk oke, tp kekecilan;netral
Barang ok;netral
Sandalnya bagus,sesuai ukuran dan pengirimannya cepat;senang
Bahannya bagus, sesuai ukuran dan pengirimannya cepat;senang
bahanya agak tipis;netral
👍🏻;netral
Di saya terlalu pendek kaos kakinya. Model bagus, tipis, nyaman dipakai. Ukuran sepatu saya 44.;senang
Di saya terlalu pendek kaos kakinya. Model bagus, tipis, nyaman dipakai. Ukuran sepatu saya 44.;senang
Di saya terlalu pendek kaos kakinya. Model bagus, tipis, nyaman dipakai. Ukuran sepatu saya 44.;senang
Di saya terlalu pendek kaos kakinya. Model bagus, tipis, nyaman dipakai. Ukuran sepatu saya 44.;senang
Di saya terlalu pendek kaos kakinya. Model bagus, tipis, nyaman dipakai. Ukuran sepatu saya 44.;senang
Di saya terlalu pendek kaos kakinya. Model bagus, tipis, nyaman dipakai. Ukuran sepatu saya 44.;senang
Cukup rekomen sepatu..zais lumayan bsar ternya untuk zais 44;senang
Bagus;senang
Sangat kecewa , bahan tidak sesuai dengan yg di video , kmren saya beli yg warna hitam bahannya bagus tebal lembut , tapi setelah sy pesan lagi yg warna putih ,malah bahannya gak lembut;senang
warna nya terlalu gelap;sedih
👍🏻👍🏻👍🏻;netral
👌🏻👌🏻👌🏻;netral
👍🏻👍🏻;netral
Barang sesuai;senang
Untuk pucking oke bangat, meng istimewakan pelanggan,jaitan rapi,bentuk dan pola ok,warna lumayan, bahan kemahalan untuk harga segini;senang
𝙏𝙞𝙥𝙞𝙨 𝙗𝙖𝙝𝙖𝙣𝙮𝙖;netral
ga work buat dipake lama wkwk, berat sepatunya;netral
Demii apaa bagus bgtt cuma pengemasan nya aja jelek bgt cuma pake plastik doang nyampe² dusnya penyok mana basah kena ujan lagii hadeuh;senang
Barang bagus kualitasnya lumayan sesuai harga ...;senang
Produknya Bagus, cepat dan sesuai. Tapi hostnya yang cewek rambut pendek bersemir bikin ponakan langsung trauma. Baru tanya sekali udah di jawab jangan tanya terus, co enggak. Ni Alhamdulillah sudah co yang ke 2 untuk sepatu.;senang
Ukuran XL kekecilan saya bandingin dengan merek lain yang ukurannya sama sana XL Padahal Di keterangannya Aero Street Lebih Besar Untuk Ukuran Lebar, Panjang, Lebar Bahu dll tapi kekecilan;senang
Aga berjamur ye, aku g bisa foto ataupun video krn kamera lgi rusak, tpi tolong sepatu nya aga berjamur;marah
Kualitas sesuai harga,cocok buat harian..;senang
Spt biasa, ok bgt. Tp sayang kali ini pengiriman lama . Jadi bintang 4 yaa;senang
Kualitas produk: Baik;senang
"Pesanan sesuai gambar
Daya tahan pakai: Semoga awet dan tahan lama";senang
"Pesanan sesuai dengan gambar
Daya tahan pakai: Semoga awet dan tahan lama";senang
Pengiriman lama, box sepatu sampai dalam kondisi ancur, tdk ada pelindung tambahan untuk boxnya;netral
Ok;netral
Barang sesuai dengan gambar yang dideskripsikan dan sudah anti slip.;senang
Warnanya bagus tapi modelnya kurang kalcerr, sesuai harga lah. Cocok buat sepatu sekolah. Terus cuttingan apa lemnya tuh kelihatan dikit jadi merusak estetika 😭🙏🏻;senang
Tidak enak di pake sepatunya . Yg kotak kotaknya bolongnya kerasa banget gak enak pas di injak di telapak kaki;senang
Kyaknya berbulu deh;netral
bagus cuman sepatunya berat banget;senang
sizenya tidak sesuai;senang
box sepatu nya basah;netral
sesuai sihh cuma ga sesuai ekpetasi ajaa kardus nya penyokk packing nya kaya ga niat ga pke buble warp atau apa gituu sendal nya lumayan lahh;senang
Maaf baru kasih ulasan, krna mau tau dlu produknya klu di pake, bahannya panas, banyak serat2 yg lepas gak brenti2,bahan luntur it's oke, tapi parah banget sih bahan kek gini di pake, saya dah langganan aerostreet baru kali ini kecewa aja... semoga next lebih baik lagi. Terima kasih;senang
bagus si tapi boxnya peot;senang
pesen austin coklat maroon pas datang di box tertulis austin coklat maroon tapi isinya classic putih, dan paling ga enaknya adalah gw komen di livenya tapi malah di blok padahal cuma bertanya harus bagaimana;senang
"Kualitas produk: Bagus barang nya aman
Sampe barang agak lama minus itu doang wanginya ok lah";senang
pengiriman jauh dari estimasi;netral
Secara bahan sudah oke. Tapi mungkin QC kurang cermat, posisi gambar tidak simetris. Tidak tepat di tengah;senang
"Sekelas aerostreet barang yg gak lolos QC ttp dikirim, atau malah gak ada QC nya? jaitan jelek bnget😣 lubang jarum, mepet, banyak benang yang keluarrr. Semoga awet dehhh;( udh chat pihak aeronya malah gitu ajh tanggapannya, padahal saya udh ngirirm dari yang 3 poit itu.
Bentuk dan ukuran: Disarankan upsize";senang
beli 2sandal dg merk dan ukuran yang sama tp ini lebih kecil saat dipakek bisa di bilang 2klik lebih kecil;senang
Ini sendalnya uk 37, tapi di keterangan kan 25 cm. Tapi ini kecil bgt, biasanya ambil uk 37 pas.;senang
"Jahitan kurang rapi 
Tapi oke lah";senang
Prduknya kurang tahan lama pdhal aku krja diindor;senang
Bagus;senang
Bagus;senang
Bahanya bagus warnanya juga sesuai dan sablonnya bagus;senang
biasa aja, wanginya jg cepet hilang dengan harga segitu mending beli parfum di minimarket;senang
Maaf kak sepatunya kekecilan boleh di tukerin gak ?.ke no. 42;senang
Gabagus sepatunya;netral
Bagus tp sayang kekecilan pdhl beli sesuai sama ukuran yg biasa di pke;senang
Warna hitamnya pudar;netral
Bagus hanya saja kurang puas, benang jahitanya kurang rapi malah ada yang masih panjang;senang
harus di perbaiki lagi cuttingan nya miring;senang
Syg bgt kerdusnya botel karna packagingnya ga safety, tp for all good;senang
pengiriman lama. untuk produk boleh lah;netral
Myn;netral
myn;netral
Barangnya bagus , tp 40 kuranya trll kecil bisa ditukar ukuran 41/42 ga kak;senang
Kecewa banget masa salah kirim produknya🥹;marah
Tokonya kurang Amanah Uk tidak sesuai dengan deskripsi;senang
Kalo bisa packing an nya jangan begitu doang ka takut bgt rusak :(;marah
Sorry Aerostreet, ay kasih bintang 2, QC kurang apa gimana ya, lubang sepatu ada besi yang tajam, yg bikin sepatu terkikis, baru di coba udah bikin talinya mau putus, tali sepatunya jg kecil. sepatu mau dipake besok mau gak mau harus dipake;senang
Bagus...;senang
baguss si, tapi kotaknya penyok karna ga ada bubble wrap 😁;netral
Sip;netral
"Kalo ukuran dandal atau sepatu 42 wajib ambil 43 biar pas, saya beli 42 kaki saya tdk masuk
Untuk bahan mantap masalah cuman di ukuran";senang
Bagus;senang
Bagus sesuai yang di foto, cumann ada beberapa benang lebih yang kurang rapi dan bagian depan yang agak kurang presisi. Selebihnya baik;senang
Bulu dibagian dalamnya nempel ke baju;netral
Bahan adem , baju bagussssss ukuran nyaa passs;netral
Baju nya bagus bahan adem;senang
kirain 42 27.2 insole dalam ternyata tapak kaki luar gak papa keseluruhan bagus real pick 👍;senang
Pesan yang warna hitam datang yang warna biru🤦🤦;sedih
Packing yang asal asalan. Sampai di saya kondisi sudah bekas di unboxing dan sepatu kondisi kotor.;marah
boaguss;netral
bahan nyaman sablon depan oke, kasih bintang 4 dulu, sayang sablon belakangnya miring;senang
Bahannya bagus tidak mengecewakan;netral
Barangnya bagus bangetttttt;senang
Kirain bisa buat olahraga ternyata berat ,, tapi buat main bagus;senang
mantap;senang
Untuk pertama kalinya beli, semoga awet.. terima kasih dan sukses selalu;senang
Untuk pertama kalinya beli, semoga awet.. terima kasih dan sukses selalu;senang
Bahan nya bagus sangat bagus Masih ada yg harus diperbaiki;senang
Baguss, tapi ko aga tipis ya;netral
"Bagus sepatunya
Tapi untuk ukuran nya agak tidak sesuai dengan deskripsi.. Lebih kecil jadi pas dipake sedikit sesak 😪";senang
Mantap;senang
ga berubah ini warna ny;netral
terima kasih;netral
Alhamdulillah pas tapi agak ngepres,, saya kira uk 40 agak besar,, eh ternyata terlalu ngepres;senang
Standard;netral
banyak benang bekas jahitan yang belum dirapikan, dan itu cukup mengganggu buat saya, awalnya saya coba coba beli brand ini. dan ini kali terakhir untuk beli produk beginian. jangan bawa embel - embel produk lokal kalo kualitasnya belum di benerin. pada akhirnya ga kepake kan;senang
"Sesuai dengan harga jahitan kurang rapi 
Dan ada minus di bagian depan sepatu";senang
kok ada noda ya;sedih
jahitannya ada yang masih belum rapi;senang
tipis bgt, & nembus;netral
beli ini buat sekolah tapi kasihan karena sepatunya berat bangeeet... mungkin awet tp d pake nya kaya ga nyaman karena berat;senang
Bagus hanya saja dalem nya kurang rapi;senang
Sepatunya bikin gerah dan pegel;senang
Over all bagus, cuma ada detail yang kurang rapi :);senang
sedikit kebesaran. tapi gpp sih. kakiku 27 pas. ini 27.2;senang
lem kurang rapih;senang
bagus, tapi di bagian tongue(lidah sepatu) ada jahitan yang belum digunting atau tidak rapi yang overall bagus 👍;senang
ukuran 44 e kurang lebar;netral
ad noda;sedih
Bahannya kok kayaknya lebih tipis dari produk sebelumnya apa karna belum di cuci;netral
"kurirnya agak lambat , 3 hari dipegang sama kurir gak diantar antar , dichat gak dibales 
Selebihnya okey sepatunya nyaman di pakai , bagus";senang
000000;netral
Pengiriman sangat² lama katanya kalok datang gk sesuai tgl dapet voucher malah gak dapet apa²;senang
Sepatunya bagus, cuma dapet yang ada goresan bolpoinnya & packingnya kurang;senang
Wangi nya berbeda dari yg pertama beli;netral
Fast respon,barang sesuai gambar.hanya saja sepatux terlalu berat;senang
Bentuk dan ukuran: Tempelan yg di bawah tali itu miring,jadi sakit di kaki,kan jafi nyesel belinya.;marah
Sesuai;senang
lumayan;senang
cuttingan bajunya aneh;senang
Brand lokal ini sering sy beli, tapi baru kali ini kecewa. Kainnya sudah tipis tdk seperti dulu.;marah
Kainnya tipis;netral
Barang realpic nyaman di pakai;senang
bagus, cocok utk dipake santai;senang
Okeyy pas bgt mantap bagus cuma aga licin euy;senang
"baju putih kaya barang bekas bajunya banyak noda kuning sma kotor!!! 
Kecewa bangett!!! 
Masa beli baju baru harus di rendam lagi pake pemutih!!!!";marah
Bagusssss, cmn kecewa sma yg bju putih jdi;marah
"Bagusss cmn kecewaaaa sama yg 2 lgi
!!!!";senang
Baju baru kaya bekas, bnyak noda kuning sama kotor!!!!!;netral
Ada kuning tai;netral
"biar di Liat org lain jg, ada cacat ya tau lah kualitas 200ribuan gimana, packaging cuma box dan dilapisin plastik 1x, dah gitu aja gak di pakein kardus lagi dan plastik nya ga ditambahin lgi gtu
asal rame Jual, packing tipis aja, dpt cuan dah gitu aja. 
cuma berharap awet dah gtu aja… hadehh";marah
"Bahan nya sekarang kok beda ya sama yg biasa saya beli
Yg ini dipake ga nyerap keringat
Padahal langganan banget tp kok makin kesini makin kecewa sama kualitas bahan nya..";senang
barang nya mantapp;netral
Yaa barang oke sii, sesuai harga;senang
aga tipis bahannya, harganya ga beda jauh sama yg 35 an tp lebih bagus yg 35 an;senang
Wah, tolong dong aerostreet di perbaiki lagi, ketelitian nya, gak bisa kepake ini;senang
Keren dngan harga segitu;senang
"maaf saya kasih bintang 4
soalnya ada sedikit noda dikaosnya
mana ini warna pink pula, jadi jelas banget nodanya
 untuk masalah kualitas dan bahan sih bagus
pengiriman juga cepat";senang
kenapaa yang dikirim bukan sesuai pesanan min;senang
Bagus pas;senang
PESAN HITAM DATANG ABU TUA;sedih
Yg ini bahan nya lembut.bagus;netral
Yg ini bahan nya aga kaku;netral
Ukuran no.38 ada bercak jamur;netral
Cukup bagus, kirain ada jahitan ternyata tidak dijahit.;senang
Sesuai;senang
Selalu puas dengan produk Aerostreet;senang
Sesuai;senang
Cakep, keren.;senang
bagus,nyaman,tapi lemnya ga terlalu kuat itu aja minusnya;senang
Nyaman dipake, cuman ternyata 42 disaya lumayan ngepres banget. Harusnya naik 1 ukuran;senang
ada harga ada kualitas🤣bagian atasnya baru ditarik sekali langsung lepas jaitannya. yg sebelahnya juga ringkih banget🤣saran deh yg mo beli, klo mo make ni sepatu jangan tarik bagian atasnya, pasti gaakan lama bakal putus jaitannya. bener2 ga merefleksikan sepatu outdoor yg harusny tahan banting🤣;senang
Respon penjual cepat;senang
barang bagus tapi box nya penyok penyok ga sefety pdhl mau buat kado tpi box nya penyok;senang
Panduan size yang ada di keterangan tidak sesuai !!!! Tolong untuk para marketing Aero street lebih diperhatikan lagi. Supaya tidak ada yang kecewa lagi seperti saya. Saya ikutin panduan size yang tertera panjang kaki anak saya 19cm saya co size 34 alhasil sama sekali tidak muat!!!!!!!!!!!!!!!!!!!!!;senang
sorry g sempat foto ...untuk sablonan sm ketebalan mantap di harga segitu .. tp tlong dong dong size nya di perhatiin ..soalnya saya pesen sz L kyk XL;senang
Bentuk dan ukuran: Ukurannya pas, produk sesuai dengan gambar;senang
"Dusbox packing nya rusak, penyok, ada yg robek kardusnya, di sepatu nya kurang dalam finishing nya masih ada benang yg ngelepas sehelai dua helai

It's okay tak jadi masalah besar, saran lebih di perbaiki lagi dalam proses produksi di finishing dan dalam proses pengiriman atau packing nya";senang
Bagus sepatunya, namun saat datang banyak noda jamur di sepatu;senang
Bagus semoga awet;senang
Baik;senang
Bahannya bagus cuman pas datang kok ada yang kotor sepatunya;senang
Bagus.ukuran L TPI kebesaran;senang
Keren;senang
Barang bagus;senang
Barang bagus;senang
Kwalitas bagus sii cuman sepatux agak berat;senang
Bagus tapi sedikit kotor;senang
Kekecilan;netral
Kualitas produk: bagus;senang
Bagusss;netral
Bahan tebal tapi kaku;netral
mantap;senang
pengiriman lama;netral
paket sudah sampai kwalitas oke cuma sayang selopan kaki nya kecil jadi sempit banget gk nyaman di pakai;senang
"Kecewa kualitas bahan menurun
Dipake panas.. 😌";marah
"Kecewa kualitas bahan menurun
Dipake panas.. 😌";marah
Lumayan lah dengan harga segitu;senang
Mendarat dengan sempurna;senang
kecewa mesan ukuran M yang datang malah L;marah
Bagus. Keren;senang
Ok bgt;netral
Produk ori;netral
Bagus, produk ori,tapi syg kekecilan di anak'y 🥲;senang
Tulisan Ukurannya 42 tapi aslinya kaya 39;netral
Bagus baju nyaa bahan nya nyaman;senang
Baguss bajunya;netral
agak sempit;netral
kebesarannnnn;netral
kualitas lem foam pada tumit perlu ditingkatkan daya rekatnya, sisanya OK;senang
"Layanan cepat .
Barang bagus 
Gercep pokoknya";senang
Bagus .. Tapi dalamnya brudul .. Pas pertama d kenakan nempel2 d kaos..;senang
Untuk tampilan sepatu nya lumayan keren, cuma kalo di pake buat kerja seharian (7jam kerja) telapak kaki lama² sakit soalnya keras banget di bagian telapak kaki nya sama lumayan berat juga sepatu nya;senang
Sebagus ini 2kali di aero gak gagal si awet bagus semua bahan dalem nya soft banget  pula kalo di pake gak bakal gampang pegel;senang
Bagus sesuai di foto dan di deskripsi;senang
"Kak tolong lh barang nya di periksa kembali 
Masa ada kuning² nya kasihan castemer kak😊";sedih
Boxnya ada yang robek;netral
Boknya jelek;marah
Pertama kali beliin sepatu ini buat paksu ehhhhh dikirim nya malah begini🥲 untuk QC nya tolong lebih teliti lagi, padahal beli nya ngga lagi harga spesial,kecewa banget😭;senang
Panjangnya memang lah pas, tapi percuma selop nya gak muat sempit banget. Gak kepake juga;netral
"josssss
ditunggu bad ke2nya";netral
Alhamdulillah sdh sampe pesenan nya bhanx bgus🥰;senang
Lumayan bagus tapi kayaknya ukuran L terlalu ngepas buat saya, BB 65 TB 167;senang
agak kekomrangan di badan hitamnya tidak pekat mending beli di toko lain;senang
Saya kasih bintang 4 krna dus sepatunya penyok, untuk produk sngat bagus, bahan tebal dan hitam pekat, pengiriman juga cepat. Thanks seller;senang
Warnanya lebih cerah;senang
saran kalo mau pesen harus lebih 1 angka dari size biasa;senang
Bagus;senang
Bagus;senang
terlalu pas, sepertinya saya harus naik 1 ukuran;netral
tampilan bagus kualitas juga bagus, oh iya mau tanya dong cara nyucinya gimana ya? apakah ada alat atau sabun khusus?;senang
sesuai;senang
Baguss;netral
"1) Pengiriman lama
2) respon kurir tidak ada
3) Tumben Aerostret jahitan kurang rapi, ada bolong kecil raat turun dari 5 jadi 3 maaf🙏🙏🙏
4) kualitas oke";senang
bahan bagus tebal;senang
Ok sip sesuai;senang
Lebih ke jeans halus gitu;senang
GAK SESUAI YANG DI PESAN !;senang
"Minta warna NaVi di kirim nya hitam,
Tapi oke lah gpp bahan nya lumayan bagus";senang
"Warna: hitam
Aroma: bau sepatu baru
Bentuk dan ukuran: 43 pas gak pengap
-kotaknya aja ancur grgr pengiriman y";senang
Sangat tidak ramah dan tidak baik sekali. Penukaran tidak bisa, penjual sangat tidak baik.;senang
bagus tapi ukuran 40 berasa no 39 kecil;senang
Bahan tidak sehalus sebelumnya, yg kedua order agak kasar;netral
Barang bagus dan dateng sesuai fambar,cuma agak kecewa ama packingny ga aman  banget polosan doang dan alhasil kardus penyok;senang
produk good lokal , cuman masi ada beberapa benang jaitan yang kelebihan, sedikit kurang rapi. Overall good;senang
Problem banyak orang tentang ITEM ini, SLOPNYA KEKECILAN BOSS, padahal ukuran sudah tak naikkan 1, size cartku di angka 40 dan ini sudah milih 41, tpi masih kekecilan wkwkwk;senang
Suka sama wanginya, tahan lama juga;senang
Real;netral
Barang bagus;senang
Bagus;senang
Baik;senang
"Bentuk dan ukuran: ukuran nya 39 ngepres banget, tapi produknya bagus sesuai yang digambar
Warna: okeee bangett sukaa";senang
Barang memuaskan harga terjangkau👍👍;netral
Ada bagian yg kotor, benang jahitan keluar, beda jauh sama aero street yg dulu, sekarang kualitas menurun, harga lebih mahal;senang
Tidak pernah kecewa;marah
Memuaskan;netral
Rekomended banget;netral
Selalu puas;senang
baguss sukaa;netral
Model ini lumayan tinggal gatau warna gelap bisa luntur apa tidak;senang
Kurang lebar;netral
Bahan kaos ny berkualitas mantap boss;senang
Saya suka;senang
"Dosnya rusak 😭😭 
Ada lem juga yg gak rapi";netral
Mungkin buat bobot agak berat ya tapi buat look lumayan bagus kualitasnya apalagi tapi bawahnya agak berat😀;senang
kren banget sumpah ga usah ragu gengss udah pasti berkualitas cuma aga kebesaran krn aku ambil size 41 seharus nya mau 40 tapi size nya habis;senang
paket sampai, tapi ini kotor bat. Tolong dicek lagi ya min;netral
Sendalnya kecil bagian atasnya 44 tp ga masuk;senang
ga expect bagian dalemnya bakal senyaman ini;senang
Kualitas bagus, dan bukan pengalaman pertama belanja di sini,, udah sering,, mantap...;senang
good;senang
Good semua;senang
Bagus mantap gak yesel beli produk nya memuaskan kan😁;senang
Akhirnya nyampe juga bahannya adem banget realll pict suka banget;senang
jahitan kurang rapiiii heran padahal udah berkali kali beli shoes aerostreet baru pertama kali ini dapet sepatu dengan jaitan kurang rapi😔;senang
jaitan ga rapih sedikit but over al bagus;senang
Gg;netral
sebel bgt dapetnya gini ky di gigit tikusssss, mana ada coretan juga. jujur jd males beli lagi;netral
👍🏻👍🏻;netral
Ukuran sepatu cm (centimeter) tidak sesuai;senang
niceeeeee;netral
kelihatnanya biasa saja;senang
beberapa part kurang rapi.... but,, bagus untuk keseluruhan;senang
Lumayan bagus T Shirt nya;senang
Buat yg cari kehangatan jaket ini sgt nyaman, tp kl ngga ya sedikit kepanasan;senang
Bagus, cuma lebih gelap;senang
Robek d bagian tengah nya antara tali,jahitan ny kurang kuat,;senang
Sayang box nya penyok,🤣🤣 tapi tidak masalah,barang sesuai dan mantap lah👍👍👍;senang
Biasa sebelum dipakai dicuci dulu tapi jadi nya kaos jadi mengecil ciut bahan tidak berkualitas ciut.;senang
Barang bagus cuma ukuran sizenya kecil.. jadi ga terpake.. biasanya 42 ini pesan 43 masih kurang gede...;senang
Ok;netral
y;netral
Barang sesuai dgn yg ditawarkan, untuk ukuran lebih kecil dr ukuran biasanya;senang
Saya ambil 3pcs sy minta hitam 1, abu tua 1, sage green 1. Dan itu sudah sy tulis di catatan. Yg dikirim abu tua semua. Itu sy sudah tulis dipesan;sedih
Kualitas baik, belum ada cacat fisik yang ditemukan. Saran untuk dibersihkan dulu barang dari sisa sisa produksi dan dibersihkan dari noda karena sepatu berwarna putih. Tapi overall kualitas sepatu baik;senang
Aku bertanya di host nya bilang kak aku biasanya   pake uk 41 untuk kaki lebar apakah harus up size kata kakaknya engak usah,al hasil kekecilan;senang
Sip;netral
tolong dong jahitan lepas semua bagian samping suede;netral
Top dah;netral
Okee;netral
Ok;netral
Packing aman, minusny belum sy pake tpi udh lumayan isi parfume sy disemprot yang bukan sy semprot sendiri. Dibanding sy dikasi gift sm kka sy varian citrus klo varian ini bru 2x semprot jauh perbandingan isiny.. saran klo mw testing jgn semprot byk2.;senang
bahannya adem tapi mudah kusut;senang
kaos nya ok, sablon hoodie nya kurang agak kuning kaya barang lama bngt;netral
Bentuk dan ukuran: Bentuk bagus ukuran pas;senang
Bagus sepatuya;senang
bahannya oke bnget, tebel nyaman dipake. kurang lebar dikit sebernya panjangnya udh pas. mgkin lain kali beli ukurannya+1. packaging nya juga bagus bgt rapi aman;senang
bahannya oke bnget, tebel nyaman dipake. kurang lebar dikit sebernya panjangnya udh pas. mgkin lain kali beli ukurannya+1. packaging nya juga bagus bgt rapi aman;senang
Not bad;netral
Bagus;senang
pengiriman lama;netral
pengiriman lama;netral
Mantap;senang
bahan bagus sukaaa;senang
Keren... 👍🔥;senang
permisi kaa mohon maff, ini saya salah ukuran dalam membeli sepatu boleh minta di return ngga ya ka atau di tukar🙏🙏;marah
"Maaf baru ngasih ulasann.. Paketnya sudah diterima dgn baik. 
Sandalnya baguss sesuai pesanan 
Terima kasih.";senang
Agak terlambat sih nyampe nya satu hari tapi bagus kok lumayan lah;senang
Barang sedikit kotor. Bekas tangan;senang
Paket diterima dalam kondisi baik;senang
Kaya baju bekas,plastiknya udah lecek,baju lecek dan agak bau;marah
Joss dah aerostreet;netral
Produk mulus;netral
Ga k pake;netral
Yg DTG ukuran 36;netral
Alhamdulillah, brangnya sudah smpai tdi siang, cuman 1 aja sih untk produknya agar bisa lebih di prbaiki lgi setiap ditel nya, seperti jaitan dan setiap potongan bahannya, soalnya agak kureng untk sepatu seharga 1k lebih, untungnya sya pilih warna hitam jdi gak trlalu keliatan;senang
Alhamdulillah sampe;senang
Jujur aja saya udah pakai aerostret bertahun2 tapi untuk kali ini agak kecewa,karna dari sepatu nya masih ada yang belum rapih,trus tali nya juga agak amburadul sedikit, over all baguss cuma yaitu di rapihin lagi aja buat sisa benang sama bekas coretan sample;senang
Keren pokoke;senang
sy kecewa, biasany pakai 44 tp trnyata kegedean, tapi ga bs dtukar sm skali jd ga kepake, trnyata byk yg komplain ga ba dtuker dan kegedean juga,biasany sy beli sendal atau spatu atau baju kl kegedean bs dtukar asal pngiriman byr sndiri, saran kl jual yg pake ukuran jgn pelit2 tuker , jdny pembeli pelit jg ksh bintang, sy doakan yg tdk baik  sesuai dgn cara admin aero menjual dgn tdk baik jg amin;senang
Agak kecil sepatu nya;netral
Di wash koc luntur;netral
Bahan bagus;senang
pesanan sesuai,bahan nyaman jaitan rapih,fast respon,harga minimalis.;senang
Sepatu sakit dipakai;marah
Hm;netral
cakepp, tp ternyata size 38 pas bngt dikakiku, bisa return tidak ya kakk;senang
Ukurannya kegedean TPI gpp lah amann azzaa;netral
Bagus;senang
paking tanpa basabasi, model cakep sayangnya tidak ringan;senang
Sepatunya realpic n pas bgt di ukuran kaki anak saya no 2;senang
aga kesal sih karna kardus nya rusak udah padahal buat kado, sama sepatu nya ada kaya kena noda gitu;sedih
Ok;netral
Baguss cuman di bagian depan kotor dikit tapi gapapa;senang
Ga bisa retur pas salah ukurann…;marah
"bahan bagus   cocok untuk nongkrong  dan jln jaln atau kerja tidak trllu formal yaa ... cuman disaranin naik 1 sz dari ukuran biasa pake aku ukuran 37 sempit  ganisa retur pula  syg kd gkkepake padahl   lucuuuu
Bentuk dan ukuran: bagus ukuran 37 terlalai sempit dari biasanya  (merk lain)";senang
Sesuai;senang
Sesuai;senang
Bagus;senang
Kualitas bagus oke tapi alas nya agak licin di lantai ber keramik;senang
-;netral
Bagus;senang
Pertama semprot kuat wanginya tapi setelah 3 jam an hilang;netral
Pertama semprot kuat wanginya tapi setelah 3 jam an hilang;netral
Pertama semprot kuat wanginya tapi setelah 3 jam an hilang;netral
Pertama semprot kuat wanginya tapi setelah 3 jam an hilang;netral
"Pertama semprot kuat wanginya tapi setelah 3 jam an hilang
kurang cocok disaya wanginya";senang
"Pertama semprot kuat wanginya tapi setelah 3 jam an hilang
kurang cocok disaya wanginya";senang
Jahitan nya kurang rapi;senang
Barang nya sesuai bgt;senang
gue kira wangi nya kek cewe gt ada lychee lychee nya trnyta manly bgt, jd ga kepake;netral
yang diorder model apa, yang datang model apa, ga sesuai modelnya, kecewa;senang
yang dipesan model apa, yang datang model apa, padahal saya beli karena model nya, baru pertama beli di toko ini, langsung kecewa;senang
agak berat sedikit;senang
paket aman,, semoga awet barangnya.. terima kasih;senang
Sol sepatunya kurang berkualitas, cepat rusak dan berlubang, tidak nyaman dipakai karena panas, serta sirkulasi udaranya buruk;marah
Buat trial run aman sih trek licin Masik wort it, cuman di trek berpasir kurang recommend, intinya pakai sesuai trek lah;senang
Ukuran 41 ternyata kekecilan;senang
bagus sih cm kekecilan di aku;senang
"Bentuk dan ukuran: Ok
40 pas
Aroma: Wangi
Daya tahan pakai: Muaat
Warna: Sesuai gambar";senang
mantap sepatunya, tp kardusnya udah penyok;senang
sayang beribu sayang, sebenernya udah langganan pake aerostreet, tapi admin di tiktok shop tidak komunikatif jika barang kosong dan asal kirim.. pada dasarnya pembelian online itu sesuai foto dan keterangan.. terlalu buang waktu kalau harus klaim dengan mengembalikan barang..;senang
bagus tapi sedikit kotor,tapi okeh sihh ngak papa;senang
Sepatunya realpic cuma kekecilan di kaki anakq,saya kira agak besar.;senang
Realpic sepatuny;netral
dengan harga segitu kualitas kurang memuaskan;netral
Tumben finishing nya kurang rapih, masih banyak sisa jahitan;senang
Bagus,rill pick;netral
Lama;netral
i will test tomorrow for hiking, if that good ill back to give 5 star. looks good so everything okay.;senang
"Alhamdulillah terkirim dengan baik tapi sedikit kecewa karna dikirim melalui expedisi ninjavan, soale ada pihak penipuan yang mengatasnamakan ninjavan🗿 sedikit saran ke pihak aerostret harap jangan kirim paket melalui ninjavan biar gak ada korban lagi..
Terimakasih🙏";senang
Biasa aja;senang
Lumayan;senang
Kurang suka;senang
Barang sesuai yg d video pokok nya mantap lah;senang
Dan Yap, pasti kardusnya penyok.;netral
keren tapi jahitannya masih ada sedikit;senang
Barang bagus tapi jaritan pinggiran cepet lepas;senang
Gasuka bau nya;marah
Keren sepatunya, kondisi mulus;senang
Bagus cuma warna nya kalem banget 2x cuci udah pudar gitu. Untuk ukuran L di suami BB 63 perut agak buncit masih kegedean. Harusnya M mungkin pas. Untuk look bagus. Buat nongki cocok.;senang
baguss,sesuai harga. Ukurannya pas nyaman dipakai;senang
👍;netral
Kualitas produk: Ok;netral
"Brg nya agak"" lecet tapi masih wart it sihh";netral
"Alhamdulillah udah sampe cuma agak sedikit syok ya karna diarea insol itu aku kira dijahit ternyata engga dan ada noda ya di bagian belakang sepatu, trus diarea mata kaki juga kaya bekas gesekan ga tau ori atau engga tapi semoga awet dan bener ori
Bentuk dan ukuran: Pas
Aroma: Normal kaya sepatu baru
Daya tahan pakai: Kurang tau belum dipakai";senang
"Ku kira sepatunya ringan padahal lumayan berat selebihnya bagus
Okelah";senang
"Kemasan paketnya..gitu amat yaa...😅😅
Kotak sepatu,,dibungkus plastik bening tok..";netral
Yang wanginya enak di gua cuma, peach, for her, sexy sunset, sama citrus garden, next bakal beli tester yang lain;senang
Okkk mantapp;netral
Kualitas bagus;senang
malah peyot parah:);netral
Yg ini malah kekecilan;netral
Ukuran M tp besar skli seperti ukuran XL;senang
Bentuk dan ukuran: Pas;netral
Mantap;senang
Agak sempit,;netral
"Kurir melempar paket sembarangan mengenai mobil tettangga. 
Bego banget";netral
"Bentuk dan ukuran: Pass
Warna: Bagus";senang
Bagus yaa harga segini sukaa;senang
Barang Bagus;senang
Barang Bagus;senang
Barang Bagus;senang
Bagus sepatunya pas dikaki thanks seller;senang
apaan nih yg lain aman, kok ini pecah di dalam;netral
bagus;senang
bagus;senang
okey;netral
bagus;senang
Sesuai anak saya suka bgt ☺️ tokonya amanah kurirnya juga baik dan ramah ☺️🙏;senang
Brend besar tapi ga di pecking rapi;senang
.;netral
Pink nya ga sesuai sama di gambar ga sih 😭;senang
Tidak sesuai pesanan atau gambar,pesanan abu tua yang datang warna hitam ya lumayan dengan harga segitu;senang
Bentuk dan ukuran: baik;senang
Bentuk dan ukuran: Sepatunya kebesaran;senang
Ok baik ....tidak diragukan LG ....mantap pokoknya;senang
Bentuk dan ukuran: Bentuknya terlalu pendek bagian tumitnya,ukuran pas;netral
Bagus;senang
Top markotop.. order beberapa kali gak pernah gagal..;sedih
Bahan tipis layaknya kaos 30rban;senang
lumayan lah;senang
"Bentuk dan ukuran: Bagus
Daya tahan pakai: Bagus cuman kurang kerapihan";senang
"Langganan sepatu ini baru kali ini agak kecewa 😐
Kok bagian depan sepatu yg sebelah kiri gak simetris yaa 
Agak ganggu keestetikan kalo di liat lama2 tuh 😓
Terus alas nya kegedean gitu sampe bikin sepatunya kayak gede ke pinggir 🥴
Mohon di perhatikan lg pas mau ngirim barang";senang
kekecilan, L rasa M;netral
Maaf paket tidak sesuai tapi saya Terima karna kaos nya bagus;senang
Berat sepatux;netral
Keren;senang
"Produk nya keren 
Tapi saran awak klo bisa kasih lah kaos nya min😁";senang
Berat sepatunya ampun deh , bagus seh modelnya uk biasa size 38 , mending order size 39;senang
mantap, bahan bagus;senang
Barang bagus;senang
Barang bagus;senang
Bagus .. sekolah baru sepatu Baru keren;senang
mantap;senang
Bahan sedikit berbulu di selangkangan saat setelah di pakai pertamakali seharian, bahan meral warna sesuai;senang
tinggi badan 179, panjang clana kurang 3-5cm;senang
bahan baju kek harga 35 telll,,tipis,mulur,mosok Rego 70 bahane ngene too?? nyesel aku tuku neng toko ngene Ki,,,klambine Podo ae koyo Rego 25an bahane tipis mulur,,iseh apik klambi 35an;senang
Produk bagus;senang
Mayan;netral
"Finishing kurang rapi. Sebelah kanan ada sisa jahitan dan coretan. Sebelah kiri coretan saja.

Barang sesuai pesanan. Pesan siang, besok sore sampai, cepat sekali. Desain oke.";senang
Untuk harga segini luar biasa,,semoga sepatu ini awet krna untuk OB kantor aku dan bermanfaat;senang
untuk ukuran 32 sangat sangat kecil sekali;senang
Sesuai👍;senang
Sesuai dengan di gambar;senang
Jahitannya masiih agak kurang rapih dan packing nya asal asalan banget tanpa buble wrap cuma di bungkus plastik bening doang dan akhirnya box nya penyok;senang
Lumayan baik;senang
"Bener2 kek kuntilini dah wkwkw 
Untung beli yg kecil dulu
But semua tedgantung selera ya guys 
Sukses aerostreet 😘😘";netral
produk bakkk;netral
produk baikk;netral
Skip;netral
Lumayan bagus;senang
ukuran tidak sesuai deskripsi;senang
Bagusss, bahannya ademm;netral
sesuai;senang
sesuai;senang
baju nya bagus, semoga ukuran nya pas d pacar aki;senang
Ok;netral
Maaf br kasih ulasan bagus aku suka kemasan rapi sendal nya lembut enak di pakai;senang
sol sepatu bagian dalamnya aneh, seperti kelebihan gitu apa emang sengaja ya?;senang
Kualitas produk: Bagus;senang
Kualitas produk: Bagus;senang
Kainnya agak bagus tapi sayangnya agak kaku ya;senang
"Harga : kualitas
Jahitan di tekukan kaki sedikit terburai.";senang
Bagus;senang
"Update nih tampilan bahan dalemnya nempel dibaju yg kita pakai
Padahal tampilan luarnya bagus";senang
Pesen size 40 yg datang size 37 yak apa mbak kecewa banget;marah
Tolol;netral
"Paket nya sudah sampai tapi kotak nya hancur hancur an cuma di plastikin malah polosan 
Cara pengiriman nya juga asal asalan gk di bungkus dengan benar ✅
Untuk sepatu ya lumayan
Warna: Putih
Daya tahan pakai: Belum di coba
Aroma: Aroma sepatu baru
Bentuk dan ukuran: Pas";senang
"Paketx Sudah tiba dengan selamat. 😀
Di luar ekspektasi sih ini. Kualitas sepatux bagus.. Realpic👍";senang
lumayan cuyyyy;senang
Bagus;senang
overall bagus, cuman buat kalian pecinta sepatu ringan ini agak berat dikittt sayangnya pas dateng ada sdkt noda maybe bisa d ilangin pake minyak kayu putih buat harga under 200 ini worth it bgttt ❤;senang
Double box sih, tapi untuk yg series sumatera box nya ancur, banyak doubletape nya, untuk sepatu nya juga kayak abis  dipake, bukan brand new, wkwkwkwk kacau aerostreet aerostreet;senang
Nice;netral
Green nya ketuaan;senang
mboleh laaa;netral
"Bagus, tapak lembut dan di jahit. 
Jahitan agak kurang rapi (ada bekas benang).";senang
"Ada sedikitt kurang di produknya,ada noda lem
Ada noda lem";sedih
Baguslah;senang
Jahitannya lepas dikit;netral
Bagus, sesuai pesenan;senang
Keren cuma bahan nya agak tipis jadi ku kasih b 4;senang
kecil bgt,g bisa msk;netral
Asli ya gue kan beli make duit, pas dteng keadaan sepatu gini, agak sakit hati sih kaya g amanah bngt seller ny sekelas aero loh;marah
Sesuai pesanan;senang
"Bagus
Tapi ukurannya agak kecilan dikit dari ukuran umumnya";senang
Sepatu nya bagus,tapi sayang peking nya jelek ke ga ada pekingan ampe penyok;netral
Sae produknya;netral
nice,cepat sampai;netral
Lumayan lembut;senang
Lumayan lembut;senang
Joss tenan;netral
Saya gak tau yg salah dri yg mna ini untung gak ilang atau rusak isi nya 😓;marah
Sisa2 benang jahitannya masih kurang rapih,lainnya bagus semua.semoga awet;senang
Good;senang
good;senang
Maaf ini datang nya tidak bagus box rusak semua bahkan sepatu udah posisi berantakan kardus nua juga sudah sobek sepatunya keliatan kalo di lihat tapi untuk sepatu oke cuma di soul nya ada benjolan nya makasih;senang
"Toko tai...asal kekirim aja tuh barang kalau gak ada sesuai pesanan gak usah dinkirim...kirain warna hitam datang warna tai...

Tokok cap maksa kirim 👎👎👎👎👎👎👎";senang
Barang bagus tapi sayang kegedean😮‍💨;senang
sepatunya kotor, berdebu, tali sepatu sudah berbulu, bagian putih nya ada bercak kuning, bagian hijau nya juga ada bercak kuning;senang
Alhamdulillah sdh smpe.. sdh sering beli merk aerostreet kualitas ok bngt smg sllu awet.. trima ksh seller 🙏🫶;senang
"untuk harga segitu produknya melebihi expectasi mantapb,
tapi gratis kaos kakinya lupa";netral
Luarnya sih okeya, bagian dalam rontok semua, nempal ke pakaian lain waktu dicuci, agak kecewa kirain produk ini sekece iklan2nya;marah
ini kok kiri semua ya min😭;netral
Baju laku ku semuanya produk aero;netral
Baju laku ku semuanya produk aero;netral
Bagus bgt;senang
Bnyak jahitan keluar kurang rapi beda ma foto;senang
Bagus keren ukuran pas bahan nyaman cuma agak tipis tapi bagus;senang
Oke;netral
Kenapa wanginya gak sama ya;senang
barang sampai dengan selamat hanya saja yg saya terima sudah lekang/sol spatu tidak terlem dengan sempurna, Saya harap di QC terlebih dahulu sebelum di kirim agar di terima dengan baik oleh konsumen;senang
ga sesuai ekspektasi,kirain bakal sama bahannya sama yg saya beli kemarin, pdhl sama tokonya niat beli karna udh percaya ama brand ini malah kecewa ko makin nurun kualitas nya aerostrrt.;senang
Ok;netral
Ok;netral
Mohon di cek lg sebelum dikirim, sepatu kotor, ada cacat dikit.;marah
scent oke tapi spl loyo. wajar sih karena harganya memang murah;senang
bagus;senang
Top;netral
sesuai ekspetasi tapi ada benang yg bruwul sdikit tapi ngga pp;senang
Bgs;netral
Bgs;netral
Bgs;netral
Bgs;netral
Nice;netral
Udah nyampe gak nyangka sebagus ini;senang
Bahannya bagus tebal cuman kekecilan salah ambil size huhuh;netral
Good;senang
Barang sudah sampai dengan aman mungkin karena bahannya yang memang sedikit tebal jadi sesak padahal sudah saya lebihi. Sedikit saran untuk yang mau pesan dilebihi 2/3 cm. Dan juga untuk packaging mungkin bisa di beri bubble wrap karena box penyok meskipun isi di dalamnya aman.;senang
Agak kecil;netral
K;netral
Joos barangnya;netral
Oke;netral
Jahitan jelek/bnyk yang udh putus;sedih
kekecilann ka kecewa;marah
Kualitas barang keren, minus pengiriman aja, sampe 3 minggu cok ke sulsel;senang
Kualitas barang keren, minus pengiriman aja, sampe 3 minggu cok ke sulsel;senang
Kualitas barang keren, minus pengiriman aja, sampe 3 minggu cok ke sulsel;senang
Bagus,tapi ada sedikit kotor.kayaknya abis jatuh..;senang
Realpict.;netral
Tidak sesuai ukuran 26,5-27 cm;senang
produk lumayan bagus, tp pengiriman terlambat, sdh coba hubungi admin aero biar bisa bantu, ga ada respon, sampai masa komplen sendiri ke tokped, trs hubungi admin aero lg kalau sdh komplen sendiri, baru direspon, yasudah sih;senang
Sesuai pesanan;senang
Masih bagusan yg kecil wanginya tahan lama...yg besar g tahan lama;senang
👍;netral
kece;netral
Barang bagus sesuai gambar👏🏾;senang
👍;netral
👍👍;netral
ini mah farpum Casablanca😄😄🤣;netral
kurang puas sama produk nya karna jahitannya kurang rapi, banyak benang yang tidak terpotong mana asal asalan lagi menjahit nya jahitannya kurang kuat,mudah lepas dan sepatu nya banyak yang di lem tidak di jahit👎🏻👎🏻;senang
"Warnanya tidak terlalu gelap kemasan juga Bagus karena menggunakan Box
Kualitas produk: Lumayan";senang
"Sablon nya bagus, yg harus di upgrade bahan kaos nya dan packaging nya
Kualitas produk: Original aerostreet,";senang
Bagus,lambat pengiriman;netral
Warnanya Kya beda SMA yg kmaren sya beli;netral
Tipis;netral
Minus sablonan nya kurang bagus;senang
paketnya aman bangett, suka kotak parfumnya, lucuuu 🥺❤️ wanginya juga enakk;senang
barang baus, dan sesuai;senang
bahannya agak kasar;marah
Minus jahitan tag;netral
Gak seenak itu ternyata wanginya;senang
Band kakinya terlalu sempit, jadi nggak bisa masuk kalau nggak di paksa;netral
Barangnya bagus dan sesuai pesanan;senang
Terbaik;senang
Kualitias oke;netral
Bahan celana tebal, tapi bagian dalam celana ada rontok berbulu yang tidak habis” sudah saya cuci 3 kali;netral
Ok;netral
Kualitas produk: Lumayan...;senang
Bagus, bahan juga  bagus, pengiriman superduper cepettt, tpi packing kurang aman gatau itu kena minyak atau oli tpi plastiknya berminyak sampe kardusnya untung ngga kena sepatu. Tapi selebihnya bagus bgtt sepatunya;senang
real pict;netral
terlalu berat dan terlalu besar untuk ukuran 42;senang
Bagus;senang
Order hitam yg datang navi, itupun ngadimin telat kasihtau, pas barang udah dikirim baru japri wasap. Bahan tebel, tampak luar oke, tp bagian dalamnya rontok semua, nempel di pakaian lain waktu dicuci, kena keringat nempel di kulit;netral
Sesuai pesanan;senang
Finishingnya oke... Sepatunya enteng lembut.;senang
Bagus kokoh tp sayang ternyata ga ringan,berat dipakai;senang
jahitan kurang rapi dan warna putih ada bekas hitam gtu tapi overall bagus produknya. bahan bagus. semoga kedepan jahitanny bisa lebih rapi lagi;senang
Tutup botol ringkih pecah;marah
Celananya pas dicuci warnanya luntur;netral
Good;senang
Barang sudah diterima ukuran pas.recomended walaupun dusnya penyok dikit tpi aman² aja  selebihnya kece parah produknya;senang
Bagus brgnya;senang
ada yg kotor dibagian blkg baju, uk tidak sesuai;senang
Sebagai raja iblis dan ketua mafia pentol, sebenarnya tidak nyaman letak merk-nya berada diujung samping lidah. Sebagai orang yang first time beli sport shoes, ketua sangat marah. Tapi overall bagus sich guys, dipake enak dibuat olahraga jg enak kayanya, casciscus beli guys well well well🤭😚🫵🏻🥰;senang
Pengiriman lama;netral
Hitam nya kurang pekat agak ke navi navian, agak ngoversize jg kalo dipake;netral
"Kain bagus nyaman di pakai
Kualitas produk: Baik";senang
beda warna dan gambar;netral
Barang tiba sesuai jadwal kemasan aman sekali utuh,bangga memakai produk dalam negeri,bisa buat langganan toko ini;senang
Bgus;netral
Pengiriman lambat kurir ramah, Pekingan tebal, cuma agak kecewa ku kira wangi vanila ternyata jauh bangt sama expetasi aku, tpi masih oke lah wangi nya, terus setiap kali semprot salalu rembes di tutupnya jdi gk bisa di bawa kemana², tolong min di perbaiki lgi terimakasih 🙏🙏🙏;senang
"Sesuai angan"" sepatunya cakep, menurut q ga ad minus yaa d produk ny
packingan ny jg super rapi berlapis lapis, jd produk aman
Aq gak berharap terlalu berlebihan karna aq sadar aq boros bngt sama alas kaki😁 tapi semoga ini lebih awet dr sepatu q yg sblumny
Ohh iaa terimakasih bnyk free kaos kaki ny";senang
Bagus Cuman Sayang Size 41 tapi Kecil;senang
Gaada paking nya gaada stiker nya tapi barang nya bagus;senang
Alhamdulillah paketan sudah sampai.barang bagus rekomendasi buat anak sekolah dr sd- smp;senang
Overall bagus, beli buat bahan bikin video affiliate semoga banyak yang co;senang
Memuaskann;netral
"Baik
Aga kekecilan";senang
Mayan;netral
Ini agak berat ya moga awet;netral
bahan luar oke, tapi bahan kain yg dalam masih banyak serabutnya dan menempel di tangan, sudah dicuci juga tetap sama;senang
Ukuran baju nya tambah pajang.. Beli pertama pas panjang nya. Beli ke 2 panjang nya baju nya beda sama beli yg pertama;senang
Ukuran baju nya tambah pajang.. Beli pertama pas panjang nya. Beli ke 2 panjang nya baju nya beda sama beli yg pertama;senang
ukuran tidak sesuai deskripsi;senang
cuttingan tangannya tidak sesuai dengan badan baju;senang
cuttingan tangannya tidak sesuai dengan badan baju;senang
Mantap;senang
Bagus;senang
Bagus;senang
Ada yg gimmick dikit tapi;netral
Ok;netral
Bahan kain panas, tipis;marah
riel bisa berubah warna;netral
Alhamdulillah bagus dah nyampai;senang
"Kualitas produk: sesuai yang di deskripsikan
Maaf baru pakai jaketnya jadi review ulang.. mengecewakan karna bahan dalam jaketx bulu2 halus nempel di kaos ..sewaktu makek jaketnya.. ini kenapa yah begini? soalnya baru 1x ketemu bahan jaket seperti ini..";senang
.;netral
Mantul;netral
Ke 2x nya beli produk ini bagus sih, tolong tingkatkan quality kontrol nya banyak benang & jahitan kurang rapi;senang
Bagus;senang
Dus sepatunya sobek;netral
Sesuai deskripsi;senang
Sesuai deskripsi;senang
Sesuai deskripsi;senang
Lumayan;senang
sz terlalu besar, udah komplen di chat buat ganti size tapi katanya gabisa padahal baru di co belum lama kecewa sih;senang
Warna: Bagus;senang
Packing seadanya, cuma kardus diplastikin, penjual gak ramah, gak ada sopan santun, UKURAN TIDAK SESUAI DESKRIPSI.;senang
kualitas oke;netral
kualitas oke sesuwai hrg;netral
Bagus;senang
Bagus;senang
Bagus, untuk d harga segitu sangat bagus!;senang
Kain nya tebel adem ..sangat puas .👍;senang
Cantikkk tp cuma 1 di sepatu ga ada sizenya jd gatau bner / ngga. Inipun jg kebesaran tp gpp cantik sepatunya;senang
Agak berat dan kurang rapi benangnya.;senang
Kaosnya bagus cuma L nya agak kecil;senang
Sangat bagus suka bgt;senang
Biar bintang yang berbicara ✌🏻✌🏻 kalau dari samping sih dah oke banget, tapi kalau dari belakang atau depan, kurang rapi dan simetris aja ✌🏻✌🏻;senang
"Baguss pollll
Sesuai foto dsn deskripsi";senang
..;netral
..;netral
Keren kak terimakasih;senang
Bagus ukuran nya pass;senang
Barang bagus sesuai pengiriman cepat;senang
Mantap;senang
Kak bisa gak di dana aja soal nya klo tu kirim ke pembayaran tadi gak bisa aku tarik uang nya;senang
Terlalu besar ukuran M;senang
baguss, tapi agak tipis;netral
Gk bisa berubah warna;netral
Baik;senang
untuk wanginya sih mantap, tapi untuk tutup botol parfumnya retak;senang
Ok sesuai;senang
Oke;netral
Pas;netral
Mayan;netral
"sepatunya kotor banyak banget noda nodanya, kaya barang lama, berdebu, lemnya juga keliatan jd kuning' gt, terus solnya yg pinggir juga aga kuning.

sol pinggirnya udh coba di lap, tapi ga bisa masih nempel nodanya.
kecewa sih padahal baru pertama kali beli brand ini.";sedih
bagus banget tapi kegedean;senang
"bagus tapi sepatunya agak berat
Bentuk dan ukuran: Brooklyn 42
Warna: hitam";senang
Aga kerasa alasnya,jd aga pegal waktu dipake;netral
Lumayan cuman agak kecil;senang
sablon yang dipakai tidak bikin pengap,kainnya juga nyaman tapi untuk penyerapan keringat rasanya agak kurang;senang
"bagus banget tapi ada sedikit goresan atau apa itu di sepatu 
selain itu aman sepatunya";senang
Baik;senang
toko ini tidak menampilkan stok barang yg aktual, dan memaksakan mengirim barang yg dia rekomendasikan. modus nya barang langsung diproses jadi pembeli tidak ada opsi untuk pembatalan. untuk mengembalikan barang jg tidak mudah jadi akhirnya pembeli harus menerima barang yg tidak sesuai order. sayang sekali tokopedia jg tidak ada solusi praktis untuk melindungi pembeli dari kasus seperti ini. seharusnya jika jelas barang kosong, opsi pembatalan harus tetap ada daripada barang terlanjur dikirimkan.;senang
Kurang bgus;netral
Sepatunya bagus, tpi jahitan kurg rapi;senang
bahan cukup bagus, tapi dari warna kurang navy ngga kaya di photonya;senang
Keren sepatunya,, cuma terasa berat, kirain ringan, saran untuk deskripsi barang di tulis berat dan massa barang;senang
"Iseng"" Berhadiah sih, so far it's okaylah harga 200rb an jangan terlalu expect tinggi untuk finishing nya😁 untuk koreksi QC aja : ( soalnya lem masih banyak yg belepotan & potongan benang jahitan masih patung semrawut aja sih, selebihnya masih okay )
Bentuk dan ukuran: Sesuai
Aroma: Baru
Daya tahan pakai: Belom di jajal
Warna: B&W";senang
Ada yg cacad;netral
"Bentuk dan ukuran: Sepatu ukurannya 36
Aroma: Sepatu
Daya tahan pakai: Awet
Warna: Hitam pekat
Aerostreet murah diskon pas buat anak sekolah dll.";senang
Aman sampai tujuan, keren sepatu nya cuman aku kasih bintang 4 karena bagian bawah sepatu nya tingggi bgt kirain ga terlalu tinggi dan mnrutku g cocok buat cowo sih;senang
Sangat tipis bahan bajunya;senang
Ukuran XL nya ternyata besar sekali;senang
gantungan kuncinya patah;marah
alhamdulillah bagus , walau gantungan kunci rusak;netral
Produk jelek kerahnya kebesaran ukuran yg d kirim tdk sesuai;senang
Sepatunya bagus,pas dianakku👍👍👍👍;senang
Ok;netral
brang bagus tapi pemekingan kurang memuaskan;senang
Produk yang datang pecah padahal. Bublewarpnya sangat tebal. Isinya sampai habis;senang
Bagus;senang
produk sesuai dengan iklan bagus apalagi dc-nya bordir pokoknya untuk aeros red x DC bagus, untuk barangnya sebenarnya bintang 5 cuman aku kasih bintang 4 karena ada beberapa bagian bawahnya yang kotor dan gantungan kuncinya udah ada baret-baret. ya ke depannya buat lebih teliti kebersihangkualitas;senang
Sepatunya bagus cuma kekecilan biasa pake no 40 ternyata kecil;senang
Bagus, bahan nya enak,empuk;senang
Sesuai mantap;senang
Bagus sendalnya bahanya jg enak cuma, insolnya pas sayang bgt buat masuk kaki agak sempit;senang
Bagus;senang
Bagus smoga awet;senang
Bagus;senang
Bagus;senang
Produk yaaa nyaman banget pas di pake gak terlalu berat , masih oke kalau di pake yang kerjaya banyak gerak masih okeee banget;senang
Bagus bahannya adem gabioin gatel;senang
bahannya bagus dan awet. semoga ga cpt melar;senang
adem;netral
pengiriman cepat, wanginya sebenarnya enak tp sayang cepat hilang;senang
untuk ukuran sepatu no 35 yg di keterangan panjang 23 cm, dipakai anak saya yg ukuran kaki 22,5 kekecilan. akhirnya tidak terpakai.;senang
Bagus,mantap keren;senang
oke bagus baju nya, semoga muat d pacar saya hehe;senang
Baguss;netral
Wangi;netral
bagus sih cuman sayang jaitanya kurang rapih;senang
Kapok beli disini brg oke lah sepatu tapi loh harga pas checkout sama pas di kirim lho beda.pas checkout 155 pas dtg 164  mayan beda 9k mah.intinya kurang amanah masa tiba2 rubah sndiri.g tepak blas;senang
Overall bagus,sayang nya barang yg saya dapet finishing ny kurang rapi bnyak benang berlebih selain itu bagus,recomended!;senang
Bajunya Sesuai Harapan bdw untuk pesanan berikutnya adakah untuk ukuran XXXL;senang
Bajunya Sesuai Harapan bdw untuk pesanan berikutnya adakah untuk ukuran XXXL;senang
Bajunya Sesuai Harapan bdw untuk pesanan berikutnya adakah untuk ukuran XXXL;senang
Real cuma da lubang tali nya. Besi bulat nya lepas. Tu ja si yg lain aman semua;senang
bahan sol berat diluar nalar,  secara model oke, mungkin karena sesuai harganya;senang
Iya lumayan;senang
Ada sedikit yang gagal;senang
Barang sampe dengan selamat. model ok, sesuai gambar. bagian depan agak keras jadi kurang nyaman. but overall oke si;senang
Bagus kainya jugaa bagus;senang
Perasaan ukuran m dah ya;netral
saat awal beli sepatu , ternyata sepatu nya berjamur , nyoba retur buat diganti yg baru , ternyata udh nunggu lama sama aja cuma di kembalikan dana , jadi co sepatu yg ini , ya semoga jd penilaian untuk team , tks;senang
bagus 👍;senang
"Beli ukuran XL, tp kok kecil ya. 
gak kayak XL biasanya";senang
Paket sudah sampai. Bahanny agak tipis gk worth it untuk seharga segitu;senang
bahan adem tapi agak nerawang;netral
Kain bagus;senang
mantap;senang
200;netral
Kekecilan;netral
"Ukuran kaki Gajah.
43 tapi serasa 48";netral
"wrappingnya buruk sekarang ya aerostreet
di terima dari ekspedisi seperti ini";netral
okee pass;netral
dikirimnya barang lama tanpa dilihat lagi sebelum pengiriman;netral
goodd!!!;netral
Rodok elek onk seng nglotok;netral
Barang datang dlm keadaan bolong;netral
packing bagus, harga bagus, pengiriman cepat, tapi emang bukan selera saya... openingnya terlalu menyengat, cenderung kasar aromanya.;senang
Pengiriman sangat sangat cepat saya sangat suka dengan barangnya.;senang
Bagus pengiriman lama;senang
Bagus,pengiriman lama;netral
Bagus,pengiriman lama;netral
Iki lagi teko durung dienggo durung dikumbah tek wis mbruduli? Konsepe emang ngene tah?;netral
Bau parfum cowok;marah
"Kotor bintik"" hitam";netral
"kualitas barang oke.
minus pengiriman lambat.
tks";netral
Waktu diterima plastiknya beda,plastik tipis dan lecek. apakah hasil retur? Posisi baju juga kusut, lecek.Mohon lain kali sebelum dikirim ke pembeli dicek dulu, stidaknya dirapikan kembali, ganti plastik standard aerostreet. Terima kasih.;senang
"pas datang ada bercak putih"" gitu, tapi aman bisa dibersihin. terus ada beberapa jahitan yg kurang rapi, jadi hrs dirapiin dulu dikit.";senang
Panjang baju nya kurang;netral
Panjang baju nya kurang;netral
Padahal pernah co disini sekali bener dan bagus sesuai tapi gatau kenapa kmrin salah pesen yg xenon hitam hitam polosan size 40 yg datang malah beda model & ukuran 39 sempit bgt dikaki;senang
Bagus;senang
berjamur;netral
Gede banget ukuran El udah kaya ukuran buat orang BB 90 an besar banget ,, bahan biasa aja kaya kaos 50 an;senang
aku sampai beli lagi beli lagi,karena emang sebagus itu sesuai gambar bahan nya bagus;senang
aku sampai beli lagi beli lagi,karena emang sebagus itu sesuai gambar bahan nya bagus;senang
keren;senang
Kualitas bahan nya kurang, leher melar;netral
Ok;netral
Bagus;senang
"Mantap👍👍
bahan tebal dan adem";senang
produk datang dengan sesuai pesanan,bahan material bagus hanya minus di cutting bahan yg bagian sebelah kanan ga lurus.mohon diperhatikan kembali qc nya.;senang
Pengiriman cepat , cuma wanginya ga tahan sampai 7 jam;senang
Sesuai gambar, sepatu nya berat;senang
Pas;netral
Bagus banget min🫡;senang
Parah banget,, sepatu kotor jamuran seperti sepatu bekas kya gini dikirim,, baru pertama kali beli sepatu online parah banget kya gini,,,nyesellll pake banget,,,;marah
Ini pembelian kedua dengan model sepatu yang sama...👍;senang
bagusss bangetttt bahann nyaaa🤗;netral
Ok;netral
Ok;netral
Ok;netral
Biasa aja;senang
"""EXT   AIT DE PARFUM"" 
Penulisannya ada yg kurang atau memang seperti itu? Tapi saya lihat riew pemesanan yg lain terlihat ""extrait de parfum"". Ada apakah ini?
Tulisannya tidak mungkin saya lepas atau terhapus.";netral
senang bahan nya + pengantran lebih cepat;senang
Warna tidak sesuai;senang
mayan;netral
Dua kali order sama aja kekecilan tolong aerostreet slop sendalnya nya di tinggiin lgi biar bisa di pake ini 2x order sama aja sempit semua barangnya udah bagus tpi sayang gk bisa kepake;senang
mayan lahh;netral
Nice 👍🏻;netral
"Bagus sih produknya sesuai dengan foto, 
Saran kalau misal bb 50 ke atas dan tinggi diatas 155 belinya mínimal uk 29 keatas aja.. Biar lebih pas dan nyaman. 
Terutama yang punya paha besar";senang
Wanginya seperti parfum yang harganya 45k udah dapet 50ml😹, ga bakal Spil tapi buat kalian kalo mau beli parfum gw saranin 10ml dlu deh co nya sebelum menyesal. Terimakasih tuk seller aerostreat;senang
No 41 tapi kecil sempit;netral
Pesen 42 dateng 41 gmna ini gamuat;netral
Aerostreet dari dlu emang bagus ,cuma ga tau kenapa skrg kaya pengerjaan kurang rapi pada jahitannya;senang
Bagus 👍untuk harga segitu worth it bgt;senang
Pas mantap pokoknya;senang
sol nya ngga rapi;senang
Sesuai pesanan saya suka;senang
Ya;netral
Belanja di Aerostreet selalu puas dan barang bagus 👍;senang
Belanja di Aerostreet selalu puas dan barang bagus 👍;senang
Belanja di Aerostreet selalu puas dan barang bagus 👍;senang
Belanja di Aerostreet selalu puas dan barang bagus 👍;senang
Belanja di Aerostreet selalu puas dan barang bagus 👍;senang
sdh langganan aero sejak awal berdiri baru kali ini kecewa sm bahan kaosnya. bukan lagi cotton combet 24s tapi seperti kaos partai yg bahan panas dan tipis. entah knp order bbrp kali kaos yg datang bahan tdk sesuai, semoga aero segera berbenah;senang
sdh langganan aero sejak awal berdiri baru kali ini kecewa sm bahan kaosnya. bukan lagi cotton combet 24s tapi seperti kaos partai yg bahan panas dan tipis. entah knp order bbrp kali kaos yg datang bahan tdk sesuai, semoga aero segera berbenah;senang
Good;senang
Ga jlas anjrit wanginya;netral
Ukuran sendal udah sesuai pesanan no 44, pas dipakai kayak ukuran 42 an terlalu kecil, biasanya beli 44 itu gede sendalnya knp ini serasa ukuran 42 ya kecil banget;senang
bagussss;netral
size sama tp pas d pake sblah kanan sempit pas di cek ternyata memang beda ada tinggi rendah heel. tp ukuran nya sama lain kali lebih utamain qualitasnya jgn asal barang jadi jgn main size sprti itu;senang
model.a bagus cuma insole nya tipis jdi dipakenya kurang nyaman;senang
Good la;senang
Bahan bagus dan pas;senang
Oke;netral
Bagus;senang
Kotak peyot,plastik tebukak.tapi oke lah barang nya aman;senang
Barangnya bagus gada cacat, sayangnya badmood gara gara kurir salah alamat;senang
"Baru pertama kali beli aerostreet dan ternyata wawwww🥰😍barangnya terlalu gokil bagus banget 🥰
Mines hanya di bagian packingnya, kalo bisa saran setiap kirim di kasih bubble rwep biar aman ketika barang kehujanan jdi aman terkendali 🤗gitu saja ulasannya terimakasih aerostreet 🙏";senang
Kualitas produk: bagusss;netral
Bahan nya aku kira bahan kaos adem,ternyata bahan kaos yang kasar trs panas,pas ngga ada uang kirain bagus untuk ultah anak malah bahan nya cocok ya kalau d pake ke sawah 🤦,mana beli 2,gak sesuai sama yg di iklan;senang
Bahan nya aku kira bahan kaos adem,ternyata bahan kaos yang kasar trs panas,pas ngga ada uang kirain bagus untuk ultah anak malah bahan nya cocok nya kalau d pake ke sawah 🤦,mana beli 2;senang
bagus;senang
Kebasaran;netral
Ukuranya besar banget;senang
Celannya tebal.. Mantaplah buat santai dan olahraga;senang
.;netral
lama bgt ga sesuai estimasi sampe seminggu;senang
Talinya kusut dan potongan bagian depannya kurang rapi, terlihat di video dan foto. Selain itu bagus;senang
kecil banget dan cm sedikit isinya...wanginya sih lumayanlah yaaa, tutupnya gak bs rapat ngeklik;senang
Sesuai pesanan;senang
Bagus;senang
Bahan nya bagus, tp size xl besar beda dg yg lain krna ak beli 3 sama2 size xl cuman ini yg beda.. agak besar, dan pendek;senang
Sepatutnya banyak jamur padahal mau dipakek show, aslinya putih malah jadi coklat bener² yaaa aerostreet;senang
Baik si tapi sayangnya kerdusnya penyok ada yang sobek tapi barang aman dan sesuai udah sering pake brand aero bagus ,,,mungkin kalo pekingnya yang harus di perbaiki lagi🥰🥰;senang
ok;netral
Harus upsize;netral
Bagus nyaman;senang
Sablon kurang bagus;senang
Agak berat TPI masih oke 👍;netral
ini kali kedua beli sepatu sih di AS, cuma agak kecewa, karna potongannya ga rapi dan ad bekas bakar, ad beberapa benjolan yg kayanya karna proses produksi, dan ad bercak2 putih yg entah apa g bisa dihilangin kayanya lem kering, soal daya tahan masih belum tau, ukuran pas tapi sesak di bagian mata kaki keatas padahal udh sampe lepasin tali sepatu itupun belom pake kaos kaki,;senang
Mantapp dan bagus;senang
Kualitas produk: 🤐;netral
"mantab bajunya...
bahan nya adem ga kaleng kaleng👍👍👍👍👍";netral
"Masukan saja untuk toko ini
Untuk packingan nya kalau bisa yg aman jangan hanya satu plastik sepatu saja tanpa di lapisin bublewrap,jadi transparan keliatan kotak sepatu nya";senang
Bagus tapi pengirimannya lambat;senang
Bahan lembut adem , cuma saya kira bawahnya standar , taunya pensil;sedih
Sepatunya ringan,enak buat jalan tapi kalo buat lari jangan keknya , overall good pertahankan dan tingkatkan ,cocok buat sekolah ama pencari kerja;senang
Bagus;senang
Bagus;senang
baju sesuai;senang
Lumayanlah;senang
Pinggangnya terlalu kecil tapi tangannya agak besar, gak sesuai;senang
kurir nya kaya tai;netral
enak dipakai cman agak berat;senang
Kain my dingim;netral
Sesuai;senang
Bagus;senang
baunya awet;marah
Bagus sepatunya. Tapi ada beberp bagian yg kurang rapi;senang
ada sedikit cacat di bagian belakang;netral
"Warna navy nya agak bladus gak dark 
Dan bekas setrikaan pun putih2 kliatan 
Kmrin yg hitam pdhal bagus tp navy kurang";senang
Lumayan;senang
pengiriman lama;netral
Mocca di ganti pink...;netral
Baik;senang
bahannya tebel dalamnya brudul di pakai jadi ngga nyaman;senang
👍👍👍;netral
Kain yaa bagusss dan nyaman di badan;senang
Selalu oke belanja di aerostret;senang
Bagus cocok bahan bagus gak ada ketusakan saat sampai;senang
ok;netral
Bagus sih tapi untuk uk cowokku M ini kurang gede😭 harus up size 🫠;senang
bagus bahannya ga panas kalau dipakai;senang
Agak kebesaran;senang
XXL nya uk nya kecil bgt yg badannya gemuk jan coba beli yg uk XXL setara sama uk L😭;senang
Lumyan;netral
Bahan yang bagus;senang
Knp 39 kcil di sya,,slalu bli spatu aerostreet pas,bli yg ni malah kcil😔😔😭;netral
Muatap barangnya jos;senang
Kacau;marah
Ini gmn min ... sekalas aerostreet ko kaya gini;netral
Pengiriman lumayan lama tapi gak papa, barang sesuai;senang
Bahannya nerawang ya kirain harga 100 an nggk nerawang hee;netral
Kaos nya udh smpe.. Bahan nya adem.. Enak d pake nya..;senang
"Ukuran L tapi lebih kecil dr pada 2 kaos lain yg saya pesan. 
Untuk kain dan sablon bagus.";senang
Overall good cuma kurang finishingnya di dalamnya ujung sepatu ada karet yang ga kepotong dan itu sangat menganggu.;senang
Bagus tapi tapak bagian tulisan aero bikin sakit kaki.;netral
Salah pilih nomor kebesaran wkwkwk;netral
Bagus;senang
Kenapa ya saya uda beli 2 x warna navy, benang dalamnya pada rontok semua kalau dipakai? Jd ganggu bgd kalau dipakai dan dilepas, benangnya nempel di jari dan sampe berjatuhan di lantai berkali”. Padahal sebelumnya beli yg warna ijo dan hitam aman aja.;senang
Kualitas produk: Bagus bgt. Pertama kali nyoba beli celana panjang dari aero. Syg size pinggang beda ama celana pendeknya.;senang
Gud;netral
Sesuai gambar;senang
Sesuai gambar;senang
Alhamdulillah cocok sangat bagus sekali sudh berkali kali belanja hasilnya tetap Joss..hanya bahannya bedah2 ada yg tebal ada yg tipis ada juga yg tebal+halus gak tua juga yah knapa bisah gitu ..Tapi cocok sih sama harganya mantap;senang
Alhamdulillah cocok sangat bagus sekali sudh berkali kali belanja hasilnya tetap Joss..hanya bahannya bedah2 ada yg tebal ada yg tipis ada juga yg tebal+halus gak tua juga yah knapa bisah gitu ..Tapi cocok sih sama harganya mantap;senang
Bintang empat;senang
"Bentuk dan ukuran: ada sedikit kurang simetris pada bentuk, uk pas
Warna: sesuai dgn foto
sepatunyaa baguss bngttt tapi sygnya pada bagian kanan depan atas kurang simetris ke tengah, trs ada sedikit noda pada bagian tengah belakang dan depan atas pada sepatu kiri, untk warnanya sesuai bgtt sama difotoo 💗💗";senang
Pesannya XL yang datang XXL bahannya tidak seperti duluh yang bahannya tebal ini bahannya tipis;netral
Bahannya kurang bagus tipis;senang
Sama bahannya tidak setebal yang dulu bahannya tipis;senang
Sayang bangett tidak saya video. Biasanya pesan selalu sesuai tapi kali ini tidak sesuai. Barang yg datang tidak sama dengan yg sama beli!!!;senang
"Oke
Kualitas produk: Ok";netral
toko goblok beli parfum ga ada isinya;senang
"Bagus
Bentuk dan ukuran: Pas
Warna: Sesuai";senang
Baru kali ini apes pesan di Aerostreet, banyak bercak/noda coklatnya. Barang lama di gudang kah?;senang
Ah berbulu.;netral
"bagus kainnya halus adem
tapi warna maroon gaada tulisan aerostreet didepannya";senang
"biasanya sepatu kalo zznya besar sepatunya panjang ini malah lebar jirrr lebar bgtt jdi kaya kaki kita bengkak😭
tpi ovl bagus kok desainya cuman ya itu kaya bengkak di kaki😌🫵";senang
bgus;netral
Bahan nya nyaman;senang
Bagus banget tp sayangnya bulu2 di dalemnya nempel di kemeja. Mana lg pake kemeja putih 😔;senang
bgs BGT;netral
Sesuai;senang
bagus;senang
Sablonnya tolong di perbaiki;senang
Tingkatkan lagi kualitas nya;senang
biasa aja;senang
kebesaran,tdk seperti size biasanya. tidak nyaman;senang
Bagian dalamnya serat berbulu sampe nempel dibaju lain pas dicuci.;netral
"ini pendapat pribadi saya,
Over All sebenernya mulai dari Packaging Aman Banget, Pengiriman Cepet...

Saya beli 2 kali ini yaitu Obsession & Obsidian..
Jujur, Yang Obsession ini Spicy banget, asem banget, terlalu nyegrak, jadi ga enak, tapi balik lagi, itu menurut saya.

Nah untuk yang Obsidian ""Enak Banget"" wanginya Kompleks, Mewah, Ga Pasaran, Kalem, Bisa dipakai kapan aja... 

Dan saya udah beli mulai dari yang 5ml sampai 50ml ini menurut saya 3 yang wanginya enak banget, Wajib dikasih Bintang 5 itu adalah :
1. Whisky Tobaco
2. Eternal Oud
3. Obsidian

tapi sorry, untuk yang Obsession menurut saya ngga enak.";senang
Sesuai dgn gambar;senang
Good enough;senang
Barang Cepat datangnya, barangnya bagus, modelnya bagus, dan untuk ukuran 43 muat di kaki saya, oke lah 👍🏼;senang
Oke;netral
kebesaran;senang
Bagus 👍;senang
Ok;netral
Nyesal banget beli d sini,mau beli padahal untuk kado datangnya mengecewakan sekali,hancur barangnya,kotor lagi,packingnya ngk bagus,tokonya ngk amanh banget,hati hati deh beli d toko ni lagi klw bisa jgn belanja lagi d sini,minta pengembaliaan dana d persulit;senang
beratttttttttttttttttttt;netral
Barang oke, nyaman buat sehari hari;senang
Sekian lama belanja disini barusan kali ini dapet sepatu kayak jamuran atau bekas lem atau jamur kayak gini, padahal udah di tulis di catatan di pilihin barang yg baru dan bagus....mdh2an bisa hilang sih noda2 nyaa ini ..tp overall sepatunya baguss bahan kuat...insol lembut mdh2 awet.;sedih
Huhu,minn, kecil rupanya,aku gak tau berapa cm ukuran sepatu dari aero, ku kira sama kayak brand lain besar cm nya, rupanya bedaa😭😭, tapi lumayan lah tampilannya bagus.;senang
Bahan sol kaku dan berat, bagian depan sol juga tidak rapih.;senang
bagus bahan nya tebal;senang
Sesuai warna;senang
bagus sih cuman kyknya ukuran XXL makin kecil aja dibandingin waktu ane beli sebelum-sebelumnya;senang
Kata suamiku enak wanginya, semoga awet jadi next bisa order lgi;senang
Wanginya enak, untuk ketahanan belum tau karna belum coba baru sampai. Klo tahan lama nnti order lagi;senang
Kayak beda kainnya dari pesanan baju sya yg sebelumnya , yg ini agak tipis kainnya;netral
Barangnya bagus, sebenernya mau saya tuker karna ukurannya terlalu pas;senang
Good;senang
sepatu banyak bintik kotorrr;senang
ukuran tidak sesuai pada keterangan, ukuran XXL tapi kecil bgt;senang
Pesen warna hitam, dichat kalo stok habis,mau cancel gabisa malah dipaksa kirim warna putih 👎;netral
Y;netral
Aerostreet pasti bagus;senang
Aerostreet pasti bagus;senang
kekecilan krna hrs naikin size satu tingkt;netral
Keren sesuai ekspektasi 🔥;senang
Berat;netral
Kualitas produk: 👍;netral
Bagus sesuai juga pas juga keren pokonamah;senang
𝙹𝚊𝚑𝚒𝚝𝚊𝚗𝚗𝚢𝚊 𝚔𝚞𝚛𝚊𝚗𝚐 𝚛𝚊𝚙𝚒;netral
Enak di pakai jahitannya rapi lagi;senang
halo min, izin ngasih masukan nya ya min, untuk uper nya aga miring, terus pemasangan upernya kurang presisi antara nik nik nya, terimakasih sukses terus min kedepannya. MAJUKAN BRAND LOKAL🔥;senang
model y keren bagus sesuai gambar. mksih bayak toko y amanah.;senang
Di live katanya gratis kaos kaki mana g ada kaos kaki nya;senang
Fast respon;netral
jahitan kurang rapi, lem kurang bagus. untuk model bagus;senang
Sudah datang udah beli ke 3kali nya;netral
Nyesel beli yang kecil sama enak nya , suka bgt pokok nya;senang
Kecewa karna pesanan saya ukuran L di kasih overses besar bangett;netral
Bagus banget;senang
ini gimana sihh.. udah 2x pesen salah mulu, tolong sebelum kirim di cek cek dulu lagi;marah
"Sesuai ekspektasi si TPI
Ada yg kurang kurangnya di packing kurang bagus";senang
Bagus tapi kainnya aga tipis;senang
Bagus;senang
Barangnya udah sampe dengan selamat, bagus. Ukurannya sesuai;senang
untuk sepatu issokaylaa not bad. cuman di packing aja yang minus, dus sampe rusak begini;marah
Lemnya ga rapih. Untuk harga segitu boleh lah. Maap yaa sy menilai sesuai apa yg sy lihat. Tapi untuk produk lain seperti sepatu celana dll bagus kok. Karena sy sudah punya beberapa produk dari aero. Yg sendal ini sja menurut sy kurang memuaskan.;senang
tidak bisa berubah warna;netral
"bagus, pas ,msih ad sisa ruang sedikit bkin kaki g sakit kalo terlalu kecil mungkin skit ya tp gpp deh bgus barangnya sesuai ekspektasi makasih bro

-minesnya cmn plastik luarnya aja yg udh ke buka mungkin lempar"" barang di gudang kta kurirnya yudhlh yg penting dlmnya aman 

maunya rate 4,8 tp g ada";senang
Bahan halus dan nyaman di pakai;senang
Untuk uk XL nya trnyta besar;senang
Bagus banget min tpi sayang dibagian alas sepatunya sudah ada nodanya;senang
Kurirnya tidak mengantar ke rumah;sedih
Bagus;senang
salah kirim tshirt, order tshirt collab powerpuffgirl yang design mojojojo datengnya tshirt lain;marah
Kecil sepatunya ternyata..32 sempit untuk anakku umur 7th.;senang
Good;senang
yang datang kanan semua ini, gman quality control nya..;netral
Akhirnya paket y sudah sampai bagus bgt sepatu y suka deh;senang
Barang tidak sesuai pesanan ,  pesen wrn biru malah DTG wrn ini;senang
Pengembalian dana udah 10 hari belum masuk2;netral
Kualitas barang bagus sangat recomended... Cuma pengiriman lama banget.. Saran saya jangan pakai expedisi ini lagi. Lama diantar ke alamat penerima;senang
Packaging mewah. Untuk bb50tb164 sedikit longgar;senang
bagus;senang
gimana sih kak, aku pesen warna natural dan stok masih ada kenapa dikirim warna hijau? padahal udah lama langganan. kecewa banget, jangan kayak gini dong kak.;netral
Mantappp;netral
Sepatux bagus, bahanx ok, pas dikaki dipkai enak...hargax terjangkau murah tp bagus sepatux..ini mo pesen lg model yg lain...Aerostreet siipp;senang
Kaosnya bhn nya adem pas ukurannya..;netral
Sesuai dengan pesanan.;senang
Bagus kualitasnya, tetapi ada beberapa bagian yang jahitannya kurang rapi;senang
Pertama beli yg kecil utk tester dan ini coba yg besar. Semoga tahan lama. Packing sangat aman dng bubble sgt tebal dan stiker fragile. Namun tekstur botol kurang bagus, lengket2 gitu, padahal ga ada yg bocor. Thanks;senang
Bagus bahannya oke jahitan rapih;senang
Sesuai;senang
Udah konsultasi di live di suruh ambil M, nyatanya kecil.;senang
Udah konsultasi di live di suruh ambil M, nyatanya kecil.;senang
Udah konsultasi di live di suruh ambil M, nyatanya kecil.;senang
Sepatunya sdh smpai,model sepatung bgs tp packingannya gk rapi jlk,kotaknya penyok²,dan di bagian jahitan sepatunya dkt talinya tdk rapi dn cara lem nya tdk bgs,dn sprti ad yg trgunting gtu.;senang
Hitam tolong restok min;netral
Untuk produk bagus.tapi,ditabel panjang kaki 23cm untuk size 37,lumayan kecil sepatu nya harusnya saya ambil 1size lagi;senang
Paket udah sampe sesuai pesanan dan sayangnya kebesaran sandalnya. Sayangnya lagi ga bisa di tukar;senang
"Niceeeeee ......
Simple,nyaman....";netral
Sudah sampai barang sesuai real kualitas produk bagussss👍;senang
Baju sobek;netral
Bagus sesuai hrga, cocok, cuman pngrimn ny agak lmbat;senang
Jaitan pada lepas;netral
Masak baju baru udah ada garis garis pudar;netral
sedikit berat selebih seperti nya aman saja;senang
L nya kecil;netral
L nya kecil;netral
L nya kecil;netral
"Bentuk dan ukuran: Sesuai
Daya tahan pakai: Semoga awet
Warna: Sesuai
Sekelas Aerostreet tolong lah diperhatikan pengemasan nya";senang
Bagus barangnya;senang
pesen cream yg dtg wrna kuning;netral
kerahnya longgar banget;sedih
Salah kirim ukuran;marah
Bagus banget kainnya adem;senang
jahitan aneh nyaman di pakai tapi kalo gini juga not astetic;senang
biasanya pakai no 42 pas, tapi ini kekecilan;senang
Bagus,kerenn;netral
Packing ny cmn kya gitu doang;netral
Bahan adem bagus juga tapi sayang panjang benerrr woi lahh😭😭;senang
Barang sesuai dengan deskripsi, bagus dan mantap;senang
gak bisa tukar size;netral
Mantap bagus adem bahannya,tidak mengecewakan;senang
Barang sudah sampai hanya saja packingnya tidak aman, masa iya ngga dipakai kan buble wrap. Ini terakhir kalinya aku order sepatu di aero;senang
"untuk Qc mohon lebih teliti, masa size antara label dicelana sama tagging beda? 
masih mending kegedean bisa dikecilin,
ini kekecilan gimana gedein na????

padahal saya pelanggan lama loh";senang
Bagus tebel tp ada nodanya coklat depan sama di lengan, padahal baru;senang
Seller sangat ramah;senang
Pas aku suka;senang
Sepatu bagus harga terjangkau, tp sayang sepatunya kurang cocok di pake kerja full time yg harus pake sepatu, gampang bau;senang
Belum cobain aja sih tapi utk packaging super aman;senang
lumayan imut;senang
ga suka aromanya hehehe;senang
2x beli kirain salah size, ternyata emang cuttinganya yang ga jelas. sesuai harga lah;senang
"Ini apaan sial? Ukuran pinggang sama ukuran paha smpe betis gak nyambung!
Pesan baju celana yg datang gak beres. Yg sampai semuanya produk cacat!

Sy iklaskan itu uang, gak ush retur sial";marah
Potongan pinggang dengan potongan paha betis smpe ke bawah tidak sesuai ! Sial;marah
Tambahkan bonus sticker lah seperti toko & produk lainnya, cuman mines sticker nya;senang
Bahan keren;senang
Jelek kurang cocok kaya sendal cewek;marah
sementara 4 bintang dulu, klo awet ku ubah 5;senang
"Bahanya adem karena tipis dan gampang melar kaya kaos 20k di pasar bedanya ada logo ""aerostreet ""nya";netral
Sebenarnya pesanan saya warna khaki/krem, tapi yang datang warna navy. Ga papa, karena CS nya konfirmasi sebelumnya. Tapi bintangnya saya kurangi 1..;senang
Ok;netral
"Kualitasnya bagus, nyaman dipakai, tapi disepatu nya sedikit noda dan agak kotor jika dilihat
Bentuk dan ukuran: Pas
Aroma: Baru
Warna: Agak kotor pas sampai";senang
Nice;netral
Good,nyaman di pakai;netral
Baguss pas;netral
Sandal bagus tapi packing nya kurang;senang
Sangat bagus;senang
lucu;senang
Ko yg nyampe barangnya engga sesuai sama di foto ya;senang
Smg lain kalii kalo stock nya ga ada di cancel dr toko aja lgsng yaa , krn kalo barang ud sampai mau di retur kasian sm kurirnya disini;senang
"Stok etalase sama aslinya gk sesuai, gk muat juga di aku, warna lain pake 28, pas hitam ini gk muat cman sampe di lutut, gk bisa naik ke paha apa lg pinggang
Untuk kualitas sih bagus";senang
baguusss,cuma pas dateng kya ada putih’ nya gituu bgus kok gausah ragu klo mw beli trus punyaku juga kebesaran;senang
"Packing kurang rapi
Ragu ori atau kw padahal udah toko resmi";senang
Barang bagus ,,cuma lumayan berat sih barang nya kalo di pake...tapi masih oke;senang
Bgs;netral
Bagus si baju nya tapi ga sesuai dengan pesanan;senang
Barangnya sesuai pas banget terima kasih untuk kurirnya sopan banget baik semoga kurirnya selalu diberi rezeki yang melimpah dan semoga semuannya lancar aminnnnnnn amin amin amin amin amin amin amin amin amin aminn aminnn aminnn aminnnn aminnnn aminnnn aminnnn aminnnn aminnnn aminnnn aminnn yarabal;senang
mantap poll pokonya, ini aerostreet ga ada niatan bikin warna pink apa, biar couple gitu wkwk;senang
bagus sih, padahal xxl tp malah ngepress:(;senang
Model sepatunya bukan yang ramping, saran saya insole 23cm gemoy naikin 1 size biar gak pas banget;senang
Lmyn lah;netral
Maaf KA barang nya tidak sesuai KA bagaimna ini;senang
Kualitas produk: Bahan nya bagus lembut bgt aku suka;senang
Bahan agak tipis;netral
Bahannya lembut;senang
Pas;netral
Kaos bolong,dua lagi bolongnya. Haduh gmn ni bos sekelas Aerostreet QC nya bisa g bagus;senang
🙌🙌;netral
🙌🙌🙌;netral
🙌🙌🙌;netral
Lumayanlah;senang
Sepatu nya agak sedikit berat, harus upsize karna saya beli ukuran 38 pas di kaki, biasa pakai 37, utk harga nya worth it lah,,,;senang
Pas nyaman dipakai;senang
Pas nyaman dipakai;senang
ukuran xl nya kecil ya;netral
sip;netral
Jahitan bagian pundak lepas;netral
Barang tidak sesuai produk,bahan jelek,kualitas jelek,sangat kecewa;netral
Mantap;senang
Mantap;senang
Mantap;senang
"Brang sesuai pesanan...
Brang bagus...
Pkoknya puas";senang
Co warna putih yang di kirim warna sage;senang
baguss;netral
Sampai dengan aman.;senang
saya tahu sepatu ini harga yang merakyat, tapi mbok masa jahitan lebih begini gamau dipotong;netral
Mantap;senang
"Jelek banget pelayanannyaa , masa mau tuker size gak boleh , manaa deskripsi ukurannya salah gitu 19.5 malah kayak 18 insolenya parahh sihhh , niat pengen beli lagi jadi.mles bangett 
Kalau ada yg mau beli size 31 boleh chat ke akun tiktok ku ya , sayang bgt gk kepakek 👎👎👎kardusnya penyok lg";netral
"Mau retur  trs mau tuker nomer gak bisa .toko menolak
Gak seperti toko lain yang bisa ksih solusi ke konsumen .sekelas Adidas aja bisa";senang
kenapaa tidak di kasih pelindung box contohnya bubble wrap;netral
Ada noda hitam nya, lumayan banyak;senang
lumayan baru bli di toko ini,semoga awet dan nyaman di pakai;senang
Pokoknya gak rugi beli ini siih;netral
pas dateng ada kayak putih2nya, tapi masih bisa dibersihin kok hehe;netral
Vidio sampai akhir terlalu panjang, saya hanya meringkas, bahwa ini baru di unboxing;senang
Barang sesuai,  bagus nyaman di pake juga;senang
okk;netral
Cangtip;netral
Quality controlnya harus ditingkatkan, sebelum dikirim;senang
Gokil;senang
pesanan tidak sesuai;senang
"Bentuk dan ukuran: Sesuai namun pada ukuran tinggi sendalnya terlalu kecil
Warna: Warna sih sesuai dengan di gambar
Kalo untuk panjang sih cukup";senang
"Bentuk dan ukuran: Ukuran cukup pas dan tidak kekecilan
Warna: Bagus cuman kaya ada bercak
Ini apakah variasi dari sanannya atau bagaimana?
Agak sedikit kecewa sihh🥲🥲🥲 karna menurut saya brand ini bagus";senang
bagus;senang
Oke baik...!!!!!!;senang
Mayan lah;netral
Resap kringat;netral
Pas;netral
Besar;senang
Katun;netral
"Bagus, empuk.
Sesuai sama harga, semoga awet";senang
Kecewa beda SM yg di pesen klo mng gak ada harusnya batalin aja;marah
Dengan harga segitu oke sih, tapi perlu di perhatikan lagi soal quality nya ini bagian outsole sobek tapi masih bisa lolos sampai kejual🥲;netral
Paket nya sudah sampe meskipun aga sedikit kurang rapi dan kotor tapi barngnya aman bagus juga tidak ada yg lecet;senang
Belum nyoba,semoga awet;netral
Sesuai pesanan;senang
"Bentuk dan ukuran: Sesuai
Aroma: Therapi :)
Daya tahan pakai: Mudahan awet
Warna: Berbeda|Tidak sesuai dengan haT.T";senang
Bajunya bagus bahannya pun tebal;senang
"Bahannya kurang tebal, dulu belinya bajunya tebal skrang ngk lg
Padahal uda langganan tetap";senang
"Bahannya kurang tebal, dulu belinya bajunya tebal skrang ngk lg
Padahal uda langganan tetap";senang
"Bahannya kurang tebal, dulu belinya bajunya tebal skrang ngk lg
Padahal uda langganan tetap";senang
"Bahannya kurang tebal, dulu belinya bajunya tebal skrang ngk lg
Padahal uda langganan tetap";senang
cakepp;netral
Agak tipis dan bahannya ternyata gampang lecek;senang
Agak tipis dan bahannya ternyata gampang lecek;senang
Agak tipis dan bahannya ternyata gampang lecek;senang
mantap;senang
bahan kurang ukurannya kecil banget kaya buat jamet;netral
mantap;senang
beda ukuran sm yg hitam;netral
baru kali ini kecewa beli tagan panjang yg datang tagan pe dek;marah
👎;netral
Kualitas produk: Kok gini,ini beneran produk aerostreet? Saya memaklumi KLO masih ada bekas benang cumaa maaf ini kok kotor ya kek yang udah lama di gudang berdebu;senang
"Jahitan kurang rapi dan tidak kejahit dg sempurna/longgar jahitanx (jdi kliatan bgt gampang sobek klo jaitanx dah sperti ni,cek photo)..
Diperbaiki lagi kwalitas jahitanx ya Aero.. 👍";senang
bagus cmn agak nerawang aja;senang
"ini gw mau sanjung dlu packinganya gacorrrrrr bgt
yauda baju kaos lu expect nya ga ush yg berlebihan😹";netral
bagus cmn lumayan tipis;senang
"awanya gw kira ini warnanya putih karna gw ga teliti eh ternyata abu untung abunya bgss 
MAKASIH YAA SELALU PERCAYA DEH SAMA AEROSTREET😋🫰";senang
Barangnya tidak ada, yang di kirim cuma satu;netral
Bajunya si ok,, tapi ukurannya gak sesuai,, pesan ukuran XXL tpi yg dtng mlh XL;senang
build quailty bagus, desain bagus  sesuai harga ,  namun masih agak terlalu berat di bahan,;senang
Fake;netral
ok;netral
Pernah beli wàrna cream dan bahan nya cocok bagus ok beli lg yg hitam tp sayabkexewa bahan nya beda seperti legging cewe yg tebel. Kecewq saya sama aero;senang
"Bentuk dan ukuran: Oke
Warna: Sesuai";senang
Mantap pas dengan selera saya makasih...;senang
Toko konfirmasi barang kosong saat sudah mengirim barang lain yang tidak sesuai dengan pesanan;senang
"Barang sesuai pesanan
Bentuk dan ukuran: Pas
Daya tahan pakai: Awet pemakaiannya bisa jangka lama
Warna: Bagus";senang
Pesan warna putih yang datang warna abu abu monyet kacau;sedih
Gggg;netral
"penjual nggak ada solusi, sepatu nggak kepake. baru ini coba beli lokal produk jadi KAPOK. deskripsi BEDA dgn real jadi kesempitan.foto bukti sdh dilengkapi.refund dgn ongkir saya tanggung pun ditolak. 
nantangin review ok kukasih 1";netral
👍👍🤲🤲👍👍👍👍👍👍👍👍👍;netral
Makasih kak paketnya sudah sampai dengan selamat,.mantal;netral
Bagus... pas cocok dianak...;senang
ok;netral
ok;netral
ok;netral
Barang nya bagus sihh tapi pengiriman nya lama hampir seminggu jadi gw ksih bintang 4;senang
Ok;netral
Ok;netral
Ok;netral
Bagus tapi bagian laceloop nya sobek, jaitannya ga kenceng :( Kaya gini kok lolos QC sieeeee;senang
BARANG BAGUS;senang
Yg biasa pake size 42 sepatu buatan luar.. klo disini saran saya jd 43.. terlalu ngepas cenderung menyakitkan.. & TIDAK BISA DITUKAR.. padahal sudah dikonfirmasi ke pelapak sebelumnya..;senang
Tipis Bangett;netral
Jorok sekali ya bung nggak di periksa atau di bersihkan terlebih dahulu;netral
apaan ini jahitan kaya gini dijual ke konsumen, mudah banget qc nya lolosin, baru beli sepatu di aero dibuat kecewa;netral
"Thxs pengiriman cepat dan bgs sandalnya.
Kurirnya juga ramah";senang
"Thxs pengiriman cepat dan bgs sandalnya.
Kurirnya juga ramah";senang
Kualitas produk: bagus bangetttt yaampun bahannya juga adem guys;senang
Agak beda bahan dan ukurannya,padahal ini ada pembelian kedua saya celana pendek dari produk ini;netral
"Bentuk dan ukuran: Sesuai
Aroma: Wangi aroma bau sepatu sendal baru
Daya tahan pakai: Mudah-mudahan awet di pakai nya
Warna: Sesuai yang di pesan kan";senang
"bagus siimayan, tp alas kakinya terlalu panjang ,jadinya kurang pw

mungkin perlu digunting dulu sii";senang
Sesuai dan bagus;senang
Sejauh ini bagus sih;senang
Paketannya udah kaya bawa belanjaan pasar, cmn pelastik bening gajelas;senang
Mantap barangnya bagus sesuai dengan harga;senang
"warna g sesuai. pilih dark yg dtng ginian.
CS sepihak dg alasan sudah diproses g di cek dulu.


KECEWA BANGET";netral
lucu, baik, tapi udah ada yang lepas 1;senang
Botol kosong gak ada isi parfum na sama sekali ko d kirim nih mksd na gmn iya? Klo jualan yg amanah donk;senang
Semoga cocok,, belom di coba soal nya;marah
bagus cmn agak tipis aja;senang
bagus tpi agak tpis aja;senang
Lumayan;senang
Bagus ,cuma ngak ada respon dri penjual, dan kurir ngak ngak mau antar ke tempat saya, dan barang saya nyampur di rektur Sma kurir nya😡;senang
Ukuran tdi sesuai kak;senang
barang cepat sampai, ukuran dan model sesuai yg dipesan, 1 hal saja yg saya keluhkan, insole sepatunya terlalu tinggi sehingga membuat sepatu terlalu pas pasan di saya;senang
L nya kecil;netral
Barang bagus;senang
Kualitas Produk Lokal dari Aerostreet tidak diragukan lagi, rekomended bagi yang lain, barang real pick sesuai gambar.;senang
Barang baguss, kerenn;netral
Sepatux agak berat;netral
Barang sampai dengan aman dan sesuai pesanan;senang
ada cacat  pada sendal;marah
Bahan mudah ngembang;senang
Bagus tp aga tdk bersih putihnya, bekas² kotoran sedikit;senang
Kmrin beli pake pouchziplok ARSTT bagus bgt sekarang dteng cuman pke plastik biasa;senang
"Kualitas bgus, tapi sayang banget sandalnya terlalu tinggi, jdi aneh klu di pakai 🤧
Sampai skrng sandalnya blm ku pakai 
Buat yg mau bli punya ku DM aj ya, ku jual di rugi";senang
Wokey bos;netral
Ukuran XL nya kurang besar dari baju biasanya;senang
Like;netral
Like;netral
Like;netral
Bagus;senang
bahannya bagus sih tapi jaitannya kurang rapi;senang
Saya dapetnya knp 1 barang pdahal pesenya 2 barang ,dan bayarnya pun 2 barang 135.000;netral
Tetap lebih suka crusita yg mystics java 😭;senang
lain kali size chart nya di ubah klo stok uda abis, mau di batalin gbsa uang nyangkut waktu mepet hadehh;senang
Lengan nya kekecilan;netral
size 41 nya kebesaran :(;senang
Bagus sepatunya tapi kalau buat cwo agak ketinggian, selebihnya pas;senang
Enak di pake;senang
Sandal sudah sampai dg cepat, semoga awet..;senang
baru sekali pake naik gunung, bolehlah;netral
Bahannya nerawang tipis;netral
Bagus;senang
Agak nerawang tpi cockla dgn hrga segini;netral
Jahitannya kurang rapih;senang
Kerenn👍🏻;netral
Bagus;senang
🅑🅐🅖🅤🅢;netral
Bagus;senang
Ada yg kurang pada bagian sablonan hurufnya;netral
Bagusss;netral
"Sepatunya oke, sesuai pesanan dan nggak rusak.

Tapi sayang banget pengiriman telat parah, sempat gak jelas, dan paket datang udah kebuka.

Untung isinya aman. Semoga next time bisa lebih cepat dan rapi ya.";senang
Bahan lebih tipis, beda kaya yang pertama beli 😟;netral
banyak noda dalam sepatu huhhh ga expectt ini yg di foto hanya salah satu. ada yg bs dibersihkan ada yg engga:((( lain kali lebih dicek ya kak. syg bgttt pdhl uda nunggu restock lama tp pas dateng malah kek gini:(( sepele si tp yaapa yaa masalahnya ga cm 1;sedih
jahitan kurang rapi, but overall bagus;senang
🤌🏻;netral
🤌🏻;netral
agk nerawang sihhh trs bagian lenganya gepas bgt pdhl bb ku 60;netral
agk nerawang sihhh trs bagian lenganya gepas bgt pdhl bb ku 60;netral
Bahanya bagus alus..tapi pinggang kecil bawah nya kelebaran;netral
Bagus,,adem,tebal bahannya;netral
Bagus,adem,,bahannya;netral
Bagus,adem,tidak gerah di pakai;senang
Kualitas produk: Sesuai oxpetasi;senang
Bagus barang nya;senang
Alhamdulilah barang sesuai pesenan terima kasih seler dan juga buat kurir nya yg ramah;senang
bagus;senang
Kegedean;netral
Bentuk dan ukuran: kalep/slop nya kekecilan utk ukuran 44;netral
sesuai ekspetasi!! bagus banget, ga bakal ragu sih kalo beli di sini mana empuk banget, jarang banget ada yang jual sandal cute uk 41💗😻;senang
"Blom coba karena yg di kirim electric blue
Tolong QC nya di benahi,, teiti sebelum mengemas produk..!! Thxz";senang
Ga sesuai,;senang
Shipppppp;netral
Bagus, sesuai, agak berat..;senang
Bagus;senang
Baju yg ini yg tdk ad di packingan;netral
"Bajunya bagus skli bahannya ademmm,
Tapi sy sakit kecewa krn sy pesan 3 
Smpai d Papua yg sy terima cuma 2 baju 
Packingan Sudh terbuka sdkt 
Apa kah pihak dri j&t yg smbrg buka brg kami";marah
agak kekecilan untuk ukuran 40,biasanya pake 40 agak longgar ini ngepres,tapi ok sih,cuma pengiriman agak lama diekspedisinya;senang
Sepatunya relpick kaak tp syg gak ada kaos kakinya pdahal kmren free kaos kaki;netral
Kaget, sepatunya berat banget. tp semoga nyaman.;senang
good;senang
"Menurutku rada kaku sih kainya  tebel
Kualitas produk: Bukan tipe kain yg lembut";senang
Pesanan saya size 30 yang datang 28.;netral
Bagus;senang
Agak pendek dari yg satu nya padahal ukuran nya sama XL beda 3 jari panjang nya. Untuk bahan dan model oke lah ya;senang
Oke bos;netral
"Kurang bagus soalnya luntur bgttt udah berkali kali nyuci tetep luntur dan lunturnya paraaahhh bgt bikin warnanya cepet pudarrr
Saran aja ga usah beli warna item
Untuk BB 63 TB 160 mending ambil ukuran 28 
Soalnya bahannya melar";senang
casual banget,cocok untuk sekolah,jalan-jalan dll,gw saranin, semisalnya ukr kki lo 40, ambil yang 41 dan seterusnya;netral
Bisa berubah wara pas di matahari di gelapan malah langsung hilang cepet kata nya pake es batu lama;senang
sepatu nya bagus aja sebenernya cumn ga nyangka ukurannya agak kecil gitu pdhl udh saya pesan ukuran yang lebih besar dari kaki saya;senang
Aroma tidak terlalu kuat karna emang harganya juga murah;senang
Real pic good 👍;senang
Salah warna kecewa;marah
Kualitas produk: baguss;netral
Terlalu kecill Bhan nya juga tipis.;netral
Jahitan miring di sisi samping kaos, barang termasuk katagori rejeck;marah
Bahan tebal sih,,tp kaku & kasar kalo nurut saya,,sesuai lah sama harga nya 😁😁;netral
Tulisan nya strich denim tp bahannya juga gk ada melar nya;netral
Ok sepatu sampai dengan selamat. Box nya aman;senang
barang si oke tapi packinya amburadull;netral
Bagus;senang
Bahan bagus adem;senang
Jahitan rapih bahan dingin;senang
Cotton bagus;senang
Wanginya enak bgt, tapi klo untuk ketahanannya kurang bgt sih;senang
Sepatu kotor dan benang kurang rapi;senang
Bahanny lembut, sayangny agak tipis tp gpp lah;senang
Bahan bagus;senang
Bagus sesuai harga;senang
Barang sampe lengkap, no cacat, tapi sedikit kaget kalo XL nya sekecil ini, biasa pake punya Exclu**ve di size L itu udah pas, ini ngambil XL malah kekecilan (press body)🙂;senang
Maaf tidak sesuai ekspektasi saya bahannya tipis ,ukuran xxl nya terlalu kecil seperti ukuran L atau xL tidak bisa dipakai saya pernah beli disini sesuai ekspektasi tp yang ini saya rada kecewa 🙏🏻;senang
36 kegedean;netral
kurang besar harusnya naek 1 ukuran;senang
Maaf banget bintang 2 . Bahan nya bagus sablonan bagos, tapi saya pesan UK M memang datang nya bener ukuran M. Cuma kegedean nya naudzubillah. Pdhl Bb ku 63 tetep kegedean.;senang
Sesuai pesan,an;senang
Yang warna ini beda kain nya;netral
Baguscumak kekecilan;netral
Barang nya mendarat dengan selamat bahan bagus saya suka🤗Aerostreet mantap abis👍👍😁;senang
Aromanya enak,botol kokoh, harga murah;senang
Lebih panjang dari model yg lainnya;senang
Good;senang
Mantap lah pokoknya;senang
Saya pesan yg cutbray dan lngsng payment. Stlh itu di hub dr toko katanya ternyata stok sdh tidak ada dan dr toko direkomendasiin yg skinny dan saya tidak mau. saya minta dana saya di kembalikan. Saya sdh minta pengembalian dana lwt aplikasi dan sdh info ke toko. eh ttp dikirim sesuka hati mereka;senang
Barang sudah sampai, mantap keren 👍;senang
Bagus. Cuma agak berat;senang
Maaf terpaksa bintang 2, sepatu sebelah kanan nya peang tinggi sebelah ntah pas proses cek nya nggak maksimal atau gimana padahal ini koleksi terakhir saya tapi dapet quality lumyan kurang baik;senang
Konsep nya kurang mateng, banyak yang terjebak membeli karna deskripsi tidak dilengkapi size yang tepat,pada dasar nya sendal slop itu nyaman dan bisa digunakan di semua jenis kaki;senang
karna kegedeann jadi anehh;netral
Bagus;senang
Sepatunya lebih besar dr bisa ukuran yg saya pkai, saya biasa pakai size 40, tp dsini sengaja beli size 39. Eh tetep aja malah kegedean 🥹 dipakenya berat huhuhuuu sorry 🙏;senang
Baguss bangett👍👍;netral
Celana bagus ,tapi tidak sesuai ,pesasanan size 28 dikirim size 32😭😭😭 sangat sangat tidak sesuai 😭😭;senang
Biasa;senang
Untuk spatunya okh tapi untuk jahitan dan lebihlebihnya bahannya masih kurang rapi untuk selebihnya sih okh.Dan untuk packing nya untuk brand lokal kek aerostret mohon di tambahin kualitasnya Karana gampang rusak itu aja sih cuman,agak kecewa Ama packingnya padahal brand lokal kek aerostret dahbagus;marah
B aja;netral
baguss tpi sayang warna maroon mlh kaya warna coklat tuaa toh juga ada noda putih di depan;senang
Enak di pakai ,empuk;senang
"Tidak sesuai pesanan..
Pesan sandal warna hitam,, Yg di terima malah warna yg lain..";senang
"Sesuai, cocok di kaki,
Warna: Sesuai";senang
"Jahitan ga rapi, dan banyak keluar
Kekecilan, biasa beli sepatu aerostreet model lain dengan uk 44 jg pas, tp uk yg ini kekecilan susah masuk
Warna di bbrp bagian juga sudah luntur";senang
"Nah yg ini cakeup jahitan rapi insole outsol juga manteb
Kurang sesuai cuman di uk aja thnks min";senang
Oke lah;netral
"Dah sampeeee...
Mkchh....";netral
baguss;netral
bgus;netral
pertama di seprot nyegrak bngt, wangi nya strong, agak bikin pusing, tp lama kelamaan bakal soft dan wanginya kya bedak gitu, aku ga rekomen di pake siang2 ya bisa pingsan keknya😭😭😭;sedih
Bahan bagus. Tapi kecewa catatannya ga di baca. Pesen putih 1 , baby  1. Yang datang 22nya putih.  Mohon catatannya di baca. Kalo ga di baca ilangin aja catatannya.;netral
Produk sesuai , pengiriman cepat respon penjual cepet👍👍👍;senang
Lumayan;senang
Wanginya soft buat cewek cowok bagus nih good, semua orang pada nanya kamu pakek parfum apa sihhh 😎🔥🔥;senang
Wanginya persis buat cowokk good, parfum kamu apa sihh padanya nanya gitu semuaa 🔥🔥;senang
Ini mw d ganti apa gk?penyok sampe ke dalam;netral
padahal dari awal mesen udah konfirmasi masi ke admin kalo size 44 nya ready,eh yang dateng malah beda motif;senang
Bagus bahannya tebal;senang
👍👍👍👍👍;netral
Baik;senang
Bagus sandalnya;senang
Sablonnya gak halus,kasar sablonnya;netral
Sablonnya gak halus,kasar sablonnya;netral
BAGUS BANGETTTTT;senang
BAGUUUSSS BANGEETTTTT;netral
"Size 41 pas banget.
Empuk,nyaman...
Cuma kalau buat jalan di lantai keramik berisik 😅,bagian belakang bunyi ceplak cepluk";marah
sementara aku kasih bintang 🌟 4,  bintang 🌟 5 nya nanti setelah aku tes nanjak gede👍;senang
Packingnya ga bagus, plastiknya sdh terbuka...sepatunya berat. Maaf sebelumnya,terima kasih.;senang
Bagus;senang
Bagus;senang
barang udah sampe, aman , baguss 👍🏻;senang
Barang bagus pengiriman cepat;senang
Alhamdulillah paketnya udah sampai,kaos bagus tebal sablon nya juga bagus semoga awet 🙏 next mau order lagi warna lain nya;senang
Kualitas baik;senang
Sayang sangat kecewa karena produk yang di kirimkan ini stok lama kelihatan dari packingnya dan sangat kecewa...;sedih
Dan yang ini pun sama;senang
Yang ini pun sama tapi tidak terlalu jelek;senang
"Alhamdulillah bagus, mudah""an bisa awet";senang
UK pas ... Lubang leher kebesaran 😔;senang
Bahan gak tebal, tpi Okelah;netral
Bahannya gak tebal, katanya 24s;senang
barang sampai tepat waktu, baguss cumann untuk kardusnya ada yg kena gores jadinya bolong sedikit;senang
Kualitas produk: Ok;netral
Kaosnya gak setebal yang hitam pertama aku beli, saran kalo mau beli mending yg hitam, karna yg warna lain kainnya gak rebal;netral
Kain tipis , gak sesuai dgn hitam, ah malas pesan lagi;senang
Bahannya bgs dan pas;netral
Bagus;senang
Ok;netral
bagus, nyaman di pakai;senang
Sesuai kain nya bagus mantap;senang
"Sepatu yang dikirim kanan semua
Untuk tukar barang ribet";netral
Berharap banyak loose jeans kenapa cutbray banget;senang
model oke,bahan bagus cuma finishing kurang rapih masih banyak serabut benang dan sedikit brudul,msih ada sisa serabut lem;senang
Rekomandasi bnget sumpah,, kualitas brg.y sesuai dgn yg di pesan 🥰;senang
Astaghfirullah,warnanya ga hitam pekat🥲;netral
"masih ada noda kecil""";sedih
Pesanan sudah diterima🙏;netral
-;netral
Keren kaosnya,bahan nya juga adem, next bakalan order lagi👍;senang
"Harga terjangkau untuk sepatu brand lokal 
Tinggal di cek finalnya aja harus dilakukan pengecekan";netral
Mantap;senang
Ukuran 40 seperti ukuran 39;netral
Terima kasih pesanan sudah saya terima dengan baik dan aman dan sudah langganan disini makasih min;senang
Terima kasih pesanan sudah saya terima dengan baik dan aman dan sudah langganan disini makasih min;senang
Sesuai sama gambar;senang
Sudah beli 3x, tp yang ke 3 kainnya agak tipis beda dari yang pertama;netral
Bagusss, cepet;netral
Ukuran udah gede tp masih sempit aja -_-;netral
barang sesuai deskripsi, packing rapi. Hanya alas sol sudah ada bercak kotoran.;senang
"Kualitas produk: Sangat jelek
Tidak sesuai dengan harapan. Dalamnya kayak ada bulu2 yg lepas. Jdi nempel di kulit. Bikin tidak nyaman";senang
Good;senang
baunya enak tapi wanginya ga awet;senang
Bagus;senang
ukuran pas bahan sofly,enak dipakai recommended;netral
Di bagian belakang sama depannya kurang simetris padahal udah dibilangin diusahakan yang gk cacat;senang
paket aman, kardus rusak sampai lokasi, segel plastik sudah terbuka;senang
sesuai real pick semoga awet;senang
warnanya tidak sesuai ekpetasi;senang
Barang bagus, ukuran sesuai standar tidak kecil.;senang
ok;netral
"Cepet bgt nyampenya. Bahannya bagus.. Adem.. Nyaman, suamiku sukak. 
Next bakal order lagi";senang
Tolong dengan sangat, QC nya sangat diperhatikan sebelum dijual ke konsumen. Padahal bahannya bagus, kualitasnya bagus. Tapi krena QC nya msih kurang baik, jadinya msih tersisa sdkit kekurangan pada produknya.;senang
Saya pilih warna biru pekat,tp dikirim yg light bluesdh dikirim tapi baru dikonfirmasi lwat wa,cod JD GK BS dibatalkan,tapi okelah bagus kok Bhan nya jg BS melar;senang
semoga awet;netral
Bagus sesuai di gambar,,,cuma agak kebesaran sedikit,,,jdi kalau yg biasa pakai size 42,,,mending ambil yg 41 aja,,,;senang
"Bentuk dan ukuran: Pas
Daya tahan pakai: Empuk sepatunya
Warna: Putih";senang
"bagus 
cuma bagian slop nya sempit ..
semoga bisa ditingkatkan lagi kualitasnya";senang
Lumayan dgn harga segitu;senang
Minta navi 42 dikirim black 37, untung muat dipake istri #males retur;netral
Bahannya bagus untuk ukuran lebih baik di upsize karena sizenya kecil;senang
Lem sedikit ngelupas. Masih perlu perapihan lagi;senang
ga sesuai iklan ga ada tulisan timbulnya;senang
pengiriman cepat;senang
Keren;senang
bagusss bangettt, bahan ga terlalu tipiss okee bangett buat harga segituu, mantappp mau koleksii🤩🤩;netral
Barangx bagus sesuai gambar;senang
Bagus cocok;senang
Kecewa baru sampe jg blomdipake sablonnya udah kelupas kelupas..;marah
Ini lumayan sih;senang
Good;senang
"Good
good";senang
good;senang
"bagus sih, cuman sol dalamnya kok kotak"" gitu, jadi ngeganjel pas awal"" pake, itu bikin insol e juga mbentuk kotak"" gitu dibagian bawah e, agak takut ga awet";marah
sebenere keren sih, cuman detail lebarnya gaditulis, jadi agak kekecilan kalo ambil ukuran cuman dari panjang doang;senang
Produk yang dipesan sesuai dan semuanya oke. Tapi, saya kasih rating 4 biar tokonya tidak puas diri dan dapat meningkatkan lagi layanan dan kualitas produk lokal. Terbaik 👍🏻👍🏻👍🏻👍🏻👍🏻;senang
good;senang
Bagus sangat recomended;senang
"Bentuk dan ukuran: ngepas
Warna: bagus
bahan nya bagus dan untuk harga segini menurut aku worth it banget👍";senang
Kualitas mantul tapi tolong perhatikan sedikit jahitan nya ya;senang
Bagus;senang
Tidak wortit , mahal warna pun cuma 1 warna;netral
Kok bajunya gak bisa berubah hdeh giman ini;netral
"Bentuk dan ukuran: Size 44 okay
Warna: Okay
Everything is good, comfortable to wear, only the shoes are a bit heavy, maybe because of the material. If they were a bit lighter, these shoes would be more luxurious. But at this price, it's still okay 👍🙏 thanks";senang
Bahannya tipis bgt beda sama warna hitam;senang
👍🏽;netral
👍🏽;netral
Produksinya kurang teliti masa ini menjeng tolong lebih di perhatikan lg dlm segi produksinya;senang
ada beberapa kotor dan jahitannya tidak rapi dan menurut saya ini agak berat ya;senang
Bagus buat rumahan;senang
Bagus;senang
Agak kekecilan,, tapi oke sih;netral
Bgs;netral
Bgs;netral
kualitas ok, cuma cuting kurang bgus, itemny gak konsisten klo di bawah sinar matahari cnderung kemerahan cuma harga segitu not bad;netral
Gak sesuai;senang
Besi tali sepatunya 2 terlepas padahal baru di buka, tapi selebihnya bagus sihhh tapi sayang banget gak tau mau di apakan biar bisa terpasang besinya kembali;senang
saya kok gak dapat fomznya ya;netral
Beli 2 warnanya hitam dan merah, yang datang hitam semua;netral
"Bentuk dan ukuran: Pas
Aroma: Sandal baru
Daya tahan pakai: Semoga awet
Warna: Sesuai dengan yg dpesan";senang
ada noda kuning di bagian depan baju;senang
Semoga awet dipakai;netral
Tolong di perhatikan lagi, pengecekan nya. Pas di buka dan di cek lagi bagian samping nya bolong;netral
Lebih kecil dari sandal lainnya yg ukuran 42;netral
"Kecewa bgt,karna ada robekan di bagian lengannya yg Gak Kejahit,dan ukuran XL udah kyk ukuran jumbo bgt🙂
Plist lah,seblm produk di kirim di cek dulu kainnya biar gak ada cacat pdhl udah langganan bgt di toko ini tapi yaudahlah,mau di cancel jg g enak bgt🙂
Terpaksa di rombak ulng bajunya🙂";netral
Mantap;senang
Barang bagus, minus di packingnya doang sihh,upgrade terus pokoknya aerostreet;senang
Selalu puas dengan bahanya, tapi kecewa lagi karena ukranya agak kecil,padahal sebelumnya sudah beli dan mlah agak besar, ini malah kecil padahal ukurannya sama, kalo yg ke 2 kecewa karena salah warna, tolong lebih teliti lagi.;senang
Sekian kalinya langganan produk ini, baru kali ini sedikit kecewa dg bahan kaosnya agak tipis. Tlong pertahankan spt dulu lg.;senang
lumayan;senang
Kualitas produk: Baik;senang
Daya tahan pakai: Sangat bagus;senang
Alhamdulillah barang sampai rmh, Joss gandos, lumayan buat kerja;senang
Recomended;netral
Bagus cuma jaitan ngk rapi;senang
Mantap aero ga pernah gagal sik;senang
Bagus;senang
Sudah terlanjur percaya sama aerostreet, jd tiap orderan datang langsung buka, sebelumnya tanpa ada kendala. Tp orderan kali ini 2 item putih dan navy. Yg dtang cuma navy saja. Mau di komplain, yg pasti komplain hrs ada unboxing. Karna saya percaya jd tdk pernah unboxing. Gimana lagi, ya kecewa..;senang
No comen buat harga segini ya mayan lah sesuai kualitas;senang
Bagus bngttt;senang
Bagus.. sll berlangganan;senang
Bahannya adem,,tp sayang bagian dalam jaketnya berserabut JD nempel dibaju n badan.;senang
kualitas produk sesuai gambar dan deskripsi, barang baik. semoga awet.;senang
Ok;netral
Kirain 41 gade malah kecil kga muat dipake tuker kga bisa;netral
Bagus;senang
Bagus;senang
Bagus;senang
Ya terbayang rugi;netral
dapet yg kurang rapi;senang
Ya oke. Berat pengiriman terlalu besar di invoice! 0.894 kg dari SiCepat tetapi di invoice 1.800.;senang
Bagus;senang
kaos aerostreet ke2 yang saya beli;netral
Ok;netral
Ok;netral
Ada yg sobek kk dkt tulisan dan ini pasti melebar makanya sy bingung nich. Bs hancur kl bgni.... Merembet robek nya;marah
Sepatu nya ada banyak bercak hitam an;senang
cukup bagus;senang
Sendal ok tapi sayang bagian oinger nya kurang rapi bagian lem nya sama mau lepas;senang
Bagis seperti biasa karena sudah sering beli merk ini cuma agak kecewa dateng sepatunya kaya jamuran gitu banyak bintik2 nya xs nya keren lgsg respon cuma wat balikin g keburi mau di pakai wat lomba next lebih teliti lg;senang
Mantappppp;netral
bagian dalam belum bersih, sudah dicuci tapi saat dipakai masih ada bahan spt kapas yang menempel di kulit;senang
Pengeleman tida rapih dah tidak kuat;senang
Bagus;senang
Sesuai pesanan;senang
.;netral
.;netral
.;netral
"Kualitas produk: Bagus
Tapi ukuranya ke gedean. 
Kaosnya malah nganggur gak kepakai. 
Di kembalikan, saget nopo mboten. Njih?";senang
panas bahan nya;marah
untuk bahan gak perlu diragukan lagi, tapi untuk letak tulisan didepannya terlalu bawah, tidak sesuai sama pict, sedikit kecewa but it's oke, mungin ada sedikit error;senang
Ke 2 x nya beli sepatu aerostreet kualitas jngn di tnya lgi bagus bngt enak di pake;senang
Ukuran L nya kok kecil;netral
Cocok banget buat harga segitu,sepatunya bagus✨;senang
barang Ok, pengiriman cepat... hanya saja utk warna tidak begitu hitam, warna hitamnya lebih ke merah-merahan;senang
Ko bagian bawahnya kuning gini ya..;marah
Pokonya mantap bagusss banget,sangat bagusss. Sukaaa;senang
bagusan;senang
Box sepatu nya kok ada lecet nya iyh kak?;netral
"admin sama sekali tidak membantu dalam penyelesaian kasus. ribet

botol juga tidak seperti di gambar. kayak botol lama, gak bagus sama sekali
wangi nya juga tipis2 aja, gak tahan lama";senang
beli L kekecilan tapi sebelum e enggaa;netral
Kaosnya downgrade, bahan tipis.. g da punya 3 kaos oversized arstr ini yg pling ga bagus, beda bahannya, yg sblm2nya tebel semua..;senang
Brng nya bagus;senang
Barangnya bagus, sesuai pesanan. Pengiriman juga cepat. Thanks..;senang
Yg ini produknya ga ada, diganti sama yg vespa tapi gapapa deh;senang
Sol nya terlalu tebal jadi agak berat;netral
Sol nya terlalu teball jadi agak berat;netral
sesuai harapan;senang
Mantap sepatunya;senang
Mkasih KK barang ya dh sampai bagussss;netral
Bagus.pas ukuranx;netral
mantap keren.sesuai ekpektasi..;senang
Sepatu harganya 200rban sungguh tidak  sesuai, Kecewa sekali serasa ditipu. Ini harusnya harga 30rban dari karet tampaknya udah kelihatan gagal produksi, Tali sepatu palingan harga 5RBan hadeh. Lu jualan yang benarlah Asli Kecewa berat. Padahal mintanya yang spesial dikasih yang gagal produksi WTF.;senang
Bagus;senang
Tidak sesuai gambar;senang
bagus oke mantap cuma kurang rapih solnya, ada noda juga, tapi bagus lah lumayan diharga segitu, kasih bintang 4 dulu yak.;senang
Ternyata kecil kakak😌 untuk kaki pria gk muat. Mana beli 3 🥲;senang
"Dosnya ancur peckingan tdk ada rapih""nya";netral
gedean;netral
ukuran sepatu kekecilan order no 40 harusnya di lebihi jadi no 41;netral
Mantab;netral
Cocok buat kerja, sekolah, jalan jalan;senang
Produk yg datang tidak sesuai dengan produk yg di pesan;senang
Sepatu nya bagus & adem,minus nya di berat nya aja;senang
Keren,ukurannya pas bahannya juga bagus sampai rumah juga aman👍;senang
Agak kecewa sih, botolnya kyk botol bekas gitu 😭banyak scratch nya, pdhl udh suka bgt sama wanginya celeste ini,kyk parfum high end;senang
Ok;netral
Kualitas produk: bagus banget bajunyaa;senang
Tolong diperhatikan lagi ya untuk tutupnya. Tumpah tumpah isinya;senang
baik;senang
Ukuran lebih kecil dr tipe biasa nya;senang
Pengiriman cepat, packagingnya bagus cuma sayang pinggang nya ga ngaret, pas sih cm masuknya aj aga susah karena pahaku besar. Overall ttp suka 🥰;senang
Paket sdh sampai....kardus penyok2.....mungkin bsok peking d peebaiki lagi, pakai plastik yg wrna hitam biar lbih amn tdak mncolok;netral
Sedikit kecewa ,,, pesan warna Navy di kirim warna hitam;netral
Kata bibi aku baunya kaya parfum kiyai kiyai  wkwk, aku cewe, kurang cocok , kalau buat cowo lebih cocok ini;senang
Terlalu gober;netral
Kepanjangan;netral
Bagusm cuma salah plih warna. Pas blum d kirim minta kirim tukar warna tdk bisa oleh seller. Warna juga kyak celana pramuka. Terpaksa jadi kain lap;marah
sedikit sakit waktu dipakai.;netral
Maaf saya kasih 4 sebenernya barang bagus dan sudah berlangganan tp kali ini saya kecewa kerena setelah barang saya co harga nya turun..;senang
Lumayan sih, tapi bagian foamnya kok gitu sih mana lemnya ga kuat lagi;senang
Sesuai pesanan;senang
"Bagus tapi sayangnya pas udh beli malah ada promo beli 3 kaos cuman bayar 2 
Tau gitu nunggu hari besoknya lg belinya";senang
"Bagus tapi sayangnya pas udh beli malah ada promo beli 3 kaos cuman bayar 2 
Tau gitu nunggu hari besoknya lg belinya";senang
bisa dilihat sendiri ini warna apa wkwk;senang
bagus;senang
Bagus;senang
"Enak si pakek sepatunya
Parfumnya jg wangi tahan lama";senang
Warna: Bagus sehat selalu;senang
Ga simetris belakangnya, jadi dipakai ga nyaman;senang
Mayanlah;netral
Terlalu besar, tapi bagus bahannya;senang
Mau lemongrass nya berasa bgt;netral
Seger, earthy, lebih cocok untuk cowok sih;senang
The real orange.. Agak² mirip pengharum ruangan tapi in a good way;senang
Seger, manisnya dikiit.. Musk nya berasa di paling akhir. Bau² dewasa;senang
Baru mau coba eh mlhn masih banyak bulu halusnya gak bersih lngsng nempel ditangan s;senang
Bentuk dan ukuran: Sesuai;senang
Mayang;netral
Bagus;senang
Oke;netral
Mayan lah🥲;netral
"Sepatunya ada bintik2 putih .
Kotor .";netral
Bagus barangnya tapi di jahitan sepatu nya kurang rapi sih sama packing an kotaknya agak penyet, tapi kualitas bahan bagus;senang
Ggod;netral
Barang bagus dan pengirimannya cepat;senang
Oke;netral
Bahan nya lumayan tebal, tp ada bagian yg menerawang.. semoga awet. Tapi pas pesen harusnya warna hitam dan charcoal tp yg dikirm hitam semua.. ya sudahlah;senang
Kualitas produk: Bagus;senang
Kualitas produk: Bagus;senang
Kualitas produk: Bagus;senang
"Aku suka bajunya
Kualitas produk: Bagus";senang
"Baru beli dan kubuka , Kurangajar  parfumnya kosong ga ada isinya ..
Mengecewakan";sedih
Bagus banget;senang
Ok;netral
Kemasan bocor mohon untuk diteliti lagi sebelum dikemas kak bagian spray nya kendor jadi parfumnya tumpah.;senang
pas ✌️;netral
P;netral
Sepatunya sudah dicoba enak dan pas feelnya di kaki kualitasnya ok, tapi QC sangat kurang barang diterima dalam keadaan berjamur harus dibawa ke tukang sepatu dulu untuk dibersihkan;senang
Kualitas produk: Y;netral
Bahan dan bentuk saat dipakai kurang oke;netral
Ok;netral
Ok;netral
OK;netral
Ok;netral
Sempit padahal insol nya pas;netral
aerostreet emang sebagus itu ges, akh sdh keberapa kalinya beli disni😍;senang
Kerenmnnn;netral
"MBULET KOYOK ENTUT!!!! COKKK *********
PESAN 5 XL DAN 5 XXL, YG DATANG 8 XL DAN 1 XXL KOK NGEYEL ""KENDALA SAAT PENGIRIMAN""
COKKKK.. GAK PERNAH KASI RATING JELEK KE TOKO ORANG, BARU INI DIBUAT GEMESSS!!!!
isok kerjo nggakk minnn adminn???

KON iku salah bungkus nya... harusnya 5 XL dan 5 XXL kok isok dadi 8 XL dan 1 XXL.. ALESAN TERKENDALA SAAT PENGIRIMAN!!!

****** COK!!! RUWETT!!!";marah
Bgus;netral
Barang tipis;netral
Bobotnya lumayan berat;senang
tampak bagus untuk desainnya, cuma bobotnya aja yg agak berat hehehe;senang
Bahannya jelek (luntur, berbulu dan rontok);marah
Kurang suka wanginya, nyengat di hidung, mirip parfum kahf,;senang
Mantap;senang
Top;netral
p;netral
biasa;senang
kekecilan tidak bisa ditukar hufttt;netral
Nice;netral
Barang sampai dengan aman, emg ga salah produk lokal ga kalah ama yg lain. Mantaap sudah beberapa x beli sllu puas dengan tampilan. Terimakasih, sukses sllu..;senang
Sangat bagus;senang
ukuran pas, bagus. dpt harga murah meriah hihi;senang
Pengemasan buruk hanya dilapisi plasti bening;senang
Kualitas produk: bagus;senang
bagus sesuai dgn harga cmn baret dan kotor dikit;senang
Warna nya suka banget;senang
🫶🏻;netral
tu;netral
Bagus walaupun package nya kurang aman;senang
"Sedikit kecewa , karena barangnya ada sedikit kecacatan , 
Salah saya juga Waktu unboxing juga kurang teliti ngeceknya , setelah di pakai ternyata ada sedikit cacat , kurang nyaman buat jalan 
Tapi ya sudahlah";senang
Barangnya mantap , puas banget sampe order 4x ni;senang
Kurang tebal;netral
Aku req di note, gak jadi surpise akhir nya, gak seru;senang
"Bentuk dan ukuran: 41
Ternyata kekecilan apakah bisa di kembalikan 
Sepatu nya oke sih nyaman di pake ya ngga terlalu berat";senang
Tokonya sih amanah,tpi yg gk bner ekspedisinya.. laamaaaa;senang
Barang bagus, real pick.  Cuman packingnya kurang rapih.  Takut jatuh di jalan, atau gimana. Untungnya aman sampai tujuan.;senang
mantap kali wakk;senang
Produk bagus sayang uk 41 ky 39 musti up ke 43;senang
Bahan kurang menyerap keringat;netral
Nerawang bgt;netral
Nerawang;netral
Bagus;senang
Bagus;senang
Brang sesuai 😍;senang
Sesuai pesanan👍;senang
"Nomer 41 biasanya pas, ini malah kegedean.
saran buat yg mau beli kalo biasa ukurannya 41 mending ambil yg 40 aja.";senang
masuk akal;senang
Sepatu keren;senang
Sorry to say wanginya bikin ga nyaman, aroma lemongrassnya terlalu strong.;senang
Sayang bgt ternyata yg item lebih tipis dari warna brown;senang
Pesanannya sesuai;senang
agak berat ya sepatunya, tapi over all cukup bagus;senang
Barangnya bagus tapi sayang bajunya agak panjang;senang
pesanan sesuai, cuma kurang agak rapih aja bekas lem sama jahitanya dan ternyata salah pesan ukuran juga kurang gede sedikit . Tapi sepatunya keren semoga awett🥰;senang
Bintang 1 dulu kalau udah bisa tukar ukuran baru bintang 5 soalnya ukuran kurang presisi 38 udah saya lebihkan ke 39 masih sempit;senang
Wanginya pas Di awal aja huh;netral
kerah di bagian blkng ada bekas jaitan nya, pas mau di cabut malah robek, baru juga beli udh ga kepake🥱;marah
Celananya kekecilan, tidak seperti biasnya;marah
Packing rapih,bahan tebal & lembut,adem,jahitan rapih,cuma satu warna hitamnya agak kusam beda sama baju satunya.;senang
Barang bagus dan sesuai digambar;senang
Yg di kirim nomor nya terlalu kecil;netral
Kirain warna putih Krn kek di fotonya kek warna putih,tenlrnyata abu muda huft;senang
untuk ukuran beda sama yang saya pesan, admin juga slowrespon, untuk kualitas oke sih mohon di respon chat saya;senang
Bagus;senang
Tidak sesuai, produk kecil;senang
Barangnya bagus, tapi kerdung agak penyok;senang
Suka realpick;senang
Otsolnya pecah²;marah
lipatan lengannya kurang rapih;senang
"Maaf kali ini saya kasi bintang satu kk , kurir nya telah melakukan penipuan dengan alasan paket trtukar barang orng . Dan saya ditipu sebesar Rp.444.000
Kualitas produk: Bagus";senang
Entah knp ini buruk sekali, tipis bgt gak kaya yg lain, pdahal kaos aero gw banyak bgt ini yg paling buruk yg pernah sy tumui di produk aero wrna putih. Nyesel juga sih.;marah
Bagus. Size 30 pas untu saya yg BB 53, TB 170.  Tidak kepanjangan gak harus vermak.. kalo tidak luntur ini udah bintang 5 sih.. kemaren CO celana chinos size 28 kekecilan;senang
.;netral
.;netral
Barang sesuai;senang
Ukuran sesuai dengan aktual kondisi pemakai. Trima kasih 🙏;senang
"Sepatu nya bagus sesuai gambar
Bentuk dan ukuran: Uk 40.In tu tipe sepatu yg tebal jdi looks ny tu kyk besar
Agak berat tpi gak yg berat amat cocok di pake kerja/sekolah kalo olahraga dlsbginy kurang cocok. 
Tpi tetap bagus kok sy cewe dn pake ke sekolah oke aja.";senang
Bagusss;netral
Kasi 3 bintang karna baju yg sampe ada kelunturan warna hitam;senang
Bagus tpi warna tidak sesuai;senang
Parfumnya wangi² tpi ada yang bocor 1;netral
Barang tidak sesuai pesanan ... order austin coklat tua natural yang dikirim navy;senang
Siip;netral
Bagus;senang
sayang sekali ada cacat y;sedih
kecewa hasilnya tidak rapi;senang
-;netral
-;netral
Bagus tapi kaya ada bekas apa itu sayang sekali😌;senang
Ok mantab, semoga warnanya gak luntur ya;netral
Bagus tapi ukuran L ko kecil;senang
Gileee wangi kakek kakek mnurutku 🤣 langsung puyeng kepala gw, cocok kalo buat ngasih ke kakek kita;senang
Cakep;senang
"Suka dengan produk aerostreet selain ada ukuran kaki besar desain produknya bagus bagus
Bentuk dan ukuran: Sesuai produk ukuran pas kaki
Aroma: Bau obat karetnya keras banget
Daya tahan pakai: Akan awet tahan lama dipakai";senang
Sizenya terlalu besar untuk no 39 tp lebih sperti 40;senang
Baik barangnya. Sesuai dengan gambar;senang
Kerreen;netral
Aerostreet semakin ke sini makin tipis bahan nya...;netral
Menarik;netral
"Barang bagus
Packingnya aja kurang baik";senang
Dikasih plastiknya yg udah lecek+kotor, terus lipetan bajunya jg ga rapih gitu lhoo;senang
Barangnya oke semoga aja lem nya awet;netral
Barang bgus pengiriman terlalu lama;netral
Udah no 44, masih gak muat dengan pas di kaki. Bikin yg ukuran 45-46 lah.;netral
Aromanya tahan 10 menit… 😢 tidak sesuai dengan apa yang di Iklankan;senang
Kedua kalinya aku beli sepatu kek gni;netral
Ukuran keci tidak sesuai harapan;senang
Yang satu menceng sama kotor, kotor nya masih bisa dibersihin, lain kali kalau menceng jangan dikirim;senang
baguss bangettt;netral
Size 44nya kecil bgt,kyk mirip 43;netral
A;netral
b;netral
Selain barang nya sesuai paket datang dngan cepat baik dan kurir nya juga ramah baik🙏;senang
"Aroma nya enak. Jasmin powdery nya dapet bgt 
Ga buat enek
Pertama dateng aromanya sampai keluar2, even di kardus nya wangin bangettt.. pas di unbox ternyata packanginnya (mungkin) di gw dapet jelek ya. Bocor soalnya. Harus di tegakin dulu
QC nya kurang nih";senang
Ukuran 40 terlalu kecil;netral
Gak kecewa;marah
Selalu suka;senang
Bagus;senang
"bahannya tipis tapi adem
sesuai lah dengan harga
btw, sablonannya ada kesalahan dikit keknya lewat dri pola";netral
biasa aja;senang
Mantap sesuai dengan gambar pemesanan;senang
Barang bagus, Saran kantong diperbanyak karena ini kargo;senang
Saya baru membeli sendal aeronya tapi lem sudah copot bagaimana ini kak?;netral
panjang pas, pinggang pas, tp potongannya agak aneh, betisnya kecil, ga ky biasanya, kmren ambil yg brown sama yg navy bagus potongannya. kain ga ada masalah ky biasa enak dipake;senang
sepatunya kotor;netral
Oke;netral
"Worth it bgt
Tapi kayaknya kalau beli harus naik 1 ukuran";senang
Mantapp bro barang bagus, packingan nya rapih;senang
Dengan harga segitu worth it lah;senang
Barang bagus sesuai pesenan;senang
Dua nya peyok gak di doble packing nya;netral
"lucu
adem";senang
"luca
adem";netral
"lucu
adem";senang
"lucu
adem";senang
"adem
lucu";senang
"lucu
adem";senang
Warna nya lebih ke cokelat bukan maroon;senang
Mantap dah nyampe;senang
bajunya ada bekas benang2 d 4sisi bagian depan, bahannya bagus, sablonnya jg bagus.;senang
Isi nya udh ga full ga ngerti tumpah di jalan apa gmn;senang
Lumayan;senang
Terlalu biasa wangi nya melati udh;senang
Isi nya udh ga ada padahal masih ke segel;senang
Sangat memuaskan;senang
Udh spiL BB TB tapi masih kegedean celananya.;netral
good;senang
pesanan jelekkk tidak sesuai pesanan;senang
bagus lah,sesuai ekspektai;senang
Sebelah kiri enak yang sebelah kanan rada sempit ya;senang
42 nye kecil;netral
Bagus;senang
wanginya enak sih, cm awet gak nya blm dicoba. yang bikin sedih ada kebocoran. wktu dibuka dah tumpah;netral
Lama beut njirr;netral
Baguusss;netral
"Mantapp
Kualitas produk: Mantap";senang
bagusss , tapi bahan tidak setebal sebelum nya;netral
Good;senang
Good;senang
bagus kain nya sesuai harga oke lah;senang
Kualitas produk: Kualitas bahan agak tipis dan biasa pakai ukuran 32...tpi dsni kekecilan.;senang
Bagusss bangettt bajunya;netral
oke;netral
Baguss semoga aja cukup;senang
Bagussss  bangettt;netral
baguss sih tapi ada sisa² benang ny;netral
Manntap ....;netral
Bagus👍;senang
Kainnya halus, bagus👍;senang
Bagus👍;senang
Bahan nya bagus sesuai dengan gambar , cuma ada bagian yg kurang rapi dan ada bercak sedikit.;senang
Sandalnya bagus sesuai dengan nominal;senang
bagus sekali, sesuai pesanan;senang
Printingnya bagus tapi untuk bahan kaosnya menurutku masih kurang. Tapi worth to buy dengan harga segitu;senang
Printingnya bagus tapi untuk bahan kaosnya menurutku masih kurang. Tapi worth to buy dengan harga segitu;senang
tumpah;netral
Ukuran terlalu kecil;netral
Ukuran terlalu kecil;netral
"Bagus bngtttttttt masyaallah 😭💓💓
Mkasih ya kak udh krim sesuai pesanan.
🥰🙏";senang
Ukuran pas tapi saat barang diterima kardus dalam keadaan rusak dan insole sepatu sebelah menekuk kedalam;marah
Pengiriman lama. Ukuran terlalu kecil. Bahan ok lah. Cuma tolong kerjasama anda dengan pihak expedisi dalam pengiriman jangan buat main main. Satus barang di antar dari hari ini sampai besoknya baru di antar ke alamat. Itupun saya wa;sedih
Sesuai;senang
Biasa aj;senang
Bahan panas jlek;marah
Jossss;netral
Gacorr sesuai bangett sama ekspetasi cuma bintang nya di kurangi 1 karna di chat dimintai ukuran agak judes dengan dus sepatu nya mngkin bisa di lapisi apa gitu biar gak ronyok;senang
Beda,;netral
Saya pesan nya warna putih min , knpa yg di kirim kya gitu;netral
Good👍;senang
bagus bgt kado buat adek dia suka bgt;senang
bagus;senang
Kepanjangan;netral
Lama sampai nya;netral
bagus banget;senang
Good aromanya manis semua karena untuk cewe. Packingnya oke banget;senang
Good aromanya manis semua karena untuk cewe. Packingnya oke banget;senang
"Good aromanya manis semua karena untuk cewe. Packingnya oke banget
Kualitas produk: Oke";senang
Good aromanya manis semua karena untuk cewe. Packingnya oke banget;senang
Good aromanya manis semua karena untuk cewe. Packingnya oke banget;senang
Good aromanya manis semua karena untuk cewe. Packingnya oke banget;senang
Good aromanya manis semua karena untuk cewe. Packingnya oke banget;senang
Good aromanya manis semua karena untuk cewe. Packingnya oke banget;senang
Good aromanya manis semua karena untuk cewe. Packingnya oke banget;senang
Siip bagus;senang
Jujurly produknya bagus, tapi minusnya cuma dari faktor pengiriman, update loksi paket sangat amat amat lambat, terima kasih;senang
semoga awet sandalnya, ukuran sandal biasanya size 38 cukup tp ini trnyata masih kebesaran dikit😩;senang
barang sampai dengan aman lumayan cepat , kualitasi bagus di harga segitu lembut empuk namun agak berat untuk beratnya overall nyaman sih di pke , 😁👍;senang
Bahan bajunya bagus sesuai ekspetasi. Tapi ada satu di bagian label kera bajunya kurang rapi jahitannya;senang
Enak lembut adem dipake. Cuma agak kepanjangan bajunya;senang
admin krg ramah;senang
"bagus si bagus tapi ada minusnya kyk jaitannya ada miss dibawah sepatu trs boxnya rusak dan bahannya kurang ""just kritik""";netral
keren;senang
salah pilih ukuran kirain L gede;marah
Lumayan lah untuk harga segini, sesuai;senang
Tutup parfumnya rusak dan botol kaca parfumnya gampang pecah;marah
Kainnya beda sama jogger yang polos, lebih tipis. Masak baru dipake uda lepas kek ada serpihan yang ngelupas dari kainnya 😭;senang
Material kokoh, cuma agak kurang lentur tapi it's ok, bintang 4 karena ada noda.. semoga bisa hilang saat dicuci nanti;senang
Nice ,thanks;netral
Barang ya udh smpe bagus tapi bahan nya panas;senang
ada kotoran dikitt;netral
Keren;senang
barang nya kaya stok lama, sudah menguning dan banyak bercak;senang
kurang puas dengan pengemasannya;senang
Baju ukuran nya xl kebesaran banget,, biasa ak pke ukuran xl.. Bahan bagus kok..;senang
Ok...baik....pas....;netral
Bgus;netral
Barang gk di tangan;netral
Barang tidak di terima;netral
Tidak ada menerima barang;netral
Harusnya bagus, tapi bagian slop nya terlalu kencang jadinya kurang cocok apalagi kalau kakinya besar;senang
Yg kiri agak panjang sedikit;senang
kayaknya bukan abu tua ini, tp coklat gelap.. gagal buat seragam jadinya;sedih
Good okeh;senang
Bgus;netral
Bgus;netral
Bajunya bagus nyaman di pakai;senang
Modelnya bagus sih tapi sayang bawahnya tipis banget gampang jebol inimah gak bakalan awet;senang
bagus cuman banyak mines nya aja, dibagian tali (estey) miring, sama helcep nya juga miring, sama cuttingan outsole nya kurang rapih, tapi oke lah thanks👍;senang
"Sedikit kecewa dengan warnanya.,
Kirain atasnya abu rupanya putih";senang
"Barang bagus Suka bangett
Kualitas produk: sesuai iklan";senang
"Barang bagus Suka bangett
sesuai iklan
Kualitas produk: sesuai iklan";senang
"Barang bagus Suka bangett
sesuai iklan";senang
"Keren dan nyaman, mines Cutingan agk sedikt ada benang"" lebih, sama ada sdkt lecet kena bakaran.";senang
Agak tipis, dan warna tidak terlalu putih;netral
"sbenernya enak dipake ,cuma utk tipe wide foot kurang cocok, agak sempit walopun ukurannya udah di up 1 size
gatau kalo di 2 size";senang
Barangx sdh sampai .tp kainx agak tipis shi untung kurirx ramah;senang
Cotton nya bagus bangett, terimakasih tiktokshop and kurir langganan;senang
Packing sangat buruk!!!;sedih
P;netral
Kurang sesuai sama yang di gambar;senang
Baik;senang
Bagus;senang
kurang cocok wangi nya buat saya;senang
Baguss,tpi agak nerawang ya Bun😁;netral
Wanginya enak tapi pas baru di spray aja, ga tahan lama padahal aku extrait de parfum.;senang
Wanginya enak tapi pas baru di spray aja, ga tahan lama padahal aku extrait de parfum.;senang
"menurut hidup cempreng sy, wanginya beda ama versi tester yg sblmnya sy beli.. jauuuhhh,
pdhl beli krna udh beli testernya.. kecewa";netral
Sesuai pesanan;senang
"Alhamdulillah sepatunya bagus bangetttt
Sedikit kebesaran sih cuman its oke, solnya empuk, busanya tebal, cuman pakingannya ngeri yah cuman pelastik bening mana ujungnya udah sobek dikit + boxnya sedikit penyok";senang
Alamat kita dekat sokkk mau saya samperin apa mau nyoba macem macem lagi dengan saya mbanya??? Liat ni guys kesalahan admin 1 yg ga bakal berani jwb chat saya berusaha buat memanipulasi;senang
Mana itikad baiknya admin mau macem macem sama saya ya!!! Ngasih bukti penolakan pengembalian barang yg mereka salah kirim kesaya dan detail penolakan siadmin malah pakai alasan punya customer lain aduh aduh adminnya parah sih ini menjelekan brand nya sndiri dikata saya tidak detail kali.;senang
Bagus;senang
Bahanya tipis;netral
Berat solnya.;netral
Barang yg dtg tdk sesuai pesanan;senang
"Bahannya lembut
Kualitas produk: Baik";senang
"Bahan lembut..
Kualitas produk: Baik";senang
"Bahannya lembut
Kualitas produk: Baik";senang
Empuk, bahannya bagus;senang
Untuk warna merah maroon kali ini terlalu tajam jadi warnanya mendekati warna coklat ke orenan tolong dideteksi lagi warnanya biar sempurna;senang
ga muat, gpp bs diet;senang
Good;senang
bajunya nerawang;netral
Bagus;senang
Ini knpa yang rose 10ml nya gda isi nya yallah jht bgt🥹;senang
Yg 10 ml gda isi nya;senang
Ini knpa yang rose 10ml nya gda isi nya yallah jht bgt🥹;senang
"Aerostreet parfum ini harus belajar banyak sama brand local parfum spt scar*et dalam meramu wewangian yg berkelas .

menurut saya aroma parfumnya aerostreet spt splashcolone atau bodymist harga belasan ribu di almafart. ngga cocok di branding sebagai extrait de parfume. maaf";senang
Kurang begitu rapih;senang
Lumayan , gak terlalu suka baunya;senang
Bagus;senang
Worth untuk sepatu di harga 130an.;senang
botol pecah;marah
Ok lh;netral
Good;senang
pas dan kren bangat, suka skali;senang
Z;netral
"DASAR TOKO PENIPU GAK AMANAH, SEPATU NYA GAK PERNAH SAYA PAKAI KARNA KESEMPITAN,TERNYATA ALLAH BAIK LABEL NYA TERLEPAS SENDIRI DAN LABEL NYA BEDA UKURAN, SEMOGA TOKO NYA BANGKRUT DAN PEMILIK NYA KENA AZAB ALLAH. 
JANGAN DZOLIM SAMA ORANG KALAU USAHA YANG JUJUR, GAK BERKAH RIZKY YANG KALIAN MAKAN.";senang
"Product quality: The inside is shreeding.
\";netral
kekecilan karena salah pilih size , gak bisa d tukar ,;marah
Nomor sudah benar tapi sendalnya kebeseran;senang
Biasa saja lumayanlah sesuai harga;senang
Kain biasa tipis, bagian leher juga agak lebar.;senang
Tdk sesuai ekspektasi saya...sandal nya buat sakit telapak ujung kaki saya...tdk dengan produk lainya nyaman enak tdk timbulkan sakit dipakainya;senang
Yang ini Uk kekecilan, sebelumnya beli uk sama warna black uk pas nyaman;senang
bagus, kainnya tebel mantep deh👍🏻👍🏻🤭;senang
Kurang rapi;senang
Untuk admin mohon dicek kembali warna yg diinginkan konsumen jangan asal kirim saja. Saya pesan warna abu masa yg datang warna coklat. Bagaimana ini ?? Adminnya tau warna ga ya;sedih
Kebesaran😭;senang
Bagus sih tp ternyata ga empuk. Biasa aja;senang
Menurut ku si berat banget untuk dipakek kurang nyaman 😭tapi dr segi model bagus dan kuat;senang
"Aerostreet brand gede tapi masa packingannya plastik tipis kaya gini sih. 
Pake plastik agak tebel kek gitu biar walau cuma selapis. 
Produknya oke banget log pdahal";netral
Udah dikecilin padahal ukuran nya dari 39 minta 38 tapi tetep aja kegedean sedikit keknya harus pesen 37 deh. Sama sendalnya ada garis tepi yang lebih dialasnya jadi agak sakit sedikit. Warna oke sesuai.;senang
Mugkin sedikit tambahan masukan aja,terkait pengeleman sedikit diperhatikan,rada sayang kalau produk sudah ok,tapi pengeleman rada belepotan,selepas dari itu okay,...I LIKE IT'S;senang
Sol sepatu berat, material upper bagus;senang
Sol sepatu berat, material upper bagus;senang
Gk pernah gagal emang;sedih
Bocor. Semprotan gak kenceng;netral
"barang sesuai desain dan 
warna nya bagus,boxnya rapi. minesnya ada noda kotoran disepatu bagian depan";senang
Barang sudah sampai sesuai pesanan;senang
Barang sudah sampai sesuai pesanan;senang
Bagus bngtt suka sama bahan ny tebel,cepet lagi sampai ny😊;senang
Top;netral
Top;netral
Top;netral
Batang bagus . Semoga awet;senang
Real pick;netral
Barang oke tapi packing ngga oke;netral
okelah tapi gasuka sama bahanya panas;senang
barangnya kotak nya hancur;marah
Pas body;netral
Tidak sesuai, pesan warna putih yg dtg warna pink... Kecewa saya😭😭😭😭😭😭😭😭😭;netral
modelndan bahan Sesuai Harga;senang
Sesalu syukadegn sepatu aero;netral
Bagus sihhhh, cuma  catingan samping lubang tali kurang rapi;senang
Sepatunya baguss saran aku yg kakinya 40 kalo mo make 39 gapapa banget ini tinggi dan nyaman;senang
Jahitan kurang rapi;senang
"Aromanya seperti aroma laut apa pantai ya segar banget kemasanya double dengan warna kotak sesuai dengan parfumenya saya suka baunya  gk nyengat
Kualitas produk: Bagus baik kemasanya juga double produk yang sesuai untuk dibeli";senang
Baik;senang
Bagus;senang
cakepp;netral
baguss;netral
sukaa;netral
Pesanan sdh datang Sendal bagus banget..tp pengiriman lama..;senang
ukura Terlalu sempit bikin kaki sakit;marah
Bagus sesuai sama harga;senang
"ukuran tidak standar L , terlalu besar.
Bahkan lebih besar dr XL";senang
ga rapih sepatu nya, lebih ke cacat gtu;netral
bagian betisnya terlalu sempit;netral
Tolonglah yg teliti lg.masa insole sepatunya sebelahan sizenya.pantas di pakai kok gak nyaman,;senang
Bagus sesuai;senang
"Barang sudah sampai sesuai dengan pesanan tapi sayang ko jaitan nya kurang rapih ya ujung benang"" nya panjang jd klo ketarik ujung benang nya malah copot jaitan nya";senang
bagus, tapi tolong kualitasnya di perbaiki kembali. banyak jaitan yang tidak rapih, terutama benang benang dekat tali sepatunya;senang
Bagian dalamnya nempel2 mbrudul kulit....;netral
👍;netral
barang baru sampai tapi kualitasnya ga karuan, kotor kayak sepatu bekas. tolong ditingkatkan lagi;senang
Bagus kaosnya;senang
Bahan nya halus,harga nya pas dpt murah…jadi gak nyesel beli kaos ini….;netral
payah;netral
Bentuk dan ukuran: Bentuk ok uk ok ,tolong QC nya di tingkatkan lagii. Saya beli sepatu aero disini sudah 6 kali.;senang
Bagus;senang
Pesan nya dua baju ukuran XXL ,malah satunya dapat XL,untung pas di badan;netral
Kerennnn... Cuma jaitan agak lebih diperhatikan ada beberapa bagian agak renggang ngeri bentar laginbolong nih Bagain lengan alias ketek hahaha;netral
Ok.;netral
Lumayan bagus;senang
"Baju nya basah dan berjamur 
Gimana cara complainnya min ? 
Mana mau dipake utk tgl 28/05 lagi";netral
Ukurannya m kecil;netral
Ukurannya l kecil;netral
"Bagus
Sesuai ekspetasi
Cuma ada kayak goresan di paha celana nya";senang
Ukuran 39 di pakai Agak Kekecilan dikit dari Ukuran Umum nya...;senang
Tolong lebih teliti lagi size L tapi ini XL;senang
Barang sudah sampai sesuai pesanan. Thanks;senang
Barang sudah sampai sesuai pesanan. Thanks;senang
Bagus bngtttt sumpah tpi tolong rapihkan lgi benang nya kk;senang
Bentuk dan ukuran: Bagus dan pas ukurannya;senang
Sesusi pesanan;netral
barangnya bagus, tapi sayangsaya beli ukuran 44 yg datang 41 tapi penanganan dari adminnya bagus langsung dijawab dengan sopan👍;senang
Suka banget;senang
Pokonyaa mau beli lagi;netral
Rekomendasi banget bli bju disini . Gak pernah gagal . Sllu suka;senang
Kak maaf sebelumnya ini kok jahitannya ga rapi😭 masih banyak benang2nya potongannyq jg,trus pas sampek kok banyak noda kotor2🥹 padahal aku excatid bgt beli sepatu ini 🙏🥹 tapi beneran minta maaf kak bisa ga di return;senang
Agak kecil.... Kurang pas, kurang nyaman dipakai;senang
Secara keseluruhan lumayan bagus, tpi ada beberapah bagian yg terabaikan, ada jahitan yg tdk rapi, kemudian ada potongan yg tdk rapi, terus ada noda kotor tdk tau kena apa. Untuk saat ini bintang 4 dulu yaaaa. Nnti pesan berikut klo sdh diperbaiki baru bintang 5. Terima kasih.;senang
Gak usah beli weii jelek bgtt, nyesel gue belinya;marah
Gak usah belii woii jelek bgttt, nyesel guee beliinya;marah
Untuk sepatu nya bagus sih cuman di size nya aja.gua biasa pake size 40 agak longgar tapi ini kecil,jadi kalo yng biasa size 40 gua saranin naikin 1 size aja;senang
Bagus;senang
Kekecilan;netral
wangi nya sihh enak cuma packaging nya yg kecil krg bet, parfum nya keluar semua sblm di pake gktw lgi dah;senang
"Berkali kali beli ini yg paling ngeh sih 
😂,biasanya  selalu penyok"" kardusnya jd gk mecing kalau buat tempat lagi
Sebelum""nya packing dilapisi plastik hitam..ini malah tnpa langsung pakai plastik bawaan kardus🥺";senang
kotaknya rusak sampe sendalnya penyok;marah
Terlalu kecil;netral
Barang bagus;senang
Bahan tebel bagus;senang
Pas di badan bahanya bagus warnanya keren;senang
Murah kualitas bagus;senang
Bagus bngtt;senang
size nya kekecilan, ukuran 42 sama seperti ukuran 41.. jd harus teliti untuk ukuran, saya jual murah jika ada yg minat, lokasi tebo jambi;senang
Good;senang
Ketauan QC nya ga kerja. Barang ga di cek bolongannya rapi gini.;senang
Cewe girly kurang cocok buat aku;senang
Cutting nya beda sama yg sebelumnya, 36 sekarang lebih kecil dari yg sebelum nya;senang
Barang sudah samapai, tapi sayang kurang presisi uang sebelah kiri;senang
kardusnya beneran sepeyok itu huhu, sepatunya untung aman deh:(;senang
Barang sudah sampai, terimakasih;senang
kukira sepatu nya sempit, pas di pake nyaman bgt oi;senang
Pengirimannya cepat seh cuman sayang pesen ukuran 40 yg datang 43;senang
Kualitas produk: Bagus;senang
"Wangi y mantapppp
Kualitas produk: Bagus";senang
Paket sudah samapai, bahannya bagus adem, enek dipake, tapi sayang  kurang rapi. Jahitan samping outseam ada didepan.;senang
"Aroma: Bauu mesin sepatuunyaa
Warna: Warnanya putih siii tapi kotorr bekass cap tangaan, kayaknya udah jadi ga di liat detailnya lagi dehh, sayang banget kualitas bagus tapi kotor hasilnya bau mesin press lagi";senang
Bagus, gak nyesel belinya;senang
"Kualitas produk: Bagus, tabel, karet, ngk gampang melar.
Pokoknya next beli lagi disini.";senang
Kualitas produk: Wanginya strong;netral
"Bentuk dan ukuran: Pas
Aroma: Aroma khas sandal
Daya tahan pakai: Semoga awet
Warna: Sesuai dengan gambar";senang
42 tapi kecil kualitas bagus;senang
Bagus sekalii;senang
Bagus;senang
"Pengiriman cepat
Bentuk dan ukuran: Sesuai
Warna: Sesuai pesanan";senang
Beli yg pertama kainnya bgus, tapi beli yg kedua kainnya lebih tipis, kurang bagus;senang
Pembelinya ke 5 cuma sepatu sering bau kenapa yah padahal ganti kaos kaki tiap hari;marah
Sepatu sesuai pesanan pembungkusan rapi, cuma benang di sepatunya ada yg gak rapi.;senang
Lumayan;senang
Bagus;senang
Bagus;senang
Bagus;senang
Bagus;senang
Gajadi salah pencet;marah
❤️;netral
Oke;netral
Tali sepatu nya kepanjangan;netral
Mantap udah 2 kali beli produk disini tidak mengecewakan;netral
yess;netral
Apik. N kegeden;netral
"Bentuk dan ukuran: ukuran pas
Warna: ada bercak item dikit di sol bagian samping sama bagian bawah, jadi keliatan kotor
kurir nya kurang jujur harga 166k mintanya 168k";netral
Bagus;senang
barang agak tipis kainnya;netral
cocok buat mbah mbah, terlalu strong oud nya, bagi yang suka aroma oud terlebih yg strong ini rekomen, tapi bagi yg kurang suka sangat tidak di rekomendasi kan;senang
standart aja kurang strong, terlalu asam aroma nya;senang
Barang dah diterima;netral
lebih teliti kembali;senang
Packing nya kurang rapih, cuma di bungkus sama plastik doang, ngga ada babberwep nya, tapi barang okee sihhh;senang
Adem dan nyaman dipake;senang
Bahan tipis. Gak sama dengan bahan baju yang bergambar;senang
Sesuai ekspektasi;senang
Sukakk;netral
Bagus banget🥰🥰🥰;senang
Oke si bgs tp agak tipis juga pdhl harganya mahal kiraim tebel;netral
Bagus;senang
Bagus;senang
Bagus;senang
Bagus.cuma agak berat dan dpt yg terkelupas;netral
Bagusssssssss;netral
Mantul;netral
"blm dibuka plus blm dicoba
moga² anakku suka";senang
moga² anakku cocok;senang
Baru kali ini kecewa sama aerostret yang bagian dalamnya ada kayak woll kambing gitu terus nempel di daleman duh bersihinnya lama dan lubang leher terlalu besar ga sampe nutupin daleman, harganya ratusan pula, di toko pakaian dekat rumahku harganya 86 bahanya pun sama dan gaada woll gitu, bersih.;senang
wanginya sesuai harganya;senang
wanginya sesuai harganya;senang
wanginya sesuai harga;senang
wangi sesuai dengan harga;senang
Paket dah nyampek cepwt banget, barang Ok;netral
Maaf saya kasih bintang 1. Kualitas barangnya memang bagus, tapi saya dapat ada yg cacat sedikit solusi minta penukaran barang tapi tidak di ACC pihak toko dg alasan menunggu tim validasi terus samapi waktu habis jadi akhirnya pengembalian dana .;senang
bagus si tpi agak kecewa soalnya bahannya beda sma yg wrna putih, sya pernah beli yg wrna putih bahannya agak tebal beda sma yg cream ini tipis;netral
bhan bgs .tp kok sndal nya lengkong .sprti perahu h;netral
sayang uk 40 habis, kirain 39 masih aman. ternyata kecil jir.;senang
Produk bagus, sayang dosNya Rusak n pengiriman sangat lama;senang
Sip;netral
barang bagus tapi pelayanan kurirnya buruk banget.;netral
bagus nyaman;senang
Bagossssss;netral
"Size : 42
Warna :putih
Barang bagus tapi bantalan nya kurang rapih";senang
Model bagus ,tapi sayang lem leman nya kurang rapi ,tolong di perhatikan lagi karyawan yg bagian nge Lem harua rapi;senang
bagus;senang
Bagussss, sepatunya pas bgt (buat yg suka sepatunya longgar mending up size aja) warnanya lucu, agak berat sih buatku, saran aja tolong benangnya dipotong habis ya;senang
"Celananya enak lembut banget tapi kepanjangan di aku 
Bb 59 Tb 158";senang
Good barangnya;senang
Jahitan kurang rapi, tekstur karet belepotan.;senang
bagus banget,cuma agak berat;senang
Z;netral
Warna maroon kurang sesuai gambar;senang
Pengiriman cepat barang lumayan lah;senang
y;netral
y;netral
Bagus;senang
"Bagus
Kualitas produk: Bagus";senang
Bagus;senang
Bagus;senang
Bagus;senang
Mesannya merah, dikirimnya biru. Ini buat hadiah & langsung dikirim ke orangnya, mau minta tukar juga susah, karena ini hadiah.;senang
Rapi, dan empuk dan cukup kokoh;senang
Yg di beli hijau army yg d kirim coklat tua;senang
good;senang
Mantaapp..;netral
Good;senang
Baunya mmg kunti core ya wak stelah dipake bbrp lama baunya lebih ke sedap malam tp mnurut ku yg suka wangi melati ya oke aja sih sedep.;marah
Lumayan banget untuk Harga segitu;senang
Warna nya lbh gelap dari di foto yah, aku kira gak segelap ini;sedih
Parah;netral
Barang bagus hanya talinya yg tidak cck dengan sepatunya;senang
Kebesaran;senang
Bagus;senang
sepatu rejeck sampai pada konsumen dan benang panjang tidak di potong habis;netral
Pesen 2, tapi yg 1 dikirim kosong bahkan gada bau nya😭 berarti bukan bocor kan😭 tp wangi yg 1 nya jasmine enak;netral
Pesen 2, tapi yg 1 dikirim kosong bahkan gada bau nya😭 berarti bukan bocor kan😭 tp wangi yg 1 nya jasmine enak;netral
Bagus;senang
Bahanya adem dan bagus;senang
Bagus tan nyaman;senang
Sepatu nya agak berat untuk kbnykn sepatu biasanya;senang
PAKET HILANG. PRODUK BELUM SAYA TERIMA SAMPAI SAAT INI!!;sedih
bagus si tp ga muat;senang
Halus kainnya bagus;senang
"Bentuk dan ukuran: Oke
Pengiriman cepat kilat";senang
udh bagus, minus kardus penyokkkk;senang
ok;netral
ok;netral
sttikernya gaada;netral
Bagus;senang
Baguss;netral
Bagus barang sesuai pesanan;senang
Bagussss;netral
jahitan kurang rapi;senang
real pic, 100%;netral
sip;netral
Produk oke barang sesuai,cuman pengiriman aja agak lama;netral
Barang sesuai, produk oke ,;senang
Baik;senang
bagus cuma bahan nya agak panas...;senang
"Bagus, sesuai dengan gambar.


Ada sedikit noda hitam..entah itu noda apa, tapi masih bisa dicuci sih...";senang
Sepatu benjol satu sebelah kanan😭;netral
"Produk best 👍
Sayang packing nya tidak ada bubble wrap";senang
ukuran panjang sesuai cm lingkar kaki sempit/sesek , untuk kwalitas bagus;senang
suami selalu langganan di aero dari baju sampek sepatu . 👍👍👍;senang
Recomended banget, kain adem, sablonan nya cakep,.;senang
Ada beberapa detail yg cacat, dengan harga segitu ya lumayan lah;netral
Alhamdulillah pesanannya telah tiba kualitas produk bagus pengiriman cepat';senang
Alhamdulillah pesanannya telah tiba kualitas produk bagus pengiriman cepat';senang
Alhamdulillah pesanannya telah tiba kualitas produk bagus pengiriman cepat';senang
difoto sama aslinya sama kok sama wangi nya enakk bgtttt;senang
Adduh pesaan XXL yg d kirim XL.;netral
jahitannya gk rapi kak benangnya kemana2;senang
"Bagus
Kualitas produk: Bagus";senang
Bagus desainnya dan hangat, tapi bagian dalamnya YA TUHAN... Rontok bulunya.;senang
"bajunya pendek.. 
bahannya gampang nempel bulu..";netral
Bagus bahan lumayan;senang
"1.Kualitas sablon dpn tdk diperhatikn dgn baik, gmbr tdk di enlarge biar hasil g pecah
2.bahan kaos kurang ok";senang
Paket udah sampai dgn aman. Packaging bagus. Sesuai pesanan. Pas & nyaman di pakai. Pengiriman cepat.;senang
barang sesuai pesanan kain warna agak pudar;senang
barang sesuai pesanan kain tebal;senang
respon cepat & barang oke;senang
Sesuai;senang
"Size 33 terlalu kecil.. Pdhl merk lokal biasa size 33 bisa ideal masuk bagus, 
Ini masukan saja, mngkn bagian jahitan resleting'a agak di perpanjang dikit lagi jangan terlalu pendek, paha besar g bs masuk, pdhl lingkar paha dah lebar bagian celana'a..";senang
Bintang 1 semua;senang
1 semua;netral
1 semua;netral
Entah QC produk yg kurang, atau rusak saat pengiriman. Karena ketika saya terima barang dari kurir dus ny penyok bgt, sandal sebelah kirinya jg mengelupas;marah
"Bentuk dan ukuran: bantuk bagus,ukuran sesuai
Warna: sesuai pesanan";senang
Mntp;netral
Menyala;netral
lumayan lah buat harga segitu mah;senang
bagus;senang
Keren;senang
Bagus;senang
bahan cepet sobek;netral
Lumayan puas dengan paketnya;senang
Keren bagus juga, cuma emang bekas benang nya aga berantakan;senang
Baguss🥰;netral
Bagusss😘;netral
Barang sesuai dengan foto;senang
Wanginya enak fresh dan melati banget suka;senang
Bahannya halus tebel;senang
Parah udah telat terus paket sudah terbuka payahh;netral
pengiriman cepet tapi gua kecewa sama packajing nya nggak di lapisi bumblerap,harus nya mau ngasih ke orang malah gajadi;senang
Ini biasa pake size no 39 pass di kaki,, ko ini kegedean yah masih ada sisa 2Cm;senang
Wangi cpet hilang wangi siehh;sedih
Realpict;netral
Kirain tapak yng enteng ringan gituloh, ternyata berat bngt kurang srek;senang
Pakaging nya gak safety, pengiriman lama;netral
baru kali ini beli t shirt nya aerostreet luntur, celana chinosku warna krem kelunturan 😭 bener2 kecewa kali ini;marah
Sepatu a oke tapi warna a pudar gitu;netral
Dicuci kok luntur air nya jadi hitam?;netral
Bagus keren sepatunya cuma agak berat yaa.. 😅;senang
Beratt;netral
Warna nya luntur;netral
keranya gampang longgar;sedih
bahanya agak licin bunyi keset dilantai tp barang real picr bagus;senang
bagus ga licin , tapi sayang mata ikan yg buat tali sepatunya gampang copot;senang
Mantap;senang
42 kayak 43 433;netral
Bahan bagus kata suami sayaa makasih cuma pengiriman agak agak lumayan lama;senang
Bagus;senang
Mntp;netral
Bagus;senang
Kualitas produk: Keren;senang
Terima kasih barang sudah diterima;netral
Seperti biasa,sepatunya bagus.sepatu ke 4 merk aerosteet.mdh2an kwalitas makin jos.;senang
Bitang 4 dulu. Soalnya jahitan kurang rapi jadi masih ngerapihin lagi.. Kalau di banding ventela masih rapi ventala. Tapi kalau kenyemaman pakai. aerostreet lebih nyaman dari pada ventela;senang
Bagusd, tidak diragukan lagi produknya;sedih
minus tidak bisa tuker size;netral
Terlalu berat sol,,,lebih berat dari sepatu basket,,,,perbaiki sol nya,,,;netral
agak berat ya,tp mantap barangnya;senang
sekelas aerostreet ngirim barang tapi tampa buble warp.. dibungkus plastik hitampun kagak;netral
L nya kecil;netral
Alhamdulillah..bagus ..beli karena penasaran pas liat iklannya..cuma sayang pas pengiriman kardus cuma d bungkus dg plastik tipis,dan ketika saya terima sdh kebuka sebagian bungkusan ..dan kalo kurir jahil paket bisa hilang .. semoga kedepannya kalo kirim barang lbh aman lagi ..;senang
Terbaik pokoknya;senang
Untuk harga segitu kurang tebal sih bahannya menurutku agak tipis kemasan bagus;senang
Bahan dalem nya berbulu murudul;netral
Barang bagus,semoga awet;netral
packaging nya jelek masa cuman pake plastik bening;marah
sendal bagus, cuma design nya aneh, di bagian telapak kaki nya bagian tengah ngegantung.. jadi setelah lepas sendal telapak nya sakit..;senang
Ngokkk;netral
walaupun telat gpp lah.barang bagus sesuai pesanan;senang
Tidak bisa tukar size;netral
Celana pendeknya ok banget, yang panjang ketat bangeeet;netral
Celana pendeknya ok banget, yang panjang ketat bangeeet;netral
Bahan bagus;senang
Bagus;senang
Banyak bulu halusnya 😮‍💨;senang
OK;netral
udah sering beli baju,sepatu dan celana di aerostreet tapi baru ini kecewa dengan bahan bajunya, tipis bangett kayak baju 100rb dapat 5 di online shop lain dan bahanya mudah kusut lagi;netral
BAU NYA ANEEHHH BIKIN SAKIT KEPALA NAUDZUBILLAH YA ALLAH BAU NYA BIKIN MUALLLLLLLLLL 😭😭😭;marah
Jasa kirim nya sangat lama dan tidak mau ngantar;senang
mantap;senang
Dari bahan nyaman/lmbut, kainnya agak tebal & gak ada benang yg oppsite, overall bagus kyak baju distro premium(tnggi 173cm bb 74kg). Thank's;senang
bagus dan empuk...👍;senang
bagus dan empuk...👍;senang
barang sih oke, pengiriman pihak expedisi nya lama bangeettt...;netral
Warnanya ga sesuai ekspektasi ya, saya kira warna abu tua lebih ke abu2 hitam, ternyata lebih ke coklat pramuka;senang
Wah sepatunya bagus bangetttt aku suka sekali bakalan order lagi yg model lain nya juga nih sepatunya enak banget nyaman di pake pokoknya keren polllllll;senang
Oky untuk hrga sgni;netral
Ini pesanan yg ke dua tp kok kain baju yg warna hitam nya beda dengan yg warna hitam pertama di pesan , kecewa berat dengan aerostreet , bahannya tipis , gk nyerap keringat , gk suka dengan bahan yg ke dua ini , padahal sepatu, celana, baju pasti beli dari aerostret tp baru kali ini KECEWA.;marah
Bagus dan nyaman;senang
Lumayan;senang
"Pesanan sdh sampai...
Produk sesuai pesanan hanya ukuran tidak sesuai dgn diEtalase.,Size S diEtalase LD 47 tapi diukur pada saat produk sampai ternyata LD 45...
Semoga kedepannya lebih teliti & lebih detail lg...";senang
"Pesanan sdh sampai...
Produk sesuai pesanan hanya ukuran tidak sesuai dgn diEtalase.,Size S diEtalase LD 47 tapi diukur pada saat produk sampai ternyata LD 45...
Semoga kedepannya lebih teliti & lebih detail lg...";senang
"pengiriman lama salah kurir.

ndak bisa tukar kalo salah ukuran";marah
"Packingnya kurang sefety nyampek udah basahhh bgt 
Sepatu baru tpi basahh dan kardusnya rusak";marah
Bagus;senang
Barang bagus;senang
kekecilan, tipis, di cuci menyusut;netral
Benang ya Ter lalu tipis2 JD bnyak yg putus;sedih
Ada jahitan nya yang ngak RAPI;senang
yg coklat di depan it ga simetris jirlah;senang
Alhamdulillah... barang nya sudah datang,,,mohon untuk penjahitan lebih di perbaiki lagi;senang
Agak kaku dipake;netral
Alhmdulilah hoodienya pas dan nyaman pertahankan trus kualitasnya ukuran bentuk dan bahan pas;senang
Ok;netral
enak cokk, cuma gak mhal aja;senang
Lumayan lah bagus kok aerostreet;senang
Bagus;senang
model keren harga pas, tapi ukuran kelebihan. biasa pakai sepatu 42, ukuran 41 masih kegedean banget. better down size.;senang
Bagus;senang
Mantep kaa sya suka banget sma bahan nya lembutt;senang
Baju nya salah kirim . Lain yg di pesan lain yg datang;marah
"Bahan bagus
Untuk sisi samping kurang rapih
Tapi masih oke lah
Semoga kedepannya lagi bisa lebih baik lagi";senang
Tanyak recomendasi ukuran yg pas di admin , ternyata adminnya juga gak ada solusi utk ukuran yg pas , alhasil celananya kebesaran 🥲 , tpi next order lagi , utk kain bagian dalam pas selsai mandi kainya bludru ya bisa nempel di kulit semua , dan banyak banget gumpalan bludru dari kainnya di kaki;senang
Salah pilih size biasanya ukuran 44 pas ini malah masih kegedean,tp sandalnya bagus suami q suka;senang
Lumayan tpi wanginya mirip jamu tradisional;senang
Oklah;netral
Sesuai;senang
Lumayan untuk nyoba;senang
Produk cakep pool l..namun sayangnya ukuran agak besar..tapi gkpp karena barang sesuai pict🤝;senang
Untuk packing plastik kaosnya kok beda ya kayak yang satu VIP yang satu biasa aja;senang
bagus banget tapi sayangnya lengan terlalu panjang;senang
Dari kualitas sepatu sih keren yaa, no debat lah udh sekian kali beli di lapak aero street, tapi ada 1 hal yang mengecewakan, barang yang saya terima ada bekas lem korea kering, entah emang di lem gegara gk memungkinkan untuk di jahit lagi atau barang yang saya terima emang barang Gagal QC tapi masih dijual dengan harga normal... agak kecewa asli, bukti ada di foto;sedih
Ok lah walau ukurannya gak begitu sesuai.;senang
Untuk kesekian kali.a order aerroooo;netral
Tidak boleh tukar ukuran;netral
Bagus cuma pengirimannya ceroboh;senang
Kecewa pesan 2pcss beda warna yg dikirim 1 warna aja, bahan juga gk adem biasa aja;netral
bagus;senang
Sesuai;senang
Sepatunya bagus tapi aga berat yaa, tidak cocok buat orang tua;senang
Bagus 7/10;senang
Pengembalian dana udh berpa Minggu belum di kembalikan juga gimana sii;netral
L kekecilan kak untuk TB 165 BB 55;netral
Pesan hitam yang dikirim abu2;sedih
barang bagus sangat memuaskan tp ada kotor dikit;senang
ukuranx kekecilan ternyata size 40;senang
Wangii enak;senang
"berkali-kali beli di sini, baur kali ini dapet kondisi baju pas sampai basah, berjamur, kotor

ini nggak dicek dulu sebelum dikirim?";netral
Tipis bgt. Terawang lah ya.. Agak gimana sih... Cuma ya udah lah.;netral
"terima kasih.

memakai baju ini jadi memotivasi saya untuk menguruskan badan karena ukuran yg tidak sesuai dgn deskripsi barang";senang
𝘼𝙧𝙤𝙢𝙖 𝙣𝙮𝙖 𝙗𝙡𝙢 𝙠𝙪𝙧𝙖𝙣𝙜 𝙛𝙧𝙚𝙨𝙝, 𝙩𝙚𝙧𝙡𝙖𝙢𝙥𝙤 𝙢𝙚𝙣𝙮𝙚𝙜𝙧𝙖𝙜 𝙙𝙞𝙨𝙖𝙮𝙖;netral
Kain nya tipis. Mna lama bangat baru nyampe;netral
Bagus kemasanya;senang
Bagus kainnya,;senang
Toko apaan ganti ukuran tidak mau. Katanya dukung lokal ,orang lokal nya gini mau di dukung ala;senang
"Bahan bagus
Barang sesuai pesanan
Pas dengan harganya";senang
sepatu nya bagus tapi box gw bolong jir;senang
Agak kebesaran;senang
Bagian leher kecilan;netral
Udah 2 kali order gak pernah kecewa selalu real pict recommend tapi kali ini pengiriman super lelet sampai 2 minggu;netral
Ini saya yang buta warna apa gimana ya , yang saya liat warnanya biru pesennya abu abu muda , udah ku bandingkan dengan drescod acara keliatan banget malah ini biru bukan abu-abu 😌;sedih
terimakasih barang nya baguss sesuai esxpetasi;senang
Realpict, bahan bagus & adem cocok utk di pkai sehari hari .. thanks kak barang sdh di terima dgn baik 🙏;senang
Kalem Saudi banget tapi lebih modern;netral
Barang sudah tdk diragukan lagi kwalitasnya bagus,tapi pengiriman nya lama kali ini boasanya 4 hari sampai ini jadi 6 hari;sedih
Ini enggak senter miring busanya juga gak pas .maaf kok bisa lolos Qc si;senang
Bagus;senang
Bagus;senang
Kecil UK 44 nya;netral
Jos;senang
parah;netral
oke;netral
"secara keseluruhan bagus banget nih sepatu 
terkecuali, agak sedikit gerah pas di pakai";senang
Jasminenya wanginya kurang;netral
Packingannya ga niat, asal di plastikin udah langsung dikirim. Ga ada bubble wrapnya sama sekali. Sampe kehujanan tembus hadeh;senang
B;netral
"Kurang puas dengan bahan baju nya skrg,
Baru 1 kali pake bagian leher sdh melar";senang
"Kurang puas dengan bahan baju nya skrg,
Baru 1 kali pake bagian leher sdh melar";senang
"Kurang puas dengan bahan baju nya skrg,
Baru 1 kali pake bagian leher sdh melar";senang
"Kurang puas dengan bahan baju nya skrg,
Baru 1 kali pake bagian leher sdh melar";senang
Gatau knp kok malah skrg bruntulan, padahal dulu pas launching bagus banget;senang
Kren Lumayan;senang
Oke punya;netral
Ukuran 43 nya kecil;netral
"gambar hoax aku liat modelnya tb 178 bb 69 pake nya L masih keliatan longgar
sedangkan aku 166 bb 58 pake M malah sempit kayak legging njir malu";senang
"Kualitas barang sangat baik dan bagus
Tapi saya kecewa dengan pelayanan pikah penjual yg live di tiktok, tidak merespon sedikit pun pertanyaan saya terkait barang tersebut

Sebenernya produk produk aerostreet sangat bagus, sayangnya sellernya kurang baik";senang
Produk lokal yang bagus;senang
Produk lokal yang bagus;senang
"Baru kali ini kecwa banget sama aerostreet biasanya bagus pengiriman cepat ini lambat bnget mana Bayarnya ga sesuai dengan harga di resi ini juga dikira seusai foto fuul hitam ternyata talinya warna hijau tua
Warna: Tali sepatunya ga sesuai foto yang di foto fuul hitam yang datang tali sepatunya hijau tua";senang
Lumayan...kain rasa premium.. walaupun Masih ada beberapa titik yg tidak rapi seperti sisa benang panjang dan juga ada sisa cetakan sepatu masih kelihatan.. mungkin waktu produksi agak terburu-buru ya..tapi saya bisa potong sendiri pake cutter overall... worth it. Terimakasih;senang
"Biasa aja sihh,
Tp boleh laah";senang
Bagus bahannya;senang
Lumayan untuk harga segitu....;senang
buat ketahanan not bad, wanginya ngga bangett kaya ban padahal udah di simpen 32jam, ngga ada wangi pineapple sama sekali, bingung juga ini sebenarnya wangi apa, ngga nyebar, not recommended;senang
kacaww, dikirim tanpa bubble wrap. kekecilan lagi bagian depannya, ga rekomen buat kaki lebar. panjangnya emang pas, bahkan lebih. tapi depannya itu ciut banget, gatau bakal kepake ato engga;senang
ke besaran;senang
"dulu beli warna hitam bahan tebel bagus,
skrng beli yg cream ko tipis mana jahitan ada yg copot";senang
Barang ckp bagus;senang
sip,tapi yang disamping ternyata bukan jahitan;senang
Sepatu ok, cuman alas dalamnya ngak rapi, bergelombang karna ukurannya ngak pas sama sepatunya jadibdi pakenya ngak enak, padahan kalo jahitan sepatu rapi banget....;senang
Bagus;senang
"Kalinya tipis gak enak di pakai gatal"" Aku bukan ng jelek"" In produk tpi ini asli rivyu dari saya";senang
Bagus;senang
Produk sdah sya terima dengan baik. Kondisi baik. Cuman pas sya pakai sepatunya seperti yang sebelah kanan agak lebih sempit n yg sebelah kiri ukurannya pas dengan kaki sya. Kemudian ad bagian jahitan sepatu yg sebelah kanan juga kurang rapi. Terima kasih.;senang
"Sepatu nyaa okee baguss bgt good pokonya 
Tpi...ko pada kuning ya pas udah d cuci🥵saran dong biar nggk kuning pas udah d cuci🥵";senang
-;netral
warna baju supak tidak itam pekat;netral
ukuran sesuai, cocoksekali sesuai harga;senang
dulu pesen ukuran 28 pas di pake,ini pesen ukuran 28 lgi beda sama yg lama,,yg ini 28 gede;senang
Bahan nya udah mulai tipis beda dari order sebelumnya;netral
.;netral
bgus;netral
peoduknya bagus dan kainnya tebal;senang
"Bentuk dan ukuran: Ternyata sizenya sedikit kecil
Daya tahan pakai: Mudah2an aja awet
Warna: Sesuai
Sendalnya ya biasa aja ga gmn2, sy biasa pke size 37 ternyata sedikit kecil, jd klo mau pesan sendal ini harus up 1 size dari biasa…";senang
"Kualitas produk: Biasa aja
Kecewa bgt kali ini ternyata bahan kaosnya ga sama dgn yg sering sy pesan, yg dtg kali ini serat kaosnya agak kasar spt tdk menyerap keringat, tolong lebih d perhatikan lg krn harga jg sama.";senang
"Kualitas produk: Biasa
Sedikit kecewa krn bahan kaosnya beda dari yg biasanya, yg ini serat kaosnya agak kasar, sepertinya tdk menyerap keringat. Padahal sering pesan kaosnya mantul banget, tp yg kali ini series ini ya biasa aja bahan kaosnya.";senang
"review jujur, to much bau obat aku gatau apa ya.. but kalo bau obat itu ga nusuk ini bener"" jasmine yang oke bangett

rose and jasmine both bau obat nya nusuk";marah
"Kualitas produk: Oke sesuai pesanan
Pengiriman oke kurir ramah";senang
almost perfect, secara desain oke banget di harganya, build quality juga sesuai, finishing semoga bisa libih rapi lagi. packing nya ngeri ngeri sedap, cuma plastik bening tipis dan ga bubble wrap.;senang
tak bosan bosan.beli produk aerostreet.mantaf;netral
Pas;netral
Barang sesuai pesanan tp packing sedikit mengecewakan krn cuma di bungkus plastik aja.;senang
tutup kurang kencang sehingga bocor;netral
-;netral
Bagus sesuai pesanan;senang
Kainnya beda sama yg dulu sya pesan;senang
Bagus, hanya kekecilan uk.39 nya;senang
keren, semoga awet;senang
sesuai harapan cocok lah;senang
Baunya nyenggrak;marah
Terlalu kcl dgn ukuran pesanan;netral
Bagus;senang
Pengiriman lambat;netral
"Celana pendeknya dari kmrn saya suka
Celana panjangnya hrsnya saya cari yg reguler fit, bukan yg  skini";senang
Bagus udh brp kli beli dsni,cuma syg bgt td ad noda dikit. Tp bisa di cucu sihh..;senang
"Sepatunya bagus sayang ngepas banget ukurannya. 
Gak bisa tukar size juga";senang
barang rusak jamuran begini masih dipacking, solusi dari marketing cukup mencengangkan, bilang mau diurus untuk retur dengan syarat2 selesaikan pesanan dulu, sudah diikuti dan lalu malah disuru urus sendiri...;senang
"bahannya bagus, nyaman, enak, adem,
hanya kurang cocok untuk aktivitas berat dan keringatan";senang
Kualitas produk: Bagus;senang
Cukup puas;senang
"Bentuk dan ukuran: Sesuai
Warna: Cakep";senang
bagus tidak terawang;senang
produk lmbut;netral
Ga expect si bakal sebagus ini wort it banget lah pokoknya, but minus 1 sol nya ketinggian;senang
ok;netral
Ga ada kardus tambahannya, jadi kardus sepatunya penyok2 😓;netral
barang tidak sampai;netral
Bagus sesuai pesanan, istriku suka.;senang
Overall good, tinggal finishing nya ajaa, sama ada noda bekas cat, ini pertama kali pake produk aero street, semoga awet atau yaa minimal bertahan 1 tahun😂;senang
Wow sesuai mantap;senang
Mantul banget..;netral
"K
Kualitas produk: Kurang";netral
Barang sudah datang bahan tebal cuma sayang di kasih nya yg polos ga ada logo tulisan nya..ga sesuai sm iklan nya;senang
"Buat gw yang punya kaki lebar+panjang,ini lumayan gw rekomendasiin buat kalian yg punya kaki kaya gw
Kalo gw pake ini ngepas tapi ngga sampai jari nekuk

Saran buat aero mungkin bisa ditambah size 45,gapapa harga nambah dikit soalnya buat kita² yg kakinya badak ini susah bgt kalo cari sepatu";senang
Kualitas produk: Bagus;senang
ada noda dikit mana susah hilang;sedih
Jahitan agak kurang rapi;senang
bagian bawah nya lumayan berat tapi keren buat brand lokal di harga segini🦾;senang
bagussss;netral
🤙🏻;netral
gk di paking;netral
Jahitan gak rapi bolong gitu. Udah sering beli tpi kecewa bnget dapt kaos ky gini;netral
Panjang lengan tidak sesuai dengan yg ada di deskripsi. Kecewa.;netral
Okkeeeeeee laaahhhh;netral
Saya pesen warna putih yg datang warna abu;sedih
"best seller barang realpick
Bentuk dan ukuran: sesuai pilihan
Daya tahan pakai: bagus
Warna: sesuai";senang
"Bahan :bagus
Sayangnya ada di sabonnya mudah pudar";senang
bagusss semoga awet;netral
Kecewa kali ini sama aerostreet, pesan warna abu2 tua, yg datang warna coklat tua.  Karna selama ini ngak pernah salah dalam pengiriman, bahkan beli kaos kaki aja barang ngak ada di infokan dulu kalau kalau barang kosong dan mau di ganti sama motif yg lain atau ngak. Tapi sekarang malah ngak ada.;sedih
Tidak sesuai warna;senang
Beli 2 yg ini termasuk tipis bahannya;netral
Kekecilan 😭😭 tidak bisa di pakai. Biasanx aku pake no 30 BB 60 muat, in cuma naik smpai di paha;netral
DIKETERANGAN PAKET DITERIMA TAPI NGGK ADA,BESOK BESOK JANGAN PAKE SI CEPAT ANYIMGGGGGGH PAKET NYA TIDAK SAMPE GOBLOKKKK;senang
aroma khas yg saya suka , namun kurang tahan lama;senang
Dus penyok dan sobek, Jahitann kurang rapih, astaga padahal pembelian yang kedua, yang 1 okay eh ini yg kedua malah di buat kecewa;netral
lumayan si bahan nya ga bikin panas atauu beratt, tapii itu loh dalem nya kok bikin nempel gituu yaa bulu' nyaa, niat nya ini mau buat kado tapi kalau barang nyaa nempel gini maluu buat ngasih nyaa;senang
Sepatunya sangat bagus, cuman agak lama pengirimannya;senang
Paketnya gak di antar sesuai alamat,sudah di bayar tapi tidak menerima paket;senang
suka... bahannya bagus;senang
Lumayan sih bahan nya👍;senang
Pesanan sudah oke, kurangnya kalau bisa ditutupilah sedikit kotak sepatu, jangan polo. intinya packingan lebih rapi sajalah.;senang
"Pesanan sudah sampai

Tapi lama nyampai nya pesen tanggal 24 baru datang sore ini tanggal 13.";netral
Dih lama banget sumpah;senang
oke lah. sesuai dengan harga;senang
Sepatu baguss,cuma dr pihak expedisi nya yg lamaaaa bgt bgt GK di kirim2🤤;netral
Daya tahan pakai: Bagus;senang
Baguss..;netral
Waktu live aq tnya size disarankan size 28, tapi aq ambil 29 takut gak muat... trnyata meski ambil 29 ttep gak muat...wkakakaa... BB53/TB155... tapiii celana nya bagussss.... dengan harga 120 an bagusss bangett.. next cba size 32 deh...;marah
y bgs;netral
Bagus;senang
Baunya ga enak banget bikin pusing parfum apaan dah ke gini udah pengiriman lama Bae ga enak lagi;senang
"bagus , ukuran nya saja yg kecil biasa pakai 41 , tpi ini 41 kecil , kurang konfirmasi ke custemr , 
kecewa si tidak bisa pengembalian ,
 makasih";senang
Agak sedikit kecewa sama bahannya karna tipis banget trus plastikannya bukan dari aero tidak seperti yang saya beli kemaren kemaren kurang amanah mungkin tokonya;senang
d pke Berat bngt sepatunya 😩;netral
Bagus sih cuma banyak benang yg gk rapi masih panjang2, kainnya jg bagus, tpi ini baru dipake sekali pas udh kering aku lipet baru ngeh sablon dalemnya udh ngelopek pdhl aku nyuci di kucek bukan pake mesin cuci;senang
Keterlambatan dalam pengiriman;netral
Bagus barang nyaa;senang
Kain tipis;netral
Ok;netral
Mantap bener;senang
Tolong packingnya diperbaiki. Plastik udah robek, kardus lepas. Untung sepatunya aman, jadi bintang 4 udah paling bagus;senang
Size tidak sesuai dengan insole, tidak bisa tukar size;senang
.;netral
Bahan nya tipiss ga kaya biasanya;senang
Yg di kirim reguler bukan slim;netral
"Model sepatu bagus. 

keren, bikin kita keliatan tinggi. 

cuma ini barang kyk baru dari pabrik ya.

ada sedikit cacat di jahitan.

yah wajar sih dengan harga segini.

overall,  harga segini cukup puas. 

moga aja awet.";senang
Toko tidak amanah, tidak sesuai di gambar, saya pesan yang sesuai di gambar tapi justru yang datang sepatu plastik tanpa tali;senang
Sangat keren;senang
produk bagus sesuai minesnya ukurannya aja pas bgt hehe kualitas oke lah sesuai harga nicee the best tokonya;senang
panjang tali tidak sama;senang
👍🏼;netral
Kualitas barang bagus syg ukuran size XL tidak besar;senang
Sesuai pesanan, cuma paket nya rusak udh kebuka mungkin dri pihak kurir nya kali ya kurang hati hati;netral
Warnanya sesuai dikulit bersih;senang
Bahannya bagus enak dipake;senang
Cakep poll, harga 109k udah dapat 3 t shirt aerostreet😂🥰;senang
Cakep poll, harga 109k udah dapat 3 t shirt aerostreet😂🥰;senang
Cakep poll, harga 109k udah dapat 3 t shirt aerostreet😂🥰;senang
sejauh ini bagus👍;senang
Spatu di pakai pas di kaki,, suka bgt sama model nya;senang
Bgus cuma kepanjangan krna aq pndek jd d potong dlu;netral
jasa kirimnya lama banget;netral
Kainnya lebih lembut yg hitam;senang
Sesuai gambar, bahan agak ringan, semoga awet.;senang
pas sihhh, tp kepanjajgaannn;netral
Bagus sih bagus cuma kok yang Dateng kekecilan ya padahal saya beli sepatu di toko lain dengan ukuran yang pas,tidak terlalu kecil seperti ini;senang
Keren mantapp;senang
Sedikit kecewa dgn produk yg dikirim kan, ada noda berwarna cokelat di belakang sepatu (dekat logo). Seperti barang lama dari pabrik-an😀;senang
"semuanya oke, bagus banget malah. tapi yang disayangkan ukuran 44 masih kurang gede buat kakiku. meski kaki masih bisa masuk, tapi ada rasa kaya sakit sakit gimana gitu wkwk. untuk daya tahannya sih gatau ya bisa awet berapa bulan, apalagi ukurannya kurang gede, paling cuman berapa bulan dipake bisa jebol. tapi untuk pad pijakannya, no komen, enak banget buat dipake jalan.

harapannya sih bisa dirilis produk dengan ukuran diatas 44 aja. jujur hopeless kemana mana nyari ukuran 44++ susahnya minta ampun. kalo di aerostreet ada, nanti bakalan langganan disini buat beli sepatu.

menurutku overall ini sepatu harga merakyat yang bener bener worth it buat dibeli. harga terjangkau, model banyak, sama enak dan nyaman banget dipake. thanks aerostreet.";senang
"Aromanya mirip George Armani Profumo. 
Daya tahan lumayan, projektion dan longevity di satu jam pertama okelah. Selebihnya harap maklum parfum murah. Kualitas spray oke banget. Top note parfum mahal";senang
"Murip duff. 
Top note nyegrak bau sabun tahun 90an";marah
"Zonk. Sebetulnya udah kapok blind buy. 
Ini aroma apa, gak sesuai keterangan. Top notenya bikin mual mirip bau kacang apek. Kapok beli parfum murah.";senang
Pokoknya brgnya baguss,sesuai dgn diskripsii..;netral
Hiks bukan warna navy lebih ke warna turkis deh kayanya;netral
kalo memang stok abis d hapus krnjangny, pdhl sdh fast respon tp ttep aja d kirim random yg g sesuai..d btalin sdh gk bisa , yg mau retur ribet mn jauh lagi ekspedisinya..bener² sngt mngecewakn..ak tim cod yg gk prnh nolak,jadi bener ngaknya ttep ku trima kasian kurirnya gk salah apa²;marah
Ok;netral
U;netral
sangaaaatttttt AMANAAAHHH smoga aweeeettttttt bagusssssss makasiih AEROSTREET;netral
Bagus cuman agak berat sepatu ny;senang
Bagus;senang
"keren dan berkelaaas pokoknya
kang kurir juga oke gercep";senang
Spatu agak kotor;netral
Selalu keren,cuman kurang sama warna sepatunya;senang
"Overall bagus  cuma bahannya beda², di harga yg sama ada yg tebal dan ada yg agak sedikit tipis.
Nyaman dipakai, sizenya pas.";senang
"Overall bagus  cuma bahannya beda², di harga yg sama ada yg tebal dan ada yg agak sedikit tipis.
Nyaman dipakai, sizenya pas.";senang
Sepatu nya cantik, seperti diskripsi ukuran normal saya 37;senang
Saya pesen L yang dayang Xl;netral
sebelah kiri terasa lebih sempit;netral
bekas jahitan ya kurang rapi;senang
"udah pembelian ke tiga, tapi kali ini size aerofomz nya beda sebelah wkwkwk

gapapa, lupa kali.. akhirnya dipotong sendiri ngikutin yang sizenya sesuai";senang
Bahan bagus tidak lembap, nyaman;senang
Bajunya agak tipis sangat mengecewakan;sedih
Lumayan;senang
Ok;netral
Sesuai harapan pas di kaki dan pas di kantong,,mantap 1000x;senang
Warna hitam ny kurang pekat, seperti celana sdh d pake tahunan saja. Tolong d perbaiki;senang
Bagus. Insyallah kalo ada rejeki mo co lg;senang
bagus pas di kaki;senang
Model bagus, packing bagus, kualitas bagus, agak berat ajah dikit, maju terus produk dalam negeri, secara keseluruhan Ok, mudah2an awet.;senang
sendal baguss langsung dpake di gak ke foto .produk bagus walpun harga murah gak keliatan murahan;senang
Simple dan gk norak;netral
Simple dan gk norak, bahanya juga adem di kulit;netral
bahannyaa enakk poll, ga bikin gerahh pokoknyaa bgusss dehhh;netral
Rekomen sih,bahan juara,terimakasih seller;netral
Enak d pake;senang
Sandalnya sesuai gambar dan empuk;senang
Lumayan untuk harga segitu;senang
"Paketnya g nyampe k sy 
Tolong hubungi ninja 
Udah brp kli paket sy g nyampe klo di kirim k ninja
Terus gimn dg pembayaran sy udah bayar";netral
panas;marah
panas;marah
Perhatikan untuk barang sebelm di kirim, dan untuk pengecekan quality;netral
kwkwwk;netral
"Mantap
Bentuk dan ukuran: Pas
Aroma: Wangi
Warna: Sesuai
Daya tahan pakai: Kayaknya tahan nihh";senang
Bagus sih tapi atasnya kekecilan gak muat dikaki saya;senang
Baguss... Tapi kalo kena cipratan air hujan yg coklat cepet kotor sama harus sering di cuci;senang
Nyaman di pakai pengiriman cepat;senang
kwalitas bagus,tp klu stok kosong barang yg dikirim tidak sesuai dengan perjanjian di chat;senang
Bahan nya tipis;netral
Size chart ga sesuai.;senang
kaos standar, ada harga ada rupa;netral
cakeppp dahhh;netral
"ukuran tidak pas,
model satunya 30juga pas, yng ini kyk ukuran 28";senang
"Barang cacat . Sangat kecewa bangett.
Awalan beli di kasih barang kaya gini";sedih
Bahan nya bagus tp tidak oversize utk aku di bb 49;senang
jahitannya kurang rapih tpi ya oke la;senang
sesuai dengan deskripsi dan harga;senang
Overall oke tapi ada noda hitam dikit dan gak bisa dihalangin;sedih
Wanginya lumayan, cocok buat cewek. Wangi bunga 🌹;senang
jos;senang
kecewa bgt pas dateng dus nya penyok, mana ini buat kado pacar aku, packingnya gaaman bgt gapake bubble warp pkonya super duper kecewa ga sesuai ekspetasi💔;marah
Bgus sayang di aku no30 kekecilm;senang
Bagus;senang
"jujur untuk produk parfum aerostreet udah beli sampe 6 jenis parfum berbeda pembelian pertama parfum aerostreet seduction sama temptation untuk seduction wanginya kurang cocok untuk temptation wanginya seperti scarlett velvet rouge dan saff n co sotb tapi wanginya kurang dari 2 produk kompetitor nah pembelian kedua parfum aerostreet after party dan sexy sunset wanginya gak ada yang cocok sama sekali dari sexy sunset kaya bau stela mobil gak enak terus after party baunya bener2 nyegrek manis banget dan kurang
parfum terakir beli aerostreet peach dan pearl wanginya masih oke dari sebelum2nya beli parfum tapi ketahanannya kurang awet";senang
"jujur untuk produk parfum aerostreet udah beli sampe 6 jenis parfum berbeda pembelian pertama parfum aerostreet seduction sama temptation untuk seduction wanginya kurang cocok untuk temptation wanginya seperti scarlett velvet rouge dan saff n co sotb tapi wanginya kurang dari 2 produk kompetitor nah pembelian kedua parfum aerostreet after party dan sexy sunset wanginya gak ada yang cocok sama sekali dari sexy sunset kaya bau stela mobil gak enak terus after party baunya bener2 nyegrek manis banget dan kurang
parfum terakir beli aerostreet peach dan pearl wanginya masih oke dari sebelum2nya beli parfum tapi ketahanannya kurang awet";senang
Sesuai harga;senang
Kecewa karna pesen putih dikirim hitam... dichat penjual cm dineritahu yg putih hbs dan dikrm hitam, knp ga suruh batalin dulu dan CO looney tunes seri lain soalnya sya memang lg cari warna putih👎;marah
Pengiriman nya yang lamaa;netral
niat buat cwo saya beli uk 39 pas saya coba ko muat longgar dikit doang pdhl biasanya saya pake yg 24 cm mungkin perlu upsize kayanya kekecilan buat cwo sya trus ada kotor dikit dan lem yg berlebih untuk kualitas si bagus pengirimannya juga cepet banget 1 hari doang  kurir juga baik;senang
Produk bagus tapi pas sampe kardusnya sobek mungkin karena peking nya cuman pake plasti wrepaja ngga pakek babelwrep;senang
bagus bangett seperti baju premium bakalan sering beli nanti hehe;senang
dari 4 tryme, 1 varian green savana isinya gak sampe 3/4, udh cuma 1,5ml gak penuh, rugiiii.... yg laen gak penuh pun msih dimaafkan;senang
Bagus bahannya tebal;senang
Bagus dan cocok gak besar gak kecil dan untuk bahannya gak tipis;senang
Bagus dan cocok gak besar gak kecil dan untuk bahannya gak tipis;senang
Bagus dan cocok gak besar gak kecil dan untuk bahannya gak tipis;senang
barangnya bagus cuma ada kotor dikit;senang
Wangi tahan lama tapi Aroma nya kurang suka;senang
Bahan bagus desain juga bagus tapi katanya CO 3 dapat parfum sama stiker knapa saya tidak dapat;senang
Lumayanlah;senang
Mantapss;netral
bahan dalemnya banyak rontok;senang
"Barang nyampek dengan aman, 
Tpi pas dibuka zonk gk ada isinya parfumnya. 
Tolong dicek ulang dulu kalau mau ngirim";senang
Bagus sekali suami saya suka;senang
Alhamdulillah celana bagus , pembelian ke 2 kali , tapi warna nya koq coklat yah bukan abu tua , ? Tapi lumayan bagus mohon warna nya untuk di benerin aja;senang
Ukuran kebesarann beda dengan ukuran lain;netral
"Bahan bagus
Kualitas produk: Bagus";senang
Bahan bagus nyaman dipakai , cuma ada masalah pada tag sizenya, terlepas dan ad tag size pertamanya dengan ukuran yg berbeda, ini maksudnya gimana yh min;senang
modelnya keren, pengirimannya cepet, pas di kaki, tapi dampal dalemnya cepet tipis padahal biasanya enggak, btw ini artikel ke 4 yang saya punya dari awal, semuanya sepatu aerostreet;senang
wangi cm gak tahan laama...;senang
Udah brapa kali beli, tapi yang kali ini kualitasny ngga kayak dulu lagi bagus.. udah menurun jauh kualitasnya;senang
Bagus;senang
41 ko ke gedean ya ,;netral
"Bagus ..jeansnya gak kaku minusnya luntur ,
Tb 153 pake sz 28 kepanjangan .";senang
lumayan sepatunya dng harga segitu😁😁;senang
bahan bagian dalamnya saat dipakai ada benang nempel di badan sangat banyak;senang
"Sangat kecewa....
Kenapa cuman beli 1 engga 4 sekalian nyesel banget😩😩😩
Padahal barang nya adem nyaman dan bagus....";senang
Produk cacat dikirim aja, giliran minta tuker malah gabisa alasan gada video unboxing, padahal udah jelas jelas itu cacat di pabrik kena setrikaan terlalu panas jd bolong nge bekas, sangat tidak rekomendasi.;marah
Jujur saya suka dari bahan.desain.jahitan. tapi jujur saja saya kecewa dengan potongan pola nya..sangat kampungan..hanya itu saja...belajar lagi dari bloods / eager ...;netral
bagus sih tapi banyak banget benanang yang keluar keluar gitu jadi keliatan kotor;senang
"Sangat puas 
Mksi ya";senang
kebesaran huhuhu padahal bagus banget;senang
beli yg kedua kali, yg pertama size 34, ukuran ok. yg ini kebesaran. di size chart lebar bawah 17cm utk size 34. ini 19 cm. pinggangnya 43cm, harusnya 41;netral
Bahan halus, nyaman dipakai, pinggang pas, kepanjangan untuk tinggi 150cm;senang
Bagus tapi ukurannya kekecilan 😭;senang
tipis bgt;netral
Pihak kiusi kurang teliti barang yg cacat kenapa bisa lolos sangat kurang puasa;sedih
Bagus;senang
ada yg rusak dan ditolak untuk mengajukan penukaran barang;marah
"Boleh lah, pas untuk skrng. Blm dicoba jadi gak tau nyaman apa enggak. 
Yaa agak kurang rapi aja cetakan sepatunya. 
Dah itu aja";senang
Lama datangnya,tpi bajunya oke sih;netral
barang sudah di terima...sebetulnya sepatunya bagus tapi sayang pengerjaannya agk kurang rapih;senang
Sesuailah dgn harga segitu;senang
Tipissssss tapi lumayan, TDK nerawang dengan harga 55k;senang
Tipissssss nerawang gak sesuai ekspektasi dengan harga 55k;senang
Tipissssss nerawang dengan harga 55k;netral
Bagus banget cuma atas nya terlalu kecil;senang
Mantap;senang
Kualitas produk: Ok;netral
Kualitas produk: Ok;netral
mantaaap;netral
oke bagus;senang
Kerenn, cintai produk Indonesia, saran sedikit untuk finishing jahitan + scrap karetnya lebih diteliti lagi selebihnya bagus banget 👍;senang
Nyaman dipakai , bukan nyaman di lambung yak hehe;senang
wangi sesuai selera;senang
Mantap. 👍 Keren abis lah pokoknya. Gk nyesal belanja disini.;senang
Cakep;senang
sandal keren minus box hancur sedikit;senang
Cakep semoga suamiku suka deh;senang
bagus;senang
Qc produk jelek, box hancur, benang2 sepatunya gak bagus, barang asal jadi;marah
Sablonan nya kok gak bisa berubah warna?;netral
Kotak penyok, tanpa bubble wrap..;netral
Bagus warnanya diaku agak kepanjangan tp gpp masih nyaman dipakai;senang
Sepatu nya bagus, tapi tidak dengan kurir nya, paket saya malah di titipin ke rumah orang lain nggak ke rumah saya, saya sangat kecewa.;senang
Yg ini beda bahan dan gambar yg datang kelinci;netral
kak maafkan brg sy udh terima, sy pesan slim fit mengapa brg nya jauh y patron nya dengan slim fit hitam aerostret kakak , stanley nya kaya regular dipakai ga pas kaya yg hitam nya gmn kak ini sama2 ukuran 32 slim fit masa beda patron nya jauh gombor2 yg stanley tolong di jawab;senang
Baguss tdk nyesal;netral
Perbaiki packagingnya dong aero. Mahal mahal bungkus ga pake buble. Dus penyok dan basah;senang
"Jlek gk sesuai ekspektasi bahan nrawang mahal lagi mending kalau sesuai mahal juga gk papa ini mah buruk jangan coba"" deh kalau gk pengen rugi";senang
keren tapi cukup berat juga trnyata;senang
👍👍👍👍;netral
Sandal nya bagus, tapi packing nyaa ga rapih;senang
Mantab;netral
ini harus teliti lagi bang yang kerja nya soal nya masih ada  sisa² yang gk ke potong;netral
Pokoknya ku suka bgt;senang
"Sol bagian dalam nggak rata, jadi sakit kaki kalau di pakek, agak kecewa sih beli nya, padahal sebelumnya baik-baik aja, tolong QC cek bner""";marah
Kualitas produk: Bagus;senang
Bb aku 68 tb 160.untk panjang sesuai .pas mau di pk n di lepas rada sush tp klo dah d pke pas krn lp aku 84 pas di perut;senang
"Aku kira dengan rating yg bagus & bnyak pemebeli itu bahan nya bakalan bagus.
TP ternyaaata aku di buat kecewa sma bahannya.
Kain nya panas & kasar.
Kyk kaos2 partai menurut ku";marah
Admin tidak jelas, slow respon;senang
Barang pecah;marah
Sukak banget tapi agak kepanjangan but over all bahannya bagus dan lembut cuttingannya juga pas;senang
lemnya  kluar dan kurang rapi jadi b3;senang
bahan nya lebih tipis dari yg pertama order.;netral
Tidak di packing dengan baik dan box sepatunya ada yg sobek;senang
"Barangnya oke
Tapi sedikit ada noda di sepatunya";senang
Pengiriman lamaaa;netral
"Sumpah jelek bngt nyesel beli ny,jorok bnget kek ga sepatu baru udah gitu bahannya ngga nyaman kali dipakai kerass amat.klau dipakai untuk sehari"" ngga rekomendasi bngett percaya lh nyeselll bangett";senang
barangnya bagus;senang
Bagus bgt;senang
Bagus bgt;senang
Bagus banget;senang
"Sbg pecinta parfum jasmine yg smooth, jujur ini gak cocok banget. Aku awalnya blind buying, percaya dgn deskripsi yg tertera dan gk expect kalau wanginya akan sekuat ini bikin pusing mual. Malh aku tipis banget cium wangi melatinya. Kecewa banget, pdhl aku udh nungguin banget tp gk bs pakai huhu :"")";senang
Bagus banget bahannya juga halus;senang
Lumayan lah;senang
bahan bagus whort it dg harga segitu sesuai dg gmbar;senang
Bahan adem tidak panas,,agak kebesaran dikit keseluruhan Bagus;senang
sesuai;senang
Baguss;netral
Ok;netral
Ok;netral
Ok;netral
"sampai nya sudah lewat dari waktu estimasi, dan kemasan nya pun tidak workit.
dan sepatu nya juga sudah lepas jahitan nya sedikit.";senang
Cukup tinggi sih menurut saya insole nya, pengiriman nya cepat. Overall bagus banget sepatunya, cuma saran saya klw mau checkout turunin 1 size deh.;senang
Sepatunya agak kotor banyak debu terus ada noda warna putih;senang
Dikirim sesuai pesanan. Sol bawah tebel jadi agak berat. Keliatan awet;netral
Sepatu bagus sesuai harga support produk lokal ay👌👌;senang
Real pict;netral
Real pict;netral
Lumayan;senang
Lumayan;senang
Kualitas ok lah,cuma m nya yang kecil banget;netral
Warna coklatnya tidak pekat;netral
👍;netral
Uda excited bgt wktu co eh ternyata datengnya agak mengecawakan dikitt, jahitannya ga rapi:((;senang
sudah di pakai.katanya nyerep keringet, ternyata ga,;senang
Celananya bagus, tapi kainnya lemes banget serasa pakai legging;senang
Mantap kainnya tebal;senang
Sandalnya empuk, keren, bagus dah pokoknya;senang
sepatunya bagus, solnya empuk, minusnya kurang rapi sedikit;senang
Sepatunya ternyata lumayan berat....;senang
Sepatu bagus, namun ada jahitan yg kurang rapi. Mohon ditingkatkan..;senang
Good;senang
Kekecilan;netral
Bagus;senang
eyestay miring, yg lain okeyy;marah
Bagus;senang
Nomor 42 seperti 41;netral
Bagus;senang
oke whord it;netral
packing amann yakk,barang juga sesuaii.. mantabb;senang
sesuai harga la;senang
bagus, tapi kek berat yaa;senang
Kurang suka sama warna nya pas nyampe kesannya kaya bkn baju baru.. maaf ya aq penggemar kemeja dari aerostreet tp yg ini aq kurang suka bgt;senang
"Barang bagus, sesuai deskripsi.
Tapi penjual kurang memberikan bantuan agar pembeli tidak salah pilih warna, padahal pembeli sudah bertanya dan ingin warna hitam.
Salah link pembelian dan terkirim warna navy.";sedih
Beli cuma buat tester, wanginya kalo buat aku yg suka wangi soft dan fresh parfum ini baunya strong, jadi kurang suka;senang
Beli cuma buat tester, wanginya kalo buat aku yg suka wangi soft dan fresh parfum ini baunya strong, jadi kurang suka;senang
Beli cuma buat tester, wanginya kalo buat aku yg suka wangi soft dan fresh parfum ini baunya strong, jadi kurang suka;senang
Beli cuma buat tester, dan pas dicoba ternyata wanginya fresh dan ada sedikit manisnya, buat aku yg suka parfum soft dan fresh lumayan suka sm wanginya krn yg jelas bukan wangi yg strong, yg bikin hidung gatel dan kepala pusing;senang
Menurutku bau jasminenya kurang;marah
Bagus;senang
Bentuk dan ukuran: Pas banget;netral
"Sedih bgt. Baca sekian banyak ulasan katanya pilih ukurannya mending dturunin krna yg dtg biasanya lebih gede dri ukuran normal.
Saya beli 2, ukurannya dturunin semua malah jadinya kekecilan, gk muat.";senang
"Sedih bgt. Baca sekian banyak ulasan katanya pilih ukurannya mending dturunin krna yg dtg biasanya lebih gede dri ukuran normal.
Saya beli 2, ukurannya dturunin semua malah jadinya kekecilan, gk muat";senang
Keren sih;senang
"Pas
Bentuk dan ukuran: Sayang bgt ukuranya pas sekali sama kaki tau gitu naik size lg pdhal itu dah tak naikin size 2x dari size bisanya tp gpp masih jyaman di pakai dan semoga awet";senang
Bukan barang yang aku nilai jelek tapi PACKAGINGNYA!. Pengiriman ga pake bubble wrap??, penyok, kotor, sepatu sih sesuai gambar tapi ga rapih jaitannya dan lemnya yang masih nempel ga bisa ilang. Kecewa banget sihh padahal beli ini tuh buat kado tapi boxnya malah rusak dan ini tuh merek gede lohh :(;marah
Sesuai;senang
Sesuai;senang
bagus;senang
Banyak benang yg tidak rapi,dan potongan tengah ny TDK rapi;senang
Bagus;senang
Paket sudah datang bagus dan sesuai;senang
Bahan adem jaitan rph;netral
bagus kok, cuma sayang ada noda kuning;senang
oke untuk keseluruhan tp sedikit panas bahannya;senang
Barang sesuai ukuran pas kayak yang saya minta pokoknya oke semuanya;senang
ukuran xlnya kecil;netral
.;netral
Biar bintang yg menilai;senang
Sepatu bagus tapi berjamur banyak sehingga keliatan kayak kotor;senang
Barang udah di terima.. tapi sayang.. kemasannya berantakan..;senang
Tolong size chartnya di update...sy oder size L PB 71 di size chart PB 69...😇😇;netral
"Untuk koreksi saja,supaya dirapihkan lagi proses produksi nya ya kak,biar lebih bagus lagi,sambungan nya gak terlihat seperti ini...
Over all good..
Thanks";senang
Bagus dan pas dipake anak👌;senang
Tak sesuai pesanan minta varian warna dikirim hitam semua, kalau mau paking lihat dengan seksama catatan atau deskripsinya;senang
bagus tapi warna rada putih tulang gitu ga putih polos;senang
Sedikit kecewa,lehernya kok miring;senang
Bagus;senang
Bagus;senang
modelnya bagus. tapi jahitannya jelek;senang
"kain nya halus tp kurang tebal
packaging nya ok tp mleyot 
pinggang clana yg kucari ini siii press terus kebawah longgar";sedih
"SERIUS AEROSTREET KEK GINI ?
Spatu masih ada lem 
Packing cuman plastik putih ,itupun robek 
Ah sudahlah, detailnya ngawur banget kecewa gwe";sedih
"Alhamdulillah barang datang sesuai orderan dan toko amanah. walaupun barang ada sedikit kekurangan seperti diphoto , mungkin karena sisa barang Promo ya tapi harga masih standart and worth it. overall , i like it and hope it lasts longer
Hopefully besok² kalau sy CO lagi , bisa dikirim barang yg baik ya Kak. thanks🙏🏼😇";senang
menurut ku sepatuny lumayan tp ga empuk jir keras di pake ga enak sama sekali 😔 pas barangny dateng juga ana noda di sepatuny sama ada benang jaitnya warna hitam di samping bawah sepatuny jadi keliata gt 🙂;senang
Sepatunya keren plus kualitas;senang
Ternyata berat tidak cocok untuk jogging;senang
Lumayan bagus, cuma agak berat;senang
warna navynya kurang terlihat navy. nyaris ke hitam warnanya.;netral
mantul ,;netral
kurang bertahan wangi ny;senang
kotaknya agak petot dikit lah dah gitu benangnya kureng rapi;senang
baguuuussss;netral
-;netral
39 sempit yah yg kali ini pdahal ini sendal ke 3 dri Aerostreet yg 2 sebelmnya pas² ajaaa dengan model yg sama cman beda warna;senang
Aroma sama seger;senang
padahal bagus sepatunya, tapi sayang ada jaitan yg kelupas gini min;senang
Sayangnya tidak melayani tukar ukuran celana jadi mubazir deh celana jeans nya ngga kepake.;senang
Oke lah,berbulu gilaak bajunya ga wort ot banget sampe bulu dalam baju nempel ke baju lain,not recomended deh;netral
Bagus;senang
Paket dalam keadaan rusak seperti ini, packing cuman pake plastik tipis seperti ini, apakah ini kualitas dari Aerostreet?? Ini kondisi sebelum di unboxing lohhh potonya..;marah
Minus;netral
pas pasan ma kaki ank saya pdahal dah sya naikin satu nomor ukuranya kan pke 31 sya psan 32 sma mhon mff ada kya sisa bhn yg kurang rapih pemotingnya dipinggir jd kliatan ptih2;senang
Garis hitamnya luntur jadi mengenai yang warna putih tadinya suka bangt setelah proses pencucian agak kecewa;netral
pengiriman cepat;senang
good;senang
Ukuran L nya seperti size XXL;netral
datangnya coklat;netral
"beli pas promo.. 
tapi mengecewakan, ukuran kecil bgt, nerawang, 
biasanya bagus.. 😭

mau ngasih ke cewek malah kaya kaos ****** 😂";senang
Pas sesuai pesanan... Thanks aero;senang
Produk bagus, sesuai harapan, ini kesekian kalinya belanja di aero. Selalu amanah sukses buat aero. Berharap ada promo besar;senang
Premium.;netral
tdk wangi;netral
Pengiriman lama;netral
ada sedikit noda;senang
Good;senang
Kualitas produk: Bagus sesuai lah;senang
Bentuk dan ukuran: Tidak sesuai jelek;senang
Trnyata Minion banget overall baunya wangi banget endull;marah
"Paketx sudah smpe barangx Sesuai👍
Warna: Coklat Tua
Bentuk dan ukuran: 37";senang
Saya mesan sudah satu minggu lebih barang belum datang ko malah sampai nya ke alamat orang lain gimna ini kurir nya sdh lama saya nunggu;senang
q kasih bintang 3 yaa soal nyaa ada lecet sepatunyaa dan kotorr .. Biasanyaa beli selalu baguss dan gk ada apa2 nya kok tumben bangett inii .. Pdhall baguss bangett;senang
Suka banget sm kainya🥰kurirnya baik yah udh langganan jg😁;senang
Datang sesuai pesanan. Pengiriman sangat cepat. Pesan td malam. Pagi ini sudah sampai. Sangat memuaskan. Terima kasih;senang
Bentuk dan ukuran: Pas;netral
kecewa, model ga sesuai foto iklan;senang
better utk hrga segtu;netral
Bagus bangetttttt 🤩🤩 cuma sayang UK 28 kecil di paha nyaa pdhl BB 45an , selebihnya nya ok bangttt;senang
Bahan dan kualitas udah gak kek dulu pertama beli, kaya cotton 30s bukan kek 24s;netral
bagus poll;senang
Bagus👍👍;senang
"Awalnya mau order yg V neck..
Tp yg warna putih lagi kosong.
Overall, barangnya adem.";sedih
"Warnanya Putih agak kecoklat²an.
Mungkin karena packing/pas pembuatannya banyak, jd tangan yg bungkus/buat pas lagi kotor warnanya jd meng-kusam";senang
bagus tapi kekecilan, seharusnya pesan +1nmr dari nmr kaki sebenarnya hihi trmksh;senang
Pinggaynya pas bgt buat BB 53 tinggi 153.panjangnya aku potong dikit;senang
Baunya terlalu tajam;senang
Tolong itu gambar dan tulisan disinkronkan dulu. Saya jadi salah beli.;marah
barang yang dikirim beda harusnya warna hitam dikrim warna ungu,padahal di chat sudah di kasih tau glass hitam beserta gambar juga;senang
38 ternyata ngepres bgt d q 😭😭😭;senang
Mayan;netral
masaahnya aerostret sizenya ga pernah konsisten.. skrg lg apes dapet yg kegedan.;netral
masaahnya aerostret sizenya ga pernah konsisten.. skrg lg apes dapet yg ngepress banget.;netral
Next tolong bungkusnya jangan telanjang gini;netral
"Bentuk dan ukuran: pas
Warna: keren
udah lama langganan beli sepatu d sini emang wort it dari dulu";senang
"W sempet bingung, temen-temen gw pernah bilang kalo Aerostreet alasnya gaenak & keras. 
Setelah gw coba beli sendiri, ternyata nih sepatu bener2 ENAK BANGET! meskipun ada beberapa jahitan & part sepatu yang kurang rapi. Overall, gw suka WKWKWKWK";senang
Bagus... sesuai pesanan tp ada yg pecah 1;senang
Pesan warna putih yg dtng coklat, lain kli hrs teliti, kecewa jdinya soalnya yg coklat sdh punya;netral
Tulisan aerostreet nya agak pudar;netral
Ada bekas lem dibagian yg seharusnya bersih. Tolong qc nya ya;senang
Tidak sesuai deskripsi .. ukuran bukan oversize ketat gak nyaman di pakai;senang
Tidak sesuai deskripsi .. ukuran bukan oversize ketat gak nyaman di pakai;senang
Tidak sesuai deskripsi .. ukuran bukan oversize ketat gak nyaman di pakai;senang
"Bagus banhanya nyaman lembut tapi ukuran L nya kekecilan di bb 60, mending pilih ukuran xl
Kualitas produk: Bagus bahan dingin
Ukuran: L";senang
Pesen 42 di kirim 41;netral
Bgs;netral
bgus saya suka. cuma klw bisa kasih free bonus sarung kaki min😭🤣;senang
kenapa ini yang hitam xl nya kek oversize besar banget padahal tulisanya bukan oversize😭, pembelian ke 2 kali, pembelian pertama xl pas bagus dipakai ukurannya cocok.;senang
Kualitas produk: putih agak tipis bahannya;netral
Kok sepatu anak2 ya kak;senang
agak insecure liat packaging nya tanpa bubble wrap,dan cuma di bungkus plastik polos seperti itu.;senang
Pas di cuci rontok sablonya;netral
harusnya ada bubble wrap kasih plastik item jangan polosan gtu packaging nya kak.;senang
Ternyata polos, kirain ada tulisannya seperti digambar? Nyesel ak;senang
"Barang bagus tp tolong yg beli naikin up size satu tingkat
Biyar gak kekecilan
Penjual tolong dong kalu kasih ukuran yg akurat.jadi beli 2 kali yg satu ngk kepakai";senang
Kebesaran d akunya;senang
kualitas kurang baik;senang
Sesuai harga;senang
nggak sesuai yang di pesan;senang
Wangi nya enak cocok buat di luar ruangan, cuma tutup botol farfumnya kurang rapat jdi farfumnya tumpah ke kemasan nya maaf kasih bintang 4;senang
sekelas aerostreet bisa salah kirim. saya chek out kaos kok yg dateng sepatu.? pelayanan nya juga buruk bgt.;marah
size L nya kecil klo yg hitam beda sama yg abu2;senang
Bagus;senang
Kemasan tidak rapat, parfumenya tumpah setengah, sayangnya buka paket tidak di video 😭😭😭 saya tidak tau salah pengemasan atau proses pengiriman;senang
Untuk pembeli lain mohon ditambah 1 -2 ukuran normal karena sendalnya kekecilan;netral
Untuk pembeli lain mohon ditambah 1 -2 ukuran normal karena sendalnya kekecilan;netral
Untuk ukuran aku 38 msh ajh kbsarn 37 kesmpitan gmn atuhhnpnrng pkr aerostrett tp slli slh size trus jadi sedihh;netral
Alhamdulillah sangat puas;senang
demi apapun kegedean bgt, aku tanya ke seller ukuran aslinya gmna soalnya banyak yg kegedean trs kata seller ikutin chart. gataunya pas datang bnr bnr gede btul pdhl selalu ambil 40;senang
Nyaman dipakai buat kerja;senang
Produk bagus;senang
bahan nya bagus dan nyaman dipakai bekerja;senang
Suka banget SMA celana nya;senang
Kok ga rapi ya jahitannya;senang
Bagus tapi sayang agak kecil;senang
bagus tpi syg ada noda sedikit :);senang
"Masih ada sisa benag2 yg belum terpotong,
Inshol bawah kotor";marah
"Bagus sih cuma GK di cek dulu 
Kerdus nya 41 tapi sepatu nya ukuran 44";senang
Biasa aja;senang
Ukuran 43 kecil bgt gbsa dituker kh;netral
kualitas barangnya ok ,tapi sayangnya kekecilan 😮‍💨😮‍💨;senang
kualitasnya udah baguslah untuk harga segitu, cuma kainnya agak gerah dan nerawang;senang
barang ny oke tapi tolong packaging-nya  woe rawan rusak;marah
Daya tahan pakai: Okee;senang
.;netral
Ok sesuai  harga;senang
Kegedean dikit ukuran L ny tpi gapp;netral
Barangnya sampai pas buka ada jamur nya;netral
belinya putih putih dikirimnya hitam putih;netral
"size beda dari yang lain
Kualitas produk: oke";netral
Saya suka dengan kualitas lokal, tapi menyakinkan, Salam lokal tak gentar;senang
"Bentuk dan ukuran: ok
Daya tahan pakai: desainnya bagus. tp untuk dipakai daily/running kurang, soalnya sepatunya berat jd kurang cocok
Warna: ok";senang
Wanginya seger;netral
bahan bagus,tebel,adem,sayang nya yg putih udh habis,jdi yg dateng armania htm,tpi gpp work it sih🙂;netral
pesen putih di kirim kuning. hadeeuh lain kali kalau ada pesenan jangan langsung di terimaa;senang
Ada seperti jamur mungkin karena lama dalam box tapi barang its ok.. Ini order ke 5;netral
Tidak sesuai pesanan tidak amanah di live di spill giliran di kirim beda warna;senang
"Kita coba sekuat dan tahan berapa bulan? 
Soalnya sering beli hanya tahan 3 bulan sudah mulai... 
Tapi saya suka dengan Brand Aerosteeet😁";senang
Barang mantap, kurir tidak ramah, masa saya yg harus nyamperin;senang
Bagus cuman no 31 nya kecil;senang
oke;netral
oke;netral
Pinggang kekecilan;netral
pas, bahan bagus;senang
Jelek. Sepatu berat kayak besi, terus tinggi banget kayak diganjel batu bata. Pokoknya kecewa.;senang
Bagus;senang
Sulit dan gagal, beli di sini tukar size gk bisa.. Kecewa dan cukup sekali ini blanja di sini;marah
"Kalo kerja tuh yg bener, ntar bosnya bangkrut kalian yg hilang pekerjaan. Admin nya saya minta cancel krn salah pilih ukuran masih dikirim juga.

Kenyamanan sesuai harga lah, tapi QC nya parah, bnyk benang loncat dan ada jahitan yg lepas";sedih
Model menarik tapi sayang slopnya kekecilan dikit;senang
"Ok
Kualitas produk: Ok";netral
Barang OK sesuai foto dan kondisi bagus...cuma packing aja tuh yang seadanya...;senang
barang bagus sih tapi kurirnya minta tambahan biaya 15k;senang
Mantap bosku 👍👍;senang
Panjang cukup tapi kaki ga bisa masuk;senang
Wangii;netral
Bentuk dan ukuran: kebesaran;senang
"Saya sangat suku dengan bajunya
Bahanya adem di pakai 
Pasti bakalan next order lagi";senang
"Saya sangat suku, bahanya adem dan packing nya sangat rapih, jd aman sampai tujuan🙂🙏
Saya kira ukuran 31 sudah bakalan kebesaran 
Ternyata tidak, yg ada seharusnya saya pesan ukuran 32 supaya sedikit longgar di pingganya 
Kalau ada yg mau pesan bb 67 jgn ukuran 31 lebih baik pesan ukuran32";senang
Barang sudah sampai, bagus, aga kotor. Moga awet .;senang
kebesarann wk tpi gpp;netral
Udah co kedua kali nya dan sepatu nya bagus sesuai di foto , cuma ada sedikit yang kureng benang benang nya pada kluar gtu jdi harus di gunting sih;senang
Ya allah demi allah celana nya bagss bangettttt😍😍 tapiiii pinggang nya kecil bangetttt masuk cuma sampe pahaaa ya allah nangiss kok bisa nyiptain pinggang sekecil ituuuu huwaaa😭😭ini mudahan bisa di permakk yaa soalnya sayang bangett bagusss;senang
Agak tipis dari yg warna hitam;netral
Agak tipis dari yg warna hitam;netral
jahitan in sol tidak rapi, ada bagian yang tidak menempel;senang
beli 2 pcs size xxl pas dicoba xxl yg satu beda ukuran dgn xxl satunya;netral
Sesuai lah;senang
sablonan gk mulus ada warna spt noda disablonan nya;sedih
Bagus bahannya lentur jatuh hitam pekat tapi kudu dipermak😭 ternyata bawahnya lebar bgt hem;senang
Mantap beli austin yg datang apa ini;senang
Biasa aja;senang
tutup atas sepatunya kependekan..........;senang
keren;senang
barang sesuai, uk40 lumayan kekecilan wort lah diharga segitu;senang
packing kurang safety, cuma kardus yg di plastik;netral
"Bentuk dan ukuran: Ok
Aroma: Ok
Daya tahan pakai: Ok
Warna: Ok";senang
"Bahan bagus,jahitan rapi lingkar pinggang kekecilan masuk nya dipaksa 
Difermak takut ngga rapi,Jd dipakai anaku deh";netral
Kalo yang obsession bagus enak cuman masalahnya baunya terlalu kuat yang malah buat nih parfum ada bau pahitnya gitu jadi agak kurang sih;senang
"Mohon pelayanannya ditingkatkan karena barang yg saya terima ada sobekan dikit
Selebihnya oke pengiriman baik
Kualitas produk: Baik sesuai pict";senang
Sepatunya bagus;senang
Baik;senang
Baik;senang
Baik;senang
nyaman dipakai, sayang nya kekecilan, utk bahan mudah  luntur;senang
Good;senang
size 44 kecil gak masuk, normalnya ukuran 44 muat;netral
Bagus, hanya sj agak berat sepatunya;senang
"Kebesaran
Daya tahan pakai: Aman
Aroma: Lembut
Bentuk dan ukuran: Kebesaran
Warna: Sesuai";senang
Kurang kerasa;netral
Kurang kerasa;netral
Lumayan sich, cuma agak sempit aja di kaki;senang
Sesuai dengan harga;senang
No 40 biasa nya pas ini malah kegedean dikit;senang
Mantap sesuai;senang
Overall good lah , cuma bagian bawah agak licin;senang
barangnya bagus bgtbgtbgt tapi tulisan aero nya ada yg ngelupas🥲💔;senang
Ini Solan atau bukan yah.;netral
"Ukuran 40 ternyata sangat besar, tidak sesuai dengan deskripsi produk
Ukuran lubang kecil, sehingga susah untuk memasang charm
Bentuk dan ukuran: 40 (terlalu besar untuk ukuran kaki 24 cm)";senang
Cantik dan lucu namun lem mudah copot;senang
Cantik dan lucu namun lem mudah lepas;senang
Bagus, trm ksh;senang
kerennnn;netral
Sepatu baguss tapi sayang yg sebelah kiri iner sepatu gelembung;senang
Sebenarnya aromanya enak seger. Tetapi saya tidak yakin aromanya tahan. Paling 3 jam tahannya ini. Bisa lebih murah lagi sih harganya kalau segitu doang tahannya;senang
Bergamotnya harum tapi wangi nanasnya aneh, wangi kurang lama;senang
Wanginya harum tp menyengat alkoholnya, wangi kurang tahan lama;senang
Nice;netral
bagus saya suka;senang
"Sesuai pesanan
Barang bagus
Ukuran pas sesuai
Trimakasih";senang
sesuai pesanan, ada harga ada rupa. semoga awet dipakai;senang
Payah amat packing paket cuma pake plastik bening doang, gak di bubblewrap sama sekali, dus nya bolong penyok jdnya, untung aja sepatunya aman2 aja.;senang
Bahanya bgs pas di pingang,hanya ga espek sepanjang itu ya aku tinggi 161 masi kepanjangan;senang
Nyampenya lama amatt, barangnya okelah suka. Tapi talinya panjang pendek😭;senang
ini gak mungkin motif kan??;senang
Goddd;netral
Walaupun kekecilan tau udah enak kok;senang
Real pack. Sesuai pesanan. Puas;senang
"Barang yg dikirim tidak sesuai pesanan.
Yg dipesan highwaist cutbtay yg datang skinny jeans..";senang
saya kira tebal hingga tidak menerawang ke dalam.;netral
Sesuai gambar;senang
"Bentuk dan ukuran: Bentuk nya bagus ukuran nya pas....bahan nya Suede...insole dan outsole nya empuk dan elastis....tali sepatunya bagus...jahitan nya lumayan rapi...
Catatan buat produsen : agar lebih di perhatikan lagi detail nya...cuttingan bahan nya...jahitan nya....finishing nya di";senang
Bagus;senang
Agak sedikit koyak/robek sepertinya tidak kena benang jahitan;senang
Agak sedikit koyak/robek sepertinya tidak kena benang jahitan;senang
Bahan nya panas di pakai;marah
produk ga sesuai warna, pertama gw pesen warna putih trus ga ada katanya stok habis lalu yang datang warna biru navy dan itu pun kualitas nya buruk jahitan ga rapi ada koyak di bagian deket tali sepatu pokoknya engga banget deh BURUK banget;senang
Barang yang sampai beda dengan iklan minta hitam polos tapi sampai hitam putih mau konfirmasi pengembalian saja;senang
Ukuran nya salah.kegedean;netral
Tipisss;netral
Bagus,, sesuai gambar;senang
Nice;netral
"Puas sih dengan harga yg afornable👍minus nya di AQ yg TB 157/bb58 ambil ukuran no 32,kepanjangan di kaki dan terlalu tinggi di bagian pinggang.selebihnya pres body.trimakasih seller dan trimakasih kurir yg ramah.
Kualitas produk: Realpic,Stread,serat halus lembut";senang
Luntur;netral
Dapet harga 54 sampai rumah agak kebesaran dikit sih tapi nggak papa sebenernya mau beli UK 39 tapi kehabisan jadi pilih uk 40 pengemasan sangat baik 👍;senang
Barang bagus, recomend..., amanah sesuai yg d foto, ukuran juga pas.;senang
Bentuk dan ukuran: Kebesaran padahal sendal semua 42;senang
Sepatu sangat bagus, cuma agak berat ajaa;senang
Desain bagus suka sekali, cm syg kebesaran, hrsnya downsize ke L/M (pdhl biasa pake ukuran XL utk kaos std);senang
"Bentuk dan ukuran: Pas di kaki
Daya tahan pakai: Blm di coba,, smoga awet smpe 3th
Aroma: Lembut";senang
Merah maron ..tak kira merah cerah .tapi bahan oke;senang
Bagus sayang nya agak berat dan packaging nya engga double box;senang
Baik;senang
L dipake tb 175 bb 61 kecil press bgt;netral
Cakeppppp;netral
yang dateng kekecilan, padahal udah isi bb dan tb sesuai;senang
Sangat baik;senang
bagus bajunya tp ukuran xxl nya masih kekecilan;senang
Tidak sesuai pesanan;senang
Insolenya kurang bagus sih;senang
ukuran 42 kekecilan;netral
ok bagus;senang
celana besar sekali kebawa sama panjang juga untk yg tb 153;senang
ok bagus;senang
Size kekecilan tpi tdk bsa ganti ukuran/size , pelayanan jelek;marah
Sepatu nya bagus cuman minus di pekingan aja kurang aman dan rapi,kardus sepatu nya penyok;senang
Kaos nya bagus. Cuma ada sedikit noda di bagian lengan. Mudah-mudahan bisa hilang sehabis dicuci nanti;senang
cocok dengan harganya;senang
bagussss;netral
"Ko kanan dua"" nyaaa";netral
Sapatunya berat, tapi bahannya oke;netral
Bagus;senang
Gak nyangka size nya gede bgd 😁,, parah nya sii packingan nya Transfaran gtu gak di tutup2,, takut bgd ilang dibawa kabur sama expedisi nya;netral
Kekecilan huhu. Tp bagus celananya;senang
"bgus kainnya juga lumayan tebal sesuai budget 
kerenn bagal langganan";senang
size lebar dan panjang tidak singkron;netral
kekecilan😭;netral
Mantap;senang
design oke, box penyok wajar, isi aman, minusnya hanya di molding sol yang kurang rapih, ntah dari quality check bermasalah atau memang kurang rapih. looks good tpi semoga kualitasny ditingkatkan dari segi kerapihan;senang
bagus,mantapp;netral
"SUMPAH GEDE BANGETT????? 
padahal udah ngukur sebelumnyaa tapi ternyata hasilnya gede banget diluar ekspetasiiiiii";senang
"Padahal udh mengikuti struktur yg ada tpi kok kekecilan , kalau bahannya bagus sih
Bentuk dan ukuran: Bentuk bagus tpi  kekcilan
Warna: Lumayan";senang
sepatunya bagus, nyaman juga lemnya kuat sol nya empuk tapi ada benang yg mencuat sedikit;senang
bagusssss, sangat real pict😍, aku jadi tambah+++ tinggi wkwkwk kirain bawahnya ngga terlalu tinggi. tapi ini bagusss;senang
dari model udah cukup oke sepatu brand lokal ini, tapi coba dibenahin lagi benang jaitnya diguntingin sama lemnya dirapihin lagi biar enak diliat, begitu aja sih kritiknya, semoga bisa dibenahi lagi dan kedepannya makin sukses brand lokal ini ya❗;senang
Hijau nya kaya gampang luntur kainnya, mbuluk gt. Tp mudah2an tidak mudah luntur, karna lagi nyoba warna lain selain hitam, karena baju hitam semua 😂😂😂😂😂;senang
Sukakk sihh, wkakakak.. ukuran sbnre M, tp memang aq sengaja pesan XL pehhh gueedii sekali tp aku sukakk😂😂😂😂😂;netral
"Paket mendarat dngan aman,aerostreet produk nya keren"" Kapan ngeluarin tas?";senang
pembelian utk kedua kali nya 👍;netral
Kualitas produk: Bagus';senang
wanginya masculine gt kirain bakal yang soft, nyegrak banget;netral
pas;netral
good 👌🏻;senang
"masa hrga mehong tp bungkus pas ngirimnya ga effort 

saran buat tokonya lebih effort lg bungkus paketnya jgn cuma plastik bening aja g ada bubblewrap dll nya 

saran jyva buat yg mau beli ssuai ukuran kaki jgn d upsize krna gede banget  dr ukuran biasa";senang
"produk nya sudah bagus munkin cuma di bagian finishing nya yg kurang karena ada beberapa bagian benang² nya belum di rapikan, dan saran aja sih sebenernya bahan yg si gunakan untuk area tali sepatu mungkin bisa lebih baik lagi karena sekilas agak rawan robek saat per geseran tali sepatu
Bentuk dan ukuran: pas
Warna: sesuai";senang
Barang baru sampe tapi ada cacat kaya bekas kebakar selebihnya ok;marah
Bagus;senang
Sepatu sudah sampai...tp ada bagian dalam sepatu yg tidak ke jahit..sehigga busanya keluar...;netral
Ketipu dapet yg begini ga sesuai gambar mahal;senang
Pengiriman cepat, barangnya realpict.harganya murah juga..;senang
Bagus sih , cuman jahitan nya kurang rapih aja;senang
Paket sudah diterima👌🙏;netral
Pas dibadan buat bb 55kg tinggi 160cm;senang
Barang sampai dengan aman, semoga gak kegedean buat bb 65kg tinggi 170an cm;senang
Selama beli di tiktok pembelian ini yang paling terburuk!!! Pengiriman tidak masuk akal 3 hampir 2 Minggu paket baru datang ?!;netral
Sepatu bagus dari segi bahan dan desain sesuai deskripsi di live. ukuran sepatunya pas seperti yang di pesan, dijamin ndk nyesal beli pasti awet sepatunya;senang
Wanginya biasa aja sih, terrnyata 10ml itu kecil banget dan sedikit. Seminggu habis.;senang
Tolong klo ad paket dikirim dulu ke wa saya jgn asal kirim ke orang lain!!;netral
"Ukuran tidak sesuai dg tabel jdinya kekecilan,turun satu ukuran
Next di update lagi size nya.";senang
Tulisan ukuran nya xl Pas barangga kelewatan besar ukuran nya;senang
Celananya kekecilan, kemarin saya beli yang warna coklat ukuran 30 ukurannya pas saya beli lagi yang warna cream ukuran 30 malah kekecilan;netral
"Sepatu nya jamuran
Ukuran 40 nya kecil bget di pake ngepress bget di kaki";netral
bgus;netral
Bagus;senang
Barang bagus no minus, , cuma kesalahan dari host live,a doang di kasi salah ukuran, selebihnya bagus;netral
overall oke sih, tp yg size ini ko kaya L ya?? kecewa dikit;marah
Sedikit becak lem;senang
Beli 3 produk gadapet 1 pun stiker ,emang dari tokonya gamau ngasih atau kelupaan?;senang
Nomer 32nya ternyata kecil;senang
salah pesan cok tapi bagus kok;netral
𝐵𝑎𝑟𝑎𝑛𝑔 𝑛𝑦𝑎 𝑏𝑎𝑔𝑢𝑠 𝑐𝑜𝑦;netral
Memang harga tidak pernah membohongi kualitas, belum seminggu udah lepas lem nya 😅😅 salah satu sepatu lokal yg amat sangat tidak recommend 😅;sedih
Bagus;senang
Bagus tapi ada nodanya huhu;senang
wangi;netral
jahitannya masih keluar tapi udh bagus;senang
Barangnya sampai dengan selamat tanpa ada cacat dan nyaman sesuai deskripsi. Hanya saja, barang ditahan sama kurir SiGesit atau sicepat sehingga tidak sampai ke rumah dan saya sendiri yang harus samperin ke gudang untuk ambil sendiri;senang
Barangnya sampai dengan selamat tanpa ada cacat dan nyaman sesuai deskripsi. Hanya saja, barang ditahan sama kurir SiGesit atau sicepat sehingga tidak sampai ke rumah dan saya sendiri yang harus samperin ke gudang untuk ambil sendiri;senang
Barangnya sampai dengan selamat tanpa ada cacat dan nyaman sesuai deskripsi. Hanya saja, barang ditahan sama kurir SiGesit atau sicepat sehingga tidak sampai ke rumah dan saya sendiri yang harus samperin ke gudang untuk ambil sendiri;senang
Kekecilan;netral
"mantap barangnya sesuai
tapi sangat disayangkan bungkusnya cuma plastik tipis yg berpotensi bisa rusak barangnya.";senang
Sol licin spon ketebalan;senang
Bahan bagus, tapi kok ada noda mengganggu;senang
Bgus bget pi 38 agak kcil;netral
bagus bahan lembut, UK pas👍👍;senang
Standar;netral
Not bad untuk brand lokalnya dengan harga segini;netral
Enak dipakai daily;senang
setelah pemakaian 3x, celana sobek seperti bahan sudah lama.;netral
Minus di bagian lengan nya terlalu pendek;netral
Sesuai dengan hargaa;senang
Beneran barang nya sesuai klw bisa mh yang sering beli ukuran l harus ngambil XL biar pas cocok;senang
Ukuran;netral
Jahitan celana miring gak lurus lipetan celana nya;marah
Wt gw kira dapet printilan² kek stiker ucapan terimakasih tau nya sepatu doang tapi bagus sihh lumayan;senang
Barang bagus,tapi ukuran lebih kecil dari ukuran sepatu biasanya;senang
keren & nyaman;senang
Pas;netral
kecewa, waktu 2023 pernah beli box nya di bungkus lagi, sekarang langsung box nya cuma di kasih plastik, jdi rusak kayak gini;marah
Nice;netral
Kesini2 sekarang bahanya tipis dan gk kaya dulu talinya juga yg murahannya beda yg dulu tebel premium;senang
"4 dlu semoga awet yaaaak
Suka banget 😘";senang
Bahan kain cukup lembut, kurang memuaskan sama hasilnya, Bb 60, tb 157, bagian pinggang masih sempit kalau duduk sesak, masih kepanjangan.;senang
Kaos bahanya sesuai di fto;senang
Bordirannya bagus, nyaman dipakai, tapi bulu-bulunya rontok bagaikan dandelion. Ramainya war biasa. Next time gunakan bahan yang ga rontok bulu-bulunya. Sampai kaget gw pas buka baju. Rontok semua we.;senang
less satisfied 😞;netral
Kuwalitas barang sesuai harga;senang
Bagus kak;senang
Bagus kak;senang
Bagus .buat bb 68 pinggangnya kecil pas di  pk hrs di pksa bgt klo pas di pke krg nymn krn pertku gd😭;senang
pas sih tapi keknya lebih bagus ambil M jadi keliatan oversizenya ini jadinya bkn slimfit bukan oversize;senang
Baik;senang
kualitas barang bagusan yg lama, entah kenapa yg baru ini kek lebih kaku aja trus warnanya juga beda rada gelap gtu. tapi semoga awet juga kek yang lama;senang
Pas udah checkout dihubungi admin blg produknya habis,, dengan terpaksa ganti yg warna lain krn udah gak bisa cancel order..;netral
bagus n nyaman ini pembelian ke 3;senang
Produk oke & sesuai. Toko juga gercep memproses pengiriman barangnya. Yang bermasalah adalah ekspedisi SiCepat. Baru kali ini pesan barang untuk dikirim ke Surabaya tapi nyampenya 6 hari setelah toko memproses. Iya sih gratis ongkir, tapi baru kali ini barang telat nyampenya parah. Dan ternyata nggak cuma paket saya aja yang telat nyampe, paket orang-orang (dari toko lain) yang apes kena SiCepat juga alami kerugian yang sama. Entah pihak Aerostreet atau pihak Tokped yang punya wewenang untuk pilih layanan ekspedisi, berharap nggak pakai SiCepat lagi.;senang
superr mewah mantap min;senang
Bagus udah 2 kali beli dan suka;senang
Produk Bagus, Sesuai Harga Sayang di dalam sepatu bagian ujung dalamnya ada potongan yang tidak rapi jadi Waktu di pakai ada benjolan yang bikin kaki kurang nyaman;senang
fast respon good luck;senang
Tipis y;netral
bagus sih tapi minta size 42 malah yang dateng 41,tpi masih muat walaupun nge press di kaki;senang
Ok;netral
Ik;netral
"Sepatunya bagus, tapi ada yang sobek dikit depannya
Ukuran pas";senang
Keren murmer;senang
👌;netral
"Tb 151 bb 56. Kebesaran banget dan kepanjangan sekali..
Kualitas produk: Sangat bagus bahan melar halus";senang
Kebesaran untuk tb 151 bb 56 dan panjang;senang
Bagus;senang
Good;senang
"Sepatu nya berat bgt terus banyak banget jaitan jaitan yg benangnya keluar keluar quality control nya tolong diperbaiki terus tali nya tuh banyak buku bulu nya kalau disikat makin ancur tuh 
Tapi EMG murah sih mau gmn lgi";senang
"Sepatu bagus harga segini sangat cocok banget buat di pakai daily maupun saat ada event khusus, barangnya oke, packingan nya juga rapih, tapi sol bagian belakang yang saya dapat kok kotor atau kurang bersih, ini sudah saya bersihkan tetapi masih ada bekasnya, sebenernya tidak masalah sih
Bentuk dan ukuran: 43
Warna: Putih";senang
Bagus;senang
Bagusbaguss;netral
Bagus;senang
Kata aku mah wanginya lebih ke cwo;senang
Sepatu nya kotorl;netral
Bagus juga sepatunya cuman ada nodanya sedikit disepatu;senang
Niatnya mau dukung produk lokal, taunya servis simple seperti tukar barang kalau ukuran salah aja enggak ada (padahal tag masih ada).... kalah sama brand sebelah. Pengiriman lambat, bahannya standar sesuai harga;senang
Niatnya mau dukung produk lokal, taunya servis simple seperti tukar barang kalau ukuran salah aja enggak ada.. kalah sama brand sebelah;netral
Niatnya mau dukung produk lokal, taunya servis simple seperti tukar barang kalau ukuran salah aja enggak ada (padahal tag masih ada).... kalah sama brand sebelah. Pengiriman lambat, bahannya standar sesuai harga;senang
Barangnya bagus sesuai di gambar dan pengirimannya pun cepat;senang
Bagus;senang
Untuk BB 54 pas tapi kalo untuk TB 155 kepanjangan jadi harus dipotong;netral
Bagus bahannya;senang
Nyaman dipakai;senang
Bagus;senang
Dikira size L bakal pas gataunya ini size Luar jd gede yaa bahan mah bagus banget ini ,;senang
Untuk kualitas Hoodie sih bagus,tapi pas baru buat nyobain saya coba saya gatau awalnya kalau bakal ada serambut hitam banyak bgt dan ga bisa ilang,pada nempel dibaju putih semua. Kacauuuuu,sampai dicuci pun tetep itu yg hitam2 kaya benang atau serambutnnya gabisa ilang,cape bgt. Gimana mau dipake;senang
keren sih;senang
kerahnya kayak orang ga makan seminggu, lemes banget, bahan lumayan;senang
bahan lumayan, pengiriman standar, kerahnya agak tebel daripada yg putih;senang
terima kasih barang aman sampai tujuan;senang
ukuran lebih/sangat kecil dibanding ukuran yg disampaikan di  diskripsi. tidak boleh ditukar;netral
Tidak sesuai deskripsi, ukuran XL..51 cm, Kaos tidak bisa tukar;senang
Kainnya halus lembut, kayak barang mahal, dan udah ripitorder lagi buat temen;senang
Sdh datang pktnya , bagus bgt;senang
Bagus;senang
Bagus;senang
Bagus;senang
"Xl nya agak pa jang kebawah
Kualitas produk: Bagus, keren 😎😎😎😎";senang
motif yg d psan ama yg dkrim jauh beda;senang
klu motipx g ada hrusx ada pmbritahuan;netral
"Sangat"" Bagus sendalnya😋";senang
QC joz;netral
QC Nya jozzzzz;netral
Warna: coklat tua;senang
bagus;senang
Terimakasih pesan sudah sampai, packing aman, barang sesuai, pengiriman lumayan cepapat. Next bakal jadi langsung sih………..;senang
Terimakasih pesan sudah sampai, packing aman, barang sesuai, pengiriman lumayan cepapat. Next bakal jadi langsung sih………..;senang
Sesuai deskripsi, mantep si brand ini ga di ragukan stdnya 🔥;senang
bagus tapi panas pas dipake;senang
kecil;netral
Ga sesuai ukuran chart, kebesaran 1 nomor;senang
Bagus, tapi lain kali tambahin table  ukuran min, biar tau ukuran berapa aj pas nya, tapi masih oke gede dikit gapapa lah👍🏽;senang
bahan oke, sesuai dengan harga. Size pack di bagian betis agak ketat, mungkin next bisa lebih baik.;senang
Luntur parah;netral
Nyaman;senang
Jika ada yg lbh tebal, lebih panjang walau lebih mahal gpp pasti sy beli lagi;netral
Jika ada yg lbh tebal, lebih panjang walau lebih mahal gpp pasti sy beli lagi;netral
"Suka dg modelnya, warna, outsol empuk dan tdk berat.
Masukan : insole dibikin bagian kaki belakang (jawa:tungkak) lbh tebal spt lbh menopang krn insole existing hanya flat sj bentuknya, tp overall insole sdh lbh tebal.
Outsole sebagian msh belepotan sedikit tdk bersih.
Ok sih scr keseluruhan";senang
Bentuk dan ukuran: Pas;netral
👍;netral
Barang bagus tapi,saya pesan untuk moncong sepatunya, tolong jangan terburu buru buat nya, saya pesan serapih mungkin, jangan sampai nyengsol sebelah;senang
saya beli 2 yg ukuran L tipis bgt warnanya gaputih bgt jelek pokoknya beda sm ukuran S;marah
Bagus cuma agak gk muat.;senang
Udah pernah beli ukuran 42 karena sesuai panjang kaki, tapi kaki nggak muat masuknya. Akhirnya beli yang ukuran 44. Alasnya udah kepanjangan, tapi kaki masih susah masuk. Talinya kekecilan.;senang
Bagus lucu;senang
"Bentuk dan ukuran: Pas
Warna: Sesuai";senang
Bagus lucu;senang
"Bentuk dan ukuran: Pas
Warna: Sesuai";senang
Sepatu pilihan dari dulu emang ga pernah gagal;sedih
Sepataunya bagus sesuai sama foto kualitas nya juga bagus tapi buat keamanan pengiriman nya agak kurang aman;senang
Barang jelek,jaritan tidak rapi, benangnya kurang rapi. Jangan beli produk ini;senang
lebih tipis dri artikel yg sebelumnya kubeli sih pdhal udah sama platformnya tp lebih tebal yg sebelumnya;senang
Mantap;senang
bagus tapi finishing kurang mulus;senang
"Saya kasih bintang 2
Karna kaos nya bolong dan ada bercak putih seperti ketumpahan lem korea
Lain kali lebih hati2 saat packing pastikan barang yg mau di kirim sudah benar2 bagus dan layak di kirim
Perdana belanja di toko ini
Langsung kecewa";senang
Bahan tidak meresap keringat;netral
...;netral
Gc sesuai mesen warna hitam semua yg datang warna lain ini keranya juga kayak gini gc sesuai gambar buruk sekali;senang
agak kusut pas dikirim;netral
Packing nya kurang bagus,pas sampai paketnya basah;netral
Pengiriman cepat;senang
Bagus sih tapi size 30 untuk bb 58 tb 150 kebesaran weih mesti nya pake size 28 inimah padahal biasanya pake size 30;senang
Bagus;senang
Ukurannya pas tp aga berat ya sepatunya;netral
Ukurannya pas tp aga berat ya sepatunya;netral
Mntap;netral
mantap model nya cocok bingits;senang
packingnya jujur aja bagus, rapih, eklusif banget...untuk perfume nya sendiri wanginya enak hanya di ketahanannya saja;senang
Nyaman,bagus pula;netral
Lumayan. Size 42 kekecilan. Pake 43 malah kepanjangan;senang
Lumayan. Size 42 tapi kekecilan.;senang
Oke juga bau nya , smoga tahan lama;senang
Gede pdhal sizenya n cm biasanya sgitu aku;senang
Kualitas produk: Lumayan;senang
Kualitas produk: Lumayan;senang
Kualitas produk: Baik;senang
Ada noda kotor sedikit;senang
"Barang oke
Kekurangan cuman di jahitan dan paling parah di comfort nya... Itu lem apaan njir kok gampang ngelupas";netral
2x beli dsini;netral
Wow asli keren rekk;senang
ukuran baju yg d kirim L tapi tertulis dipackagingnya nya M, ordernya ukuran M jadi tdk tau mana ukuran yang benar;senang
Mantap;senang
Baunya ga enak;senang
Lem nya agak kurang maksimal, jadi kurang menempel, semoga kedepan nya di perbaiki kembali;senang
"tip
Kualitas produk: tipiss";netral
"Untuk kualitas parfumnya ga sesuai sama harganya 
Klo kualitas nya kayak gini bukan extrait de parfum ini mah, klo untuk harga ga sesuai hampir 100k an seharusnya harganya 15k udah cocok itu klo 90k kemahalan oi ga sesuai kualitasnya";senang
Kwalitas ok;netral
"lumayan bagus worth it dg harga segitu, tapi memang bobot berat.
jujur";senang
Lumayan bagus;senang
Bagus poll👍🏻;senang
Mantap;senang
bagus sih kaka, cuman sole nya ini gak akan lepas kan, soalnya saya lihat nya cuman sole nya itu jahitan karet;senang
Bahan nya bagus tapi ada sedikit noda di bagian depan;senang
Bagus;senang
Kmrn beli yg kuning,skrg warna biru cakep jg dan keren,suka sekali sama produk aerotreet;senang
"Beli awal April, dan kesan super baik. Bahan cukup adem dan ukuran oversize bikin baju nyaman digunakan.


Saat ini akhir April dan setelah beberapa kali penggunaan, beberapa bagian baju kainnya sudah mulai muncul bruntus kasar walau pencucian dengan mesin cuci sudah menggunakan mode pakaian halus atau disimpan dalam laundry bag. Sedikit kecewa tapi semoga bisa diatasi dengan lint remover.";senang
Kebesaran;senang
Bagus;senang
"Ukuran telapak ud sesuai sama di deskripsi, tp pas dateng kekecilan... Mnurut aku penjelasan di live ga wort it kak..
Bagus tp percuma jg sih gamuat gt kan";senang
Maaf menurut saya masih yang hitam kualitas kainnya yang lebih bagus dan ukuran pas. Kalau yang putih agak lebih longgar sedikit. Tapi kalau untuk kualitas sablonnya mantap. Mudah-mudahan awet..;senang
packing gak aman kardus sepatu kebuka;senang
salah kirim,malah dikirim autumn,next yg bener;marah
kekecilan kak padahal size 42;netral
ada bagian yang kotor, tolong crosscheck kembali sebelum barang dikirim;netral
bajunya kek luntur gitu warnanya gak hitam gelap putih putih gmna gitu😌;sedih
Mayan;netral
tebal dan sangat bagus;senang
paket yang datang warnanya tidak sesuai dan ukurannya yang ke gedean;senang
"Apalah pesanya 44, datangnya 43
Kebiasaan aerostreet KOCAK";senang
Ya lumayan dengan harga segini;senang
Mungkin packaging saat pengiriman bisa ditingkatkan lagi;senang
Parah pesan biru.di kirim putih;netral
Bagus;senang
Tidak sesuai dengan ukuran yang saya pesan;senang
"Tolong.. lain kali pake bublewarp biar ga rusak dus nya, trus ke sendal nya juga aman jdi g penyok""";netral
Bagus;senang
Baguss;netral
Bagus pas;senang
Bagus;senang
Agak kecewa karna ada yg sompel di telapaknya;marah
Good;senang
kecewet bet anjrr,padahal baru beli dann mau pake tapi sepatu nya ada noda2pink gituu terkesann kayaaa kotorrr, pdahal mah blom di pake, gatau deh ini lunturr dari warna sepatu nya atauu apa, aseli nyaa lebi keliatan noda nya hmm😥😥😥;sedih
wangi parfum biasa saja;senang
wangi parfum biasa saja;senang
wangi parfum biasa saja;senang
wangi parfum biasa saja;senang
"Barangnya bagus
Pas,tapi agak panjang untuk ukuran segitu di TB 156";senang
Box nya gak dikasih bubble wrap,alhasil penyok,padahal box nya juga dipake buat koleksi;netral
untuk harga segini oke lah ya;netral
Bhnnya bgus adem next order lagi 🥰;netral
Bagus;senang
Sepatunya sangat berat, tidak recomended menurut gua;senang
"TIDAK SESUAI PESANAN, KECEWA
pesen MAXIMO dikirim BROOKLYN";netral
Good;senang
Lumayan lah cuma aga kotor kaya barang lama gtuh;senang
Cakep pol;senang
Baik;senang
Ok;netral
-;netral
Bgus bbget;netral
Bgus bbget;netral
"Bagus tapi berat sepatu nya
Sama tali nya jelek";senang
"Kecil smua
Size nipu";netral
Kecil size nipu;netral
Kecil size nipu;netral
Jahitan jelek, beli warna abu-abu yang datang warna coklat.;marah
Ukuran pas di kaki 40. Pesan disini ukuran 40 ternyata kebesaran. Tapi gpp lh;senang
Sering order disini. Ukuran no 30 pas. Eh pesan celana cargo no 30 malah kebesaran. Gpp lh;senang
bahan enak, ukuran pas, rasanya tawar;senang
ini pmbelian kdua aku dsini..tp yg kedua ini kecewa bgt parah..ukuran kaki suamiku 41, sblm ngorder aku jg ngukur kaki sama sepatu suami aku dan ukurannya tuh 26,6 di deskripsi jg tertera 26,6 yg uk 41, tp pas nyampe malah kekecilan.sempit bgt..malah kata suamiku kanan sempit pol, kiri agak lumayan;senang
Barang sdh sampai dgn selamat,,, tpi ukuran 40/26cm sya kira kbesaran, tpi ini agak kekecilan, jdi ngepress bgt;netral
Oke;netral
Oke;netral
keren lah pokoknya, cuma di bagian sol ada benang seperti di gambar;senang
Saran utk pembeli, selalu video unboxing. Kebiasaan, sering kirim yg salah ukuran. Kirain udah berubah ini toko, saya main unboxing aja, yg dikirim 2 size lebih kecil 😭;senang
bagus banget;senang
dari penjual dan admin Toped bermasalah, penjual sudah dikasih tau ukuran saya tidak cocok tp gak ada itikad baik untuk Penukaran barang dan untuk admin toped mereka hanya melindungi penjual harusnya kan pembeli yg jangan sampai dirugikan, hati2 berbelanja disini penjual tidak ada hati.;senang
kebesaran;senang
Bentuk dan ukuran: Keren,, udah pas.🔥;senang
Bagus bajunya, ayah saya suka 👍;senang
👍;netral
bahannya bagus tali spatunya pebih pendek dari spatu di toko;senang
Bagus tp ukuran agak kekecilan. Pengiriman lama;senang
Bagus tp ukuran agak kekecilan. Pengiriman lama;senang
Bagus tp ukuran agak kekecilan. Pengiriman lama;senang
bulu didalem gampang rontok, jadi pas kaki dimasukin item semua tu kaki kena serbuk bulu;netral
Ke2 order parfum dan suka harum next pasti order lagi thank u;senang
Sendalnya bagus dan nyaman .;senang
size XL ternyta kebesaran 😅;senang
"Paket sudah diterima sesuai pesanan.
Bentuk dan ukuran: Ukuran Pas sayangnya agak berat dan tidak empuk tapak atau solnya. Lainnya cukup lumayan.";senang
Setelah menyadari klo baju baju yang sebelumnya udh dibeli kerahnya jadi aneh ketika dipake berkali kali... Berharap yg ini gak jadi aneh kerahnya;senang
Barang tidak sesuai warna yang di order.;senang
Okee banget bajunya;netral
Okee 👍;netral
"kalo pengiriman aman bgt
kalo soal parfumnya, wanginya kayak parfum murah";senang
"kalo pengiriman aman bgt
kalo soal parfumnya, tidak familiar sama wangi ini, agak aneh buat saya";senang
Baik;senang
Bahanya aga tipis ya kaya 30stapi wortihlah harg sgtu mah;netral
agak tipis ya, kmren pas beli pertama bagus kaosnya tebal;senang
Kemaren kekecilan sekarang cukup;senang
ga sesuai deskripsi, menurut ku masih ga cocok buat daily perfume;senang
ga sesuai deskripsi, menurut ku masih ga cocok buat daily perfume;senang
Sepatu lumayan bagus..ukuran dan warna sesuai pesanan;senang
Yyyyyyyyyy6yyhhhhjkkkgffds;netral
Lumayan sesuai dgn harga segitu👍;senang
semoga awet aroma ny;senang
baru pertama semoga awet aromanya;senang
Josssss;netral
modelnya pas untuk harga segini walaupun ngepres untuk badan 178 BB 69 (saya ada merek Emba 32 dan engga ngepres). bahannya agak panas juga. kembali lagi harganya cuma segini;senang
tidak sesuai apa apa nih kotak penyok koyak rusak di tambah lagi sepatutnya bernoda gini;sedih
wanginya ko kurang awet ya lagi pertama beli awet ko yg ke 3 kalinya kurang awet;senang
"Bentuk dan ukuran: agak besar saya kira bakal pas di ujung kakinya
Warna: sesuai dengan foto";senang
bagus tp ada noda sedikit di sepatunya but gapapa;senang
Ya ya ya;netral
Barang tidak sesuai masalah ketebalan cotton plecee nya terlalu tipis ,tidak seperti yg Aerostreet yg Saya beli,;senang
bagus sih tp ada bagian yg ga rapiii,tp tetep bagus kokk;senang
Bagus. Tapi sayang lama2 melar bahannya;senang
Bagus;senang
Udh pengen beli lama. Masih ragu takut ga muat. Akhirnya berani CO ternyata uk pesanam pas;senang
Bagus. Keren pas;senang
Bagus, pas dipake;senang
Barang sesuai meskipun ada sedikit kotoran. Mantap heels nya pun tinggi;senang
bagus;senang
bagussss;netral
kebesaran slh ambil UK harusnya m tpi gpp ttp bagus and suka aja sama kaos nya;senang
Bagusss banget sepatu nyaaaa 🤩 pengiriman cepat, pokoknya best deh, tapi untuk ukuran 39 yang biasa  nya cukup di aku di sepatu ini lumayan agak gede, berarti nanti harus agak dikurangin satu nomor lagi kalo mau beli;senang
Keren banget pas makasih, pekiknya rapi banget;senang
Pas;netral
Bagus 👍;senang
meskipun harus ganti model dan warna,tapi masih worth it lah dengan harganya;senang
Sebelumnya pernah beli produk yg sama, makanya skrg beli lagi, cuma kok sizenya jauhhhhhh bedaaa yaaa....pdhal di box dan di sandal tertulis size 42 ini gmn bisa beda bgini yaaaa;senang
Yaaa harga segini lumayan laah. Sol nya tebel tp berat cuy. Diluar ekpektasi yg gue kira bakalan ringan. Mungkin ada aerostreet tipe lain yg lebih bagus dr yg brooklyn ini. Over all sih udh cakep;senang
Wanginya tahan lama;senang
minus ada noda;sedih
Lumayan bagus, cuma tali kancingnya mau lepas;senang
bagus;senang
"Pengiriman lama banget banget banget pokoknya
Kualitas produk: Sangat sangat tipis";senang
"Proses pengiriman waktu itu ada kendala ""Gagal"", sempet panik tpi besoknya langsung proses kirim lagi dari pihak jasa kirim.

Fisik box bagian depan bolong seperti di video, kesampingkan box yg bolong.

Alhamdulillah sepatu aman dan bagus, puas sama produknya 👍🏻";senang
Pesen warna apa yang di kirim warna apa , kalo ga ada stocknya yah kosongin dong jangan orang bisa pesen udah pesen bilang mau di ganti warna;netral
Pas;netral
"Produknya baguss & sedikit kotor karena
Packagingnya sangt tidak aman + pengirimanya sangat² lama padahal ga po :(";senang
Bagus sesuai pesanan;senang
"Bagus 
Warna keras 
Ukuran pas";netral
kekecilan ternyata gaes.. kemarin beli uk 36 kegedean.. sekarang 34 kekecilan. wkwkw;senang
Cek out yg ke 2;netral
Kakinya Hary Potter agak tipis;netral
Kakinya beda agak tipis;netral
manteppp tapi ada beberapa beberapa kekurangan nya yaitu bahan yg kelebihan jaitan yg kelebihan ga di potong;netral
Barang sudah saya terima ka terima kasih;netral
Barang sudah saya terima ka terima kasih;netral
Mantap;senang
Untung ga nurutin saran host pas live,untuk bb 52 bb 150 d saranin uk 28 aku up jd 29 aja itupun pas banget bagian perut nya klo uk 30 pasti lbh nyaman pakenya over all bgs👍;senang
bagus;senang
Pengiriman cepat bgt dan sepatunya cakepp;senang
"Keseluruhannya sih bagus ya, cm menurut aq sepatunya agak berat, sama jahitan (sisa benang) masih byk yg tertinggal, jdi kurang sempurna aja jatuhnya..
Bentuk dan ukuran: Baguss
Aroma: Baru
Daya tahan pakai: Belum di coba
Warna: Sesuai foto";senang
Kureng;netral
bagus bngt;senang
Barang ORI... Mantap terimakasih;senang
untuk orang yg suka bunga²an cocok sih ini;senang
Tergantung selera aja, diaku enggak cocok wanginya;marah
Kurang suka dengan wanginya, tapi ini selerea aja sih;senang
Tak kirain putih ternyata abu2;senang
warna tidak sesuai foto, di foto terang aslinya agak tua mungkin karena cahaya;senang
Bagusss;netral
Biasa;senang
ini wangi orange nya dibelah mana? sama sama meleset dari ekspektasi saya... aaarrrgghh sedih;senang
wangi nya manissss banget sampe kepala puyeng... kenapa ini?? padahal ekspektasi saya besar...;senang
wangi nya aneh... kurang sukaaaaa... aaahhh sedih;netral
"Agak kecewa sich, saya buat catatan 1 ukuran 39. Yg datang malah dua duanya ukuran 40.
Dan ada beberapa bagian jahitannya gk rapi.";netral
agak kegedean tapi ok;netral
Bagus;senang
bagian bawah terlalu kecil, dan cepat berudul bahannya;netral
"Bahan lembut nyaman dipakai
Tapi knpa ga dapet bonus apa gt stiker apa key chain";senang
Bagus sih ,cuman penutup kaki bagian atas nya aga tipis, saran aja min ,agak di tebalin dikit lagi;senang
8/10 sih;netral
Kualitas produk: bagus;senang
Harga tidak sesuai dengan barang nya;senang
Produk bagus sayang agak kekecilan;senang
Bgus;netral
Produknya jelek, warna kurang pekat,sablonannya baru d cuci sekali langsung ngekrek, klo untuk bhan lumayan tapi bandingin sama baju Q yg lain, yang harganya dibawahnya masih bagusan baju Q.;senang
Masih banyak bagian yang kurang rapi bahkan ada yang bagian yang ga presisi;senang
mantap;senang
mantap;senang
mantap;senang
Good;senang
Good;senang
Good;senang
Good;senang
Bagus barang sesuai;senang
"Mantab
Cuman agak tipis dikit";netral
Biasa aja si untuk harga 100 ribuan. Cuma ok la;senang
Sendalnya bagus.... Cuma kecil di bagian dpn tdk bisa masuk kaki;senang
Bahan engga seperti biasanya;senang
"Terima kasih untuk pelayanannya yang gercep.

Testimoni:
- Sepatu looks nya oke banget
- Cukup nyaman ternyata pas dipakai

Hal-hal yang perlu dikembangkan/perbaiki menurut saya (sebagai konsumen awam):
- Kualitas finishing
- Presisi antar sepatu

Kesimpulan:
Saya rasa produk buatan Indonesia dengan harga terjangkau seperti patut didukung. Secara keseluruhan tidak ada kekurangan/minus yang parah banget atau keliatan banget. Nyaman juga untuk dipakai. Semoga Aerostreet semakin berkembang dan bisa lebih baik lagi produknya.";senang
Kualitas sesuai harga..sepatu nya berat;senang
ini pembelian ke-2, waktu pertama beli ukuran 32 warna navy dan ukurannya sesuai, pesan lagi warna hitam ukuran yg sama tapi ukurannya besar bgt (setara ukuran 34-36) dibagian pinggang paha dan selangkangan, kalo beda2 dikit okelah tapi ini ukurannya beda jauh;senang
Enak d pake...melar nyaman...cuman resletingnya aja yg sdikit bkin was²...;senang
Enak d pake...melar nyaman...cuman resletingnya aja yg sdikit bkin was²...;senang
paket di terima, sayangnya model nya ga pass, tb 163 ambil ukuran M, kekecilan;senang
Puas;senang
ok;netral
Bagus semua, cuma agak kecewa warnanya lebih ke Burgundy dari pda maroon;netral
"Bentuk dan ukuran: press di kaki aku yg panjangnya 25cm
Warna: putih";netral
Produk kekecilan boss...saya biasa pakai 39 tapi GK muat ini...mohon maaf.;senang
Lumayan aja ssuai hrga;senang
Mntap;netral
Bagus,pas dan nyaman dipakainya;senang
sayangnya gak rapi pengguntingannya;senang
"ga bagusss!!! 
pesanan ga sesuai sama yg gw pesan, pdhl uda req di cht, tp tetep aja ga sesuai. 
mau bahannya bagus kek gw gapeduli, kalau pesanan nya ga sesuai sama yg gw pesan tetep rate jelek buat ni toko, kalau emng barang dah habis tu gausah d li taro di etalase, gajelas bgt, ga Terima bgt gw";senang
Kurir nya amanah;netral
Y;netral
Beli warna hitam datang warna merah;netral
"Barang nya sudah sampek tapi kok ada spot"" yg kotor, terus jahitan nya kok rada kurang bagus";senang
Nggak sebagus + tebel kaya produksi lama, jujur agak kecewa sama produk yang sekarang;senang
lembut,adem ketebalan kain lumyan tebal, kwalitas sesuai harga;senang
adem,lembut cuma agak tipis sesuai dengan harga.;senang
Produk yang dikirim dengan yang di pesan berbeda, dan seller tidak konfirmasi;netral
Nice;netral
hrsnya sih bintang 5 cuma niatnya ini mau ak ksi kado ultah ke cwoku eh keburu putus dluan :( , jd bintang 4 dlu ya but overall ok bgt worth it to buy, tysm🙇🏻‍♀️👍🏻;senang
ada lem yg copot copotan pas dipake;netral
Keren sesuai gambar;senang
barang oke;netral
Barang sesuai pesanan,cm ujurannya aja agak besar pd hal sama size sebelumnya;senang
"Berdasarkan petunjuk Size harusnya Pas, rupanya malah sempit, 😔😔😔
untuk tampilan dan kwalitas baik";senang
Lumayan;senang
next beli lagi di sini;netral
Kebesaran s nya;senang
JELEK G SESUAI GAMBAR;senang
JELEK GA SESUAI GAMBAR;senang
Sayang ada noda2 di sepatunx... Dan tidak bisa hilang... Yah sesuai harga promo... Terima kasih;sedih
gacocok ama gua gua laki sepwtu style cewe;netral
"saya sudah beli 6 pasang sepatu aerostreet yaitu:
osaka, vintage, comfy, brave, massive, hoops

semuanya bagus

diantara ke-6 sepatu tsb yg paling tidak nyaman dipake hoops. kalo lagi dipake rasanya sepatu tidak mencengkeram kaki dengan baik";senang
Tipis;netral
Seperti sudh terpakaii dibelakang  bokong melar;netral
Bahan oke,tpi dikirim gasesuai pesanan,barang gda stok jdi dikirim dari rekomendasi sendiri tnpa persetujuan dari pembeli.;senang
"Kain bagus 
Adem";senang
Sepatunya baguss bngttt, tpi ada bercak hitamnya 🙏;netral
Kwalitas nya 💯% mantap, tpi mines diwarnanya kaya warna cewe🥲;senang
mantap sih cuma aturan saya ambil L malah ambil M alhasil rada sempit 😌;senang
bagus bgt cuman kotor dikit;senang
Jaitannya ga jelas;senang
Jahitannya ada kurang rapi tapi udah okeee;senang
Sepatu ny udh datang,,,alhmdulilh bgus,,cm sayang pekingannya udh terbuka;senang
Bagussss;netral
tidak pas utk yg punya kaki lebar ..;netral
Naise;netral
Bagus;senang
sesuai pesanan,pengiriman juga cepat;senang
Sepatunya sangat berat, kurang nyaman dipakai jalan jauh. Agak sempit padahal pesan sesuai ukuran.;senang
Bahan adem;netral
Bahan adem;netral
Lumayan Oke dan bru pertama x make aero;senang
bahan nya bagus tapi ada sedikit bolong;senang
Baik;senang
Bagus dan awrt;senang
Bagus dan awet;senang
Bagus kaosnya bahan temel adem jyaman dipakai;senang
"Bentuk dan ukurannya bagus nyaman 
Solnya enak di pakai berjalan ringan terima kasih";senang
baru dicoba 1x udah copot aja;netral
Lebih teliti, saya pilih M, di kirim XL;senang
sepatunya agak kotor sedikit;senang
Bentuk dan ukuran: pas;netral
mines berat;netral
size nya biasanya 40 kegedean, ini malah kekecilan;senang
Bagusss;netral
Harus menurunkan 1 nomor, kebesaran kalo sesuai dengan nomor;senang
Bagus;senang
Bagus dan keren desainnya bikin makin PD tapi mon maap agak sedih ketika hari ini order kemudian lihat harga besoknya turun dengan diskon yang lumayan 🥲🙏🏻;senang
Kemeja kotor ada bercak2nya;netral
Packing dan kemasan bagus untuk aroma sesuai harga;senang
"wangi nya cowok  parah, khususnya black leather 
bakal cocok ini sama wanginya.";senang
"wangi nya cowok  parah, khususnya black leather 
bakal cocok ini sama wanginya.";senang
"wangi nya cowok  parah, khususnya black leather 
bakal cocok ini sama wanginya.";senang
Tidak sesuai gambar;senang
Recomended banget,realpict gak bakalan nyesel kain cukup tebel & halus dengan harga 130an,pas di saya bb 60 tb 159 👍👍👍👍👍👍,langsung pesen 2,pengiriman super cepat,check out sabtu,senin udah nyampe aja;senang
Realpict,gak bakalan nyesel check out celana aerostreet bahan cukup tebal&halus dengan harga 130an menurut saya recomended dengan packing mewah ada box nya,pas di aku bb 60 tb 159  👍👍👍,pengiriman super cepat,check out sabtu,senin udah nyampe aja;senang
Tampilan+kualitasnya bagus tapi sayangnya ada kaya noda gtu, seperti bekas lem, boxnyq juga dah ancur pdhal mau d koleksi.. mungkin kedepannya  bisa dikasi double box;senang
ada noda;sedih
Woi aerostreet yg aku tau ni brand lokal ini cukup ternama tapi kok gini sih yg aku pesan apa yg datang apa, gak akan aku pakai baju yg tidak sesuai keinginanku. Kalau stoknya habis kan bisa ngechat bukan malah ngirim produk yg berbeda tanpa konfirmasi dengan pembeli terlebih dahulu. Bgst;senang
"Pesan minggu . Senin uda sampe.. keren sat set banget 
Terimakasih aerostreet dan jnt";senang
untuk barangnya, benangnya masih kurang rapuh jahitannya, sepatunya agak kotor bawahnya, kotanya penyok walaupun di lapisan kardus lagi;netral
"barang sampai dengan selamat
Kualitas produk: bagus adem";senang
Celananya bagus,pas cuma kepanjangan,bahanya bagus,kurirnya ramah n baik;senang
Bagus tapi tipis banget alasnya, kalu pake lama agak sakit, jadi harus beli alas kaki, tapi overall cakep banget sih;senang
barang ok, pengiriman lambat, seller agak kurang bersahabat. saya Tanya tentang produk recomend, dia bilang lihat Di video. padahal sebagai seller tentunya dia lebih tahu wangi Dari perfume iu sendiri, jawaban yg luar biasa.;senang
Sendale jonjing mas..gede sisih..yo opo iki😭😭;netral
"Masih kebesaran, tp males nukerinnya lagi
Kualitas produk: Bagus sekali";senang
Lumayan;senang
Lumayan bagus;senang
Baguss bahannya jg mantapp nyaman di pakai;senang
"Kepanjangan untuk tinggi 155
Tapi pinggang pas untuk bb 45";senang
Kurang besar size ya padahal biasa pake size 43;senang
Ini emg packingnya gaada bubble warp nya kah? Box nya jadi penyok. Ada bopeng sedikit di sepatunya;senang
"Biasa pake 31 
Lah kok ini kekecilan";senang
Bagusss;netral
Bagusss;netral
Bagusss;netral
"Sebenarnya produk bagus. Tp size chartnya agak kacau. 
Produk yg dipesan ternyata kekecilan pdhl udah baca deskripsi udah liat tabel juga. Udah pilih 1 panjang diatasnya. Tp tetap gak muat gak bisa dipake. Ternyata banyak yg komen kekecilan jg 😌";senang
"bahan nya bagus, nyaman di pakai, dan ukurannya pas, sesuai sama size chartnya..
thx aerostreet";senang
Cukup kecewa krna kekecilan gak bisa retur size .bner2 kecewa sm aerostreet;marah
Sesuai dengan pesanan,tpi skrg bahannya gak kaya dl;senang
Sesuai dengan pesanan,tpi skrg bahannya gak kaya dl;senang
real pict. anakku suka. thankz seller n pak kurir;senang
mayan;netral
Keren kak, sesuai pesanan. Ternyata di aku masih kepanjangan, tp tetap oke kak. Makasih;senang
sesuai harga;senang
Bahan bagus, barang sampai dengan selamat, tapi ada baiknya sebelum pengiriman  barangnya dicek terlebih dahulu, krna ada beberapa jahitan di bagian sepatu itu kurng rapi sehingga gampang bnget di copot, dan terutama tali sepatunya, seperti habis di gigit² kucing, rusak tali sptunya.;senang
Jaitan masih ada benang yang belum rapi;senang
Kurangi 1 size dari biasanya;senang
Berat;netral
tolong ditindak lanjuti dan sblum dikemas di cek terlebih dahulu,trims;netral
Produk oke,;netral
Produk oke,;netral
Bentuk dan ukuran: Pas;netral
"Barang sudah sampai dengan cepat.
Packingan rapi, Ukuran dan warna sesuai.

Hanya kurang mood liat ada bintik2 putih sperti kena debu pas kena hujan. Terus ada bagian jahitan yg kurang rapi. 😮‍💨 

Maaf min, sy kasih 4 bintang yah?";senang
Pas sekali ukuran nya👍;netral
Nyaman sekali;senang
selera nya buruk;marah
Baguss ukuran 37ngpass bangett;netral
"Kecewa pertama beli sepatu di aero
Sepatu nya berat, jadi capek kalau dipake. Di pebaiki lagi sepatunya kak untuk kenyamanan pengguna.";senang
Bagus;senang
Ukurannya kebesaran, padahal sendal jenis lain ukuran 39 pas semua;senang
Jahitan kurang rapih;senang
Bagussssssssss;netral
Ternyata ukuran 28 kecil ya;senang
.;netral
Kebesaran, bahan gak sesuai foto;senang
kok ke kirim min padahal ga mesen cuma liat doang;netral
"packing rapi bagus dan aman
untuk aroma ga terlalu awet sih ya
bahkan di dalem ruang ber-AC sekalipun

jadi harus yang tiap beberapa jam sekali semprot lagi";senang
"Jgn pernah beli pake cash, nungguin nya sampai 18 hari baru sampai.
    Mendingan pake COD aja.";netral
Sesuai;senang
baru pertama kali beli Disni,kain dalem nya kasar trus kek nya gampang berbulu deh bahan nya;marah
bagus;senang
aero dari dulu build quality nya bagus cuma ada mines di bagian finising masi banyak benang² yang belum di potong, mohon di tingkatkan lagi untuk kerapihannya❤️;senang
Bau nya kurang cocok buat saya terlalu menyengat;marah
Bagian leher dipake terlalu nyekik lher;netral
Kegedeaaannnn😭;netral
Di kira warna coksu eh ternyata kuning;senang
kemasan agak rusak dri awal udh kebuka plastikny, outsole nya ketinggian, semua bgus si;netral
Jahitan agak kurang rapi, bagian outsole cutingan kurang rapi, dan sedikit luka minor, kenyamanan lumayan, untuk kaki lebar saran upsize;senang
"Paket sudah 2 bulan gak ada kejelasan. 
Return uang gak ada kepastian. 
Barang dipesan 4 pcs, yang datang cuma 2 pcs. 

video unboxing sudah dikirim beserta bukti. 
tapi sampai sekarang diam ayem, menghilang tanpa kepastian. 
parahh";senang
Produknya mantap, sangat memuaskan. Cuma sedikit kurang puas di pengiriman aja, agak lama sampainya.;senang
Kegedean n kepanjangan bingung sm size nya Pdhl uda pilih lbh kecil dr size biasa dipake ttp kegedean mala ga bs tuker size..huhu bahan jeans nya bagus pdhl ga kelihatan jeans murahan..🙏;senang
finishingnya kurang dikit sama bahan talinya;senang
paten;senang
Warnanya ga seperti yg di harapkan. Sdh chat juga tp ga ada tanggapan;netral
cakepp poll;netral
Makasih;netral
Pas dikantong;netral
Bagus;senang
Bagus , tp trnya bukn ovsize ..  di bb 49kg aize s ngepas bgt;senang
Sesuai.. Mantap;senang
Kebesaran... tolong dong bikinin size 38;senang
Top 3 diseries ini;netral
Top 3 diseries ini;netral
Kurang suka wanginya;senang
Lumayan aja wanginya;senang
Top 2 diserise ini;netral
Kurang suka wanginya;senang
Top 3 diseries ini;netral
Lumayan wanginya;senang
Kurang suka wanginya;senang
Kurang suka wanginya;senang
Kurang suka wanginya;senang
Top 3 diseries ini;netral
Kurang suka wanginya;senang
Kurang suka wanginya;senang
sesuai dengan foto;senang
Tali sepatu biasa aja;senang
Tipis bngt;netral
Alhamdulillah barang sudah datang makasih selle;senang
Alhamdulillah barang sudah datang makasih seller;senang
Ukurannya pas di kaki,nyaman di pakai jg;netral
Good;senang
Mantappp;netral
dahlah  bangke,, stlah gw beli lah ukuran 39 bru ada😌;netral
X;netral
Barang datang sesuai waktunya🤭semoga suami suka dan pas ukurannya🥰;senang
Bentuk dan ukuran: pass;netral
untuk badan saya yang 170 cm, 58 kg ukurannya pas, tapi bahan dalemnya kayak rontok gitu entah apa namanya tapi disisi lain enak dipake dan nyaman;senang
"Baguss... 
Pinggang pas.. Oke
Terimakasih seller";senang
Nggak free parfum .. orang lain mah dapett!;netral
Sesuai dg hrga;senang
Keren , tp kok agak lain .ya ,  kayak ngak 24s gitu bng ..agak kusan dan kasar ...apa gara-gara barang flash sale ya ,jadi agak asal asalan ...gmn bng tanggapan ny ...?;netral
sesuai harga;senang
bagus tapi ternyata ga bikin kaki slim gitu keliatan kaki jadi gede😭;senang
ada sobekan dibagian belakang nya, untuk insole lumayan empuk, model nya oke, pengiriman cepat karena area klaten;senang
Baik;senang
Kuranh gelap coklatnya;sedih
so sorry agak kecewa karna paketnya ga proper di bungkusnya, dateng cuma kardus sepatu sama di kasih plastik aja tanpa bubble wrap atau apapun jadi kardusnya ada yang bolong-bolong, padahal ini buat kado:(. tapi overall sepatunya bagus, paling saran aja lain kali lebih diperhatikan lagi yaps;senang
Sepatunya cantik, warnanya soft dan ukurannya pas banget di kaki. Minusnya jahitannya ada yg kurang rapi dan agak miring gitu di bagian belakang but it's fine.;senang
mau cancel untuk ubah pesanan tidak bisa;netral
5 for the spl, 2 for the scent. gak expect splnya bakal gacor sih, dipake wudhu 2x masih nempel di kulit gue sekitar 6-7jam walaupun mesti di sniff deket idung. selama itupun gue cari notes nanas tp malah cuma bau obat/jamu yg kenceng. mungkin grgr nanas yg terlalu sintetik(?);marah
Barang sudah diterima , cuma ukuran sepatu yg kiri lebih sempit dibandingkan dengan sepatu sebelah kanan, udh gitu tali sepatunya juga, yg kanan panjang yg kiri pendek,..;netral
Mantap;senang
Alhamdulillah gk salah ukuran,,,panjangnya pas,lingkar perut sm pahanya jg pas.aq bb 53kg tb 155cm.bahannya jg adem n alus;netral
Sekelas.aero tipis;netral
Terlalu besar bagian paha nya;senang
bagus tapi box nya nggak di bungkus lagi;senang
good;senang
Harga sebanding dengan kualitas;netral
Mantulll tull bahanya,bagus adem dem,maaf TK Poto,belum ke pakai mslhe;netral
"model sesuai
bahan berasa bagus dan lembut
empuk
agak berat
ukuran lbh kecil dr sepatu dgn ukuran yg sama, kemungkinan ada selisih sekitar 0.3-0.5cm";senang
Bagus bahan ny lembut suami sy suka, next order lagi..;senang
Good;senang
Mantap walaupun kurir nya agak lama kirim nya tetapi tetap Joss, kukasi bintang 4 karna ada bintik berwarna putih seperti di coret Ama tipe x;senang
Kebesaren;netral
QC nya kurang rapih nih tumben;senang
paket;netral
Barang yang paling jelek aku beli di tiktok;marah
barang oke, tapi pengiriman lambat;netral
bahannya bagus. tapi sayang bagian belakang telapaknya hanya diberikan tambahan busa yg tidak merata. jadi saat jalan agak kurang nyaman. seharusnya mungkin lebih baik bila insole bagian belakangnya dipertebal saja drpd harus ditambah busa yg tdk menutupi bagian bawah insole dgn merata.;senang
Ok mantap sesuai gambae;senang
model dan kain bagus, klo lebih bisa ukuran nyaa lebih panjang lagi;senang
size 38 kok kayak size besar banget iya min;senang
Paket sdh diterima dlm kondisi baik, tp sayang ukuran tll sempit.;senang
Sorry hanya dpt bintang 3,krna gak ada bonus sama sekali.;senang
Barang yg datang ga sesuai orderan, pesan 43 yg datang malah 42, cuma kotaknya aja yg tulisan 43. Ya kali pergi keluar kita malah pake kotaknya terus sepatu taruh dirumah. Review bakal saya ubah klo udah datang barang pengganti;senang
ya;netral
baik;senang
Bgs;netral
Bgs;netral
Bgs;netral
Sangat bagus;senang
Sangat bagus;senang
Brang tidak sesuai brang bekas pakai orang;senang
Kain kaku, cepat melar bawahnya;netral
Kain kaku, cepat melar bawahnya;netral
Kekecilan;netral
"videonya kepanjangan ga bisa di cut, 
pokoknya mantaplah pastinya";senang
Sesuai,semoga awet dan nyaman di pakai;senang
sesuai ekspektasi;senang
Bintang 4 dulu,pekingannya tidak layak,jahitannya gak rapi;senang
Sangat baik;senang
Wangi;netral
Bagus;senang
Wangi;netral
Bagus;senang
Bagus;senang
Bagus;senang
baguss;netral
Ok;netral
Pinggirannya gk nempel;netral
bantal dan gulingnya masih tepos saja tidak mau mengembang maksimal/kempes;senang
bantal dan gulingnya masih tepos saja tidak mau mengembang maksimal/kempes;senang
Good;senang
Paket dh mendarat dg slmt,suka sama wanginya,dan tahan lama;senang
Paket dh sampe,wanginya tahan lama,suka sama aromanya;senang
cacat dikit;marah
Sayangnya dusnya penyok...;senang
Bagus cuman kecewa pesen 40 datangnya 43...;netral
Bagus;senang
Trikasih paket dah datang saya beli udah 3 kali,sya ska bahanya dan enak d pakai boss trim;senang
pas kena panas gak berubah hoak nih;marah
Lumayaaan laah;netral
sicepat nama nya doangan ******** .. lamaaaaaaaaaa;netral
Sebelumnya udah pernah beli size 43 juga, size chart nya pun masih sama tapi kenapa ni jadi besae bgt size 43nya. Gak kepake kan jadinya klo gini;senang
Wanginya blm 20 menit udah hilang;sedih
Alhamdulillah paket y smpe bagus bgt sepatunya😍😍😍,,,semoga awet;senang
Nice bngt kang😩;netral
B aja;netral
Hadeh Sablon ya Gak Baguss;netral
Not bad biasa pake size 39 pesan pertama kekecilan ini pesanan ke 2 size 40 pas dikaki untk kenyamanan biasa aja maaf gk sempat di foto lagi males;senang
kebesaran duong dah gitu longgar lagi harusnya down size 1 lah 😭😭;senang
masyaallah sekali pengirimannya, cuma dilapisin plastik bening doang bjir😇, itu juga ada noda dikit di outsol😃;sedih
Kirain toko nya bijaksana, ter nyata tidak, ya sudah lah;senang
Sekelas Aero Street Tapi QC nya masih berantakan Lemnya masih tersisa, Coreta pensil untuk cuttingan masih ada jahitannya gk rapi😭;senang
katanya bisa berubah warna ko ga bisa anjg;senang
Barang bagus sesuai dengan foto, tetapi ada noda mungkin dari kardusnya, tapi selebihnya bagus kok cmiw;senang
Top;netral
Kurir lelet;netral
Good;senang
Terlalu banyak alkohol;senang
Terlalu banyak alkohol;senang
Terlalu banyak alkohol jadi kurang aromanya;senang
"Alhamdulillah sepatunya sudah sampe bagus cm rada kurang gede dkit slh pilih size harusnya size d tambah LG tp anakku suka kapan2 bisa beli lagi mksh seller...
Bentuk dan ukuran: Bagus
Daya tahan pakai: Lama
Warna: Hitam";senang
👍;netral
👍;netral
not bad lahh datengnya sesuai dengan foto;senang
bahannya tdk sama dangan warna yg lain,. warna putih lebih tipis;senang
"Pengemasan bagus dan pengiriman cepat

Tapi tidak suka baunya nyengat dan kurang tahan lama";senang
"Pengemasan bagus dan rapi, pengiriman cepat

Kurang suka baunya terlalu nyengat, kupikir bau bunga"" gitu ternyata tidak. Dan kurang tahan lama menurut saya";senang
"Pengemasan baik dan rapi, pengiriman cepat

Baunya mendingan lah lebih enak dari jasmine bloom dan gardenia, tapi ga begitu semerbak dan ketahanannya kurang menurut saya";senang
banyak sekali benang yg ga di potong;senang
Bagus cuma bahannya agak berbulu gitu kak, lumayan lah gapapa;senang
jos;senang
K;netral
Perasaan liat iklan nya ada bacaan aerostreet pas bagian dada ...pas Dateng ko polos ya ....tapi baguss seh bahan nya adem.. tidak tipis;senang
Bahan.e beda;netral
Gacor minn, ga kira kira kualitasnya mana dapet harga 50k lagi wkwk. Sukses trus min;netral
barang cacat, jahitan tidak rapi:);netral
"Sampe rumah sudah dalam kondisi basah dikirain karena ujan, tapi bau sudah campur aduk gak karuan 
pas dibuka beneran udah kondisi pecah";marah
insole nya benar, tapi sandalnya sangat sempit, tidak nyaman digunakan;senang
"talinya jelek berbulu,kurang teliti jahitan tidak rapih,bahan tipis.
maaf hanya 1 bintang";senang
ok;netral
Paket nya dah smpai, brngnya ok, mantul, Bhan nya halus jg ga lumayan tebal..pkoknya ok kah👍;senang
y;netral
produk nya bagus sangat memuaskan sesuai barang ny;senang
baguss;netral
Kok gini yah..bagian lengan kanan dekat logo kainya terpelintir dan ketarik gk bisa lurus , bagian lengan kiri jahitan tidak rapi ,serabut benangnya keluar..sepertinya terburu2 nih dlm menjahit;senang
"Untuk feel nya enak pas dan pengiriman cepet banget ,
ya mungkin untuk kedeannya semoga aerostreet lebih baik soalnya masih ada beberapa finishing yang kurang rapih seerti masih ada beberapa jahitan yg berlebih";senang
Keren cukup;senang
Terniat sih harga segitu pake kardus yg ok;netral
Saya biasa beli produk sepatu aerostreet ukuran 41 dan pas tetapi ketika beli produk sendalnya ukuran sama tapi kok sesak sekali;senang
beberapa kali beli disini. kualitas bahannya bagus dan harga terjangkau;senang
Menurut aku bahannya lebih bagus yg hitam lebih adem dan lembut;senang
Barang bagus , cuma kurang di jahitan aja kurang rapi , dan masih ada bekas lem dan noda sedikit . Ok terima kasih semoga awet;senang
b aja;netral
Mantap;senang
Ternyata ukurannya besar biasanya pake 43 pas;senang
Saya kasih bintang 4. Karena dipacking cuma pake plastik, gak pake bubble wrap. Ada tambahan biaya packing gpp deh. Pas nyampe box udah kebuka di ujung, ujung sepatu nya agak penyok. Pas pertama nerima shock, untung gak rusak. Mohon lebih diperhatikan lagi. Kualitas sepatu⭐⭐⭐⭐⭐;marah
untuk harga segini ya lumayan worth it untuk dibeli, sayangnya finishing nya masih berantakan ada beberapan yang jaitan nya tidak rapih;senang
untuk harga segini ya lumayan worth it untuk dibeli, sayangnya finishing nya masih berantakan ada beberapan yang jaitan nya tidak rapih;senang
Puas, cma nerawang ya klo warna putih;senang
Kreennn.... Maaataaappp... Amanah toko yh;senang
Lumayan nyaman;senang
Ok;netral
.;netral
Order absolute yg datang temptation;netral
Oke;netral
"Bentuk dan ukuran: Ok
Daya tahan pakai: Lem kurang rapi
Warna: Oke
Aroma: Bau baru";senang
"Untuk pertama kali kecewa sama aerostreet. Padahal udah 3x beli barangnya. Bisa""nya sisi kiri sepatunya insolenya kegedean, jadi dipakainya ngrasa ada hak dalam gtu dan talinya kependekan. Aku gk bisa refund karna harus ada vid unboxing, ok ini salahkuTpi dri pihak kalian juga tolong cek lagi dong😌";netral
Kekecilan kak;netral
Barang sampai sesuai pesanan..;senang
tidak sesuai dengan yang di poto;senang
.;netral
.;netral
.;netral
Good;senang
harga terjangkau kualitas bagus mantab dah;senang
"lumayan
Bentuk dan ukuran: longgar dikit
Aroma: sesuai
Daya tahan pakai: semoga tahan lama
Warna: sesuai";senang
m kurang panjang dikit😫;netral
😗;netral
Kak ko hodi nya dalamanya pada ambrul, kalo pas habis di pake benang nya pada nempel di baju sama di tangan;senang
Bagus dan tebal bahannya;senang
Tolongg kulirr nyaa tidak biadap sekali;netral
"sepatu bagus,tebel 
CUMAAA PERHATIKAN PENGIRIMAN ALANGKAH BAIKNYA MEMAKAI BUBLE WARP!!";senang
Nyaman di pakek...namun terlalu pendek;senang
Kualitas yang mahal..dengn harga yang terjangkau dan sangat cocok di pakek hang out;senang
👍;netral
Produk bgus dan memuaskan;netral
👍;netral
👍;netral
👍;netral
baguss sihh tapii box nya pada ancur tapi bagua;netral
packing barang baik, pengiriman dan sampai sesuai estimasi, produk sesuai;senang
Mantap kalian nya;senang
Mantap kalian nya;senang
Mantap kalian nya;senang
Mantap kalian nya;senang
Mantap kalian nya;senang
"kualitas bahan oke lah
pengantaran cepat";senang
sepatu keras dan terasa sakit....dipakai bbrpa jam kaki terasa panas;marah
barang sampai tapi bisa diliat box nya bolong jir trus Di bagian kualitas spatu lebih ke kualitas jahitannya ga rapi masih nyisa nyisa jahitan benangnya semoga kualitas bisa diperbaiki lagi;senang
Ukuran kaga jelas, pernah beli yang size M kekecilan akhirnya kemarin nyoba beli yang size L tetep ngepas, padahal BB aku cuman 49 kg;senang
Kualitas produk: bagus;senang
Barang sudah di terima dngn baik,kualitas bagian atas bagus,warna sesuai,ukuran pas.hanya bagian bawah aga berat.jd sepatu dipake aga berat.cocok buat kerja santai klo buat joging kurang pas.;senang
Barangnya bisa ditukar ke no 44 soalnya masih kekecilan, soalnya hampir sama ukurannya antara no42 dgn no43;senang
"Ukuran pas, produk sesuai di gambar
Nice 👍";senang
Bagus;senang
Bagus;senang
kali ini bahannya beda ama yg pertama;netral
Bagus bahan nya lembut, cocok buat di pake main;senang
siiip;netral
bahanya bagus,nyaman di pakai dan worth it untuk harganya👍;senang
"Barangnya bagus yang penting anaknya suka
Kualitas produk: Bagus";senang
"Bagus di video bagus di iklan bagus di live tiktok.
Pas datang aslinya hadeuh.
Jaitan gak rapih sued tipis tapi sepatu kaku kain insole atau apa itu yg ada tulisan merek baru di pake satu hari masa mlotok.
Jd mending beli yg di sebut KW premium merek seperti Nike Adidas lah.
Daripada lokal ke gini j";senang
Barang sesuai.wamgi nya enak;senang
Dusnya rusak tapi sepatu masih aman;netral
"Dari tampilan sudah sesuai dengan gambar, 
dari model oke, kualitas belum dicoba, tapi alhamdulillah ga ada lecet 
Sedikit kecewa dalam pengiriman tidak di pack dengan rapih, cuma seperti itu saja... Dan saya sarankan jika mau beli beli sepatu harus +1 no, karena saya juga ngepas bangt aasli, +1";senang
ukuran pas, harga pas, bahan ringan, pengiriman lumayan lama, dan sayang bagian sambungannya kalo dipakai ga nyaman kek ada yang nyempil di kaki, padahal di foto productnya mulus banget. yang dikirim seperti barang rejectkan. kalo bisa ditingkatkan lagi quality controlnya. dan sepertinya sudah cukup beli disini. kemaren sepatu juga sama kiri kanannya ga simetris asal jadi aja. herman saya🤔;senang
ukuran pas, harga pas, bahan ringan, pengiriman lumayan lama, dan sayang bagian sambungannya kalo dipakai ga nyaman kek ada yang nyempil di kaki, padahal di foto productnya mulus banget. yang dikirim seperti barang rejectkan. kalo bisa ditingkatkan lagi quality controlnya. dan sepertinya sudah cukup beli disini. kemaren sepatu juga sama kiri kanannya ga simetris asal jadi aja. herman saya🤔;senang
Bagus cuman kekecilan,;senang
agak berat , tapi bagus semoga tahan lama, kualitas lem dll sesuai harga 🔥;senang
overal produk bagus, tapi tetep ada cacat kaya jahitan keluar. sebelumnya CO hoops tapi mau refund buat ganti ke aero x gibran eh ditolak mulu, jadi kalian kalo belum yakin jangan CO ya ges, adminnya susahhh;netral
barang jelek ukuran M biasanya pas tapi ini TDk pas;senang
Ok;netral
pesan tanggal 21 Maret sampai tanggal 14 April belum juga ada kejelasan posisi barangnya;senang
Parah..yg gua beli pertama kainnya tebel yg ini tipis kayak produk lain aja..tulisan di lingkar leher juga udah beda;netral
Parah..tipis banget co gua beli pertama kainnya tebel yg ini tipis kayak produk lain aja, tulisan di lingkar leher juga udah beda;netral
barangnya rapih bagus, tapi saya salah pilih ukuran. agak disayangkan sih gak bisa ditukar, lebih disayangkan lagi saya udah ajukan pembatalan pas masih diproses eh malah ngga digubris. tapi ya ini kelalaian saya juga karena gak teliti milih ukuran. overall bagus semua no problem;senang
Biasa ja tapi keren;senang
"Barang nya cacat 
Kalau cacat jngn di kirim";marah
bagus kek sepatu mahal;senang
Bagus;senang
kekecilan banget;netral
Sesuai 👍, semoga aja awet.. Aamin 🤲;senang
Sesuai 👍, semoga aja awer, Aamiin 🤲;senang
Sesuai 👍, Semoga awet.. Aamin 🤲;senang
Sesuai 👍, semoga aja awet, Amiinn 🤲;senang
Barang diterima dgn baik. tidak sesuai pesanan warna.;senang
Pas dateng bagus tapi agak sayang kardusnya rusak terus ada noda dikit;sedih
Ada noda di sepatunya, padahal ini kan sepatu warna putih.;sedih
Gede bgt;netral
Kainnya tipis setipis harapan;netral
Average bagus, cuman ada beberapa ujung benang yg kurang rapi, dan ada sedikit bekas kotoran;senang
Bagus sesuai dengan yang di foto;senang
Bagus dan slu sesuai;senang
Untuk ukuran melebihi size biasanya hmm;senang
Pengiriman lama;netral
produk tidak sesuai deskripsi, saya ngukur dengan panduan deskripsi dengan panjang kaki 26,6 memakai ukuran 41 ternyata masih kekecilan dan sesak, dan bantalan bawah nya yang mungkin bikin sesak karena terlalu tebal berbentuk cekung;senang
Kualitas produk: Sangat bagus,bahan halus,warna sesuai gambar pengiriman cepat pengemasan aman,top;senang
Good;senang
Pas;netral
Semoga adem bahannya setelah pencucian;netral
salah orang yaallah gimana si kurir ini;marah
Dasar sepatu ktinggian;senang
Ga seempuk sandalnya yg 50 ribuan;netral
sepatu bagus buat kerja, packing jelek hanya plastik tipis transparan dan dus nya juga robek perbaiki packing nya agar lebih aman;senang
kurang puas. ada noda hitam dan ada benang-benang yang belum selesai gitu. entah lupa digunting atau gimana, tapi sisanya bagus banget. tetep bakalan aku pake karena mau komplain pun gak ada vid unbox jadi percuma;senang
Cara ganti warnanya gimana ya;netral
Baik;senang
Bkn mslh barang ini ada kotak keras yah.. Trus di kirim asal2 aja yah cm dikirim tnp lapisan apa2 loh.. Kayak gak niat toko kalian ngelayani orderan woi.. Mslh barang bagus emang kualitas.. Tp teguran keras ini packaging pengiriman bener2 dong;senang
Bagus sesuai;senang
Bagus;senang
Luvu;netral
Bahan tebal dah pasti, nyaman gak panas;senang
"bagusss, tapi berat banget ya hheheheh
Bentuk dan ukuran: bagus, ukurannya pas
Daya tahan pakai: semoga awet deh
Warna: coklat tua";senang
Karet Sol terlalu berat;netral
"sepatunya bagus tapi ada satu hal yang mungkin saya sedikit kurang suka,yaitu banyak benang benang yang keluar,
Bentuk dan ukuran: bentuk nya bagus dan ukurannya juga pas
Aroma: aromanya wangi
Daya tahan pakai: belum di pastiin
Warna: cocok dan bagus";senang
Biasa pake panjang sepatu 24 msh ad lebihny,nie size 38 panjang sepatu 24,6 sempit.;senang
Bagus;senang
Thank u... dah sampe kaos nya... lucu 😍😍😍;senang
ga telalu than lma;netral
Jahitannya engga rapi, kek nya barang ga lulus QC di kirim ke tempatku deh.;senang
Bagus;senang
tolong di perbaiki lagi ya kardus nya penyok total depan nya juga tapi produk nya bagus banget mantap;senang
agak berat yahh sol ny jg keras;marah
Lumayan;senang
Sudah sampai dengan aman cuman ternyata kebesaran;senang
Yang warna putih,Uk L nya seprti uk M ya ka,agak kecil,jd gepas ja di badan;netral
buat customer yang mau beli barang ini lebih baik jangan, barang ukuran tidak sesuai dengan ukuran standar biasanya dan tidak bisa di retur...mending cari di toko yang lain yang lebih sesuai ukuran nya dengan ukuran standar nya;senang
b;netral
tidak sesuai harapan;senang
Sepatunya bagus real pict kak ..cuma saran aja kak jahitannya mohon lebih rapi lagi krna 2*nya jahitannya yg satu bagus yg satunya udah pda loncat benang nya 😁sekedar saran y kak..;senang
Bagus,pengirimannya cepet tapi sayang ada kotor sedikit;senang
"Saya sangat menantikan Kaos ini, tapi sayang.., setelah sy order yang datang salah ukuran..
Kaos ukuran S disablon ukuran L.
Sedih sekali penantian sy.., sy bandingkan dengan beberapa kaos ukuran L prodak brand yang sama, ternyata memang bener kaosnya kecil salah sablonnya";sedih
Pas sesuai deskripsi;senang
bagus cuman ada sedikit jahitan yg kurang pas;senang
Barang bagus cuma sayang salah ukuran dan ga bisa retur ya. Jadi klo mau co usahain pilih ukuran yg bener. Mungkin karna sepatunya agak tebal jadi agak sempit pas dipake padahal conya udh sesuai panjang insolnya;senang
mantab bang sesuai bang anjaiiii;marah
terdapat noda belas lem;sedih
bagus barang sesui tebel;senang
bagus barang sesuai, bahan adem;senang
bang boleh di tuker size gk sepatunya kekecilan;marah
pengemasannya oke si, keren. untuk aroma karena kita gak tau cocok apa ndak, kita coba aja dulu. tp wangi si ini lumayan;senang
"Ini sendal slop bang aturan agak di besarin lagi biar gk sempit...untuk kualitas oke sesuai pick
Aerostred the best";senang
Jelek;marah
Pengiriman terlalu lama;netral
Nyaman;senang
ga asik... QCnya kelolosan ini... ada nodanya 😭;sedih
"suka sesuai yg di 
harapkan bagus";senang
Packing aman pakek banget,wanginya wangi banget blom tau tahan berapa jam,pokoknya klo packing d jamin aman banget bolo;senang
Sesuai dengan pesanan produk mantap;senang
Mantap..cocok buat acara santai;senang
biasa aj;senang
👍🏻👍🏻;netral
mantap;senang
bagus, pengiriman jg gacorr, cmn di spatunya benangnya ada yg kluar, tpi kecil si.overall worth it;senang
paket lama datang, dibaju banyak bercak oren’. baru dateng langsung tak cuci 2x ga ilang’;senang
Tipis;netral
cuman bisa percaya ke aerostreet dengan harga murah aku bener² bisa dapet sepatu yang wow, semoga awet yaa, boxnya kuat soalnya box dateng penyok tapi isinya tetep aman;senang
Y;netral
sekelas aerostreet gagal pengiriman barang;sedih
Bagus sangat puas dengan aerostrett;senang
bgs;netral
cukup bagus,tapi tidak tau bagaimana setelah pemakaian beberapa kali;senang
Bagus barangnya cuma pakagingnya kurang aman kerdusnya bolong dan penyok, dan tolong adain ukuran 36 ya buat cewek, 37 masi kegedean☹️;senang
Bahannya tipis panas gak nyaman pokoknya;senang
Kecewa berat ringan ternyata dari karet ternayata hm dulu beli 30 an udah bagus ini ma cepet putus;senang
Biasa sendal normal pakai size 42, ini udah CO yg 41/42 tetap kebesarannnnnnnn bgt. Kayaknya harus CO yg 37/38, tapi sayang g ada size itu;senang
Besarrrrr bgt;netral
Okkkkkkkk;netral
Okkkkkkkkkk;netral
"Alhamdulillah saja, ada yg jual sepatu murah,
meski jahitan ada yg nggak rapi dan insole lem nya nggak pas, yahh namanya juga pabrik produksi masal, cacat produksi pasti ada.";senang
Pengiriman cepat dan barangnya sesuai pesanan;senang
maaf untuk pengeleman bagian ujungnya kurang rapi dn lemnya terlihat agak gosong;senang
Hm, lumayan;senang
Size nya kebesaran;senang
Kegedean, tapi sudah ndak ada ukuran kecil lg dah;netral
first time beli distore ini dan pesen warna hitam tapi yang dikirim malah putih, kecewa bgt. padahal buat kado;marah
ok terima kasih;netral
Overall bagus sihh, tapi kurang di packaging nya Krn cuma dibungkus plastik biasa jadi kotak nya penyok;senang
Cocok buat jalan;senang
GOOD.. TAPI PAS SAMPE PAKET AGAK BASAH DAN SEDIKIT BERCAK KUNING DI SEPATU, TAPI WORTH IT BUAT DIBELI;senang
Untuk yg hoops saya harap jahitannya lebih di perhatikan lagi.;netral
Sablonyaa kebawahan beda sama yg di foto;netral
"Alhamdulillah udah sampe
+ Look nya gagah
+ Nyaman + empuk dipake
+ Solnya keras + tinggi
+ Tinggi lu jadi nambah 1-2cm an wkwk

- cmn dipacking pake plastik yang tipis nya minta ampun wkwkkwkw
- penyok kardusnya, tapi Alhamdulillah aman barangnya
- tali sepatunya standart banget 
- bau sepatu baru";senang
Sayang banget packingannya begini , saran aja lain kali meskipun bukan barang yang mudah pecah tapi packing harus aman;senang
Barang dah sampai trimakasih. .barang sesuai,semoga awaet;netral
8/10;netral
Ukuran 34 tapi kecil tidak seperti normalnya;netral
Pengiriman nya lama box kardusnya rusak barangnya bagus;netral
TDK terkirim;netral
Kualitas produk: Adem;netral
mantap;senang
Lumayan walaupun sepatu bagian depannya ga center;senang
Baru di pake seminggu udh berbulu🤑;netral
berharap brand lokal yg bagus banget tapi murah ini baru sehari pakai nama brandnya sudah ngelupas gimana mau jualan awet kalau tidak fokus sama hal2 yg mungkin tidak sepele;senang
bahan tipis banget masih banyak brad2 lokal lain yg bagus dengan harga segitu;senang
masuuk;netral
Ok;netral
Ok;netral
Ok;netral
Ok;netral
Ok;netral
jos;senang
9,5/10;netral
"jaitan kurang rapih
lem di aerocomfort nya miss, sedikit kecewa
saya harus beli lem lagi ini sih buat lem ulang aerocomfort nya";senang
Bagus;senang
depan nya ga rapi;senang
Paket sesuaai yang di pesan, tapi gede banget ukuran M nya. Kaya ukuran xl di badan sya.;netral
"ukuran lengan kepanjangan.
tidak sesuai dg panduan eman
padahal kualitas bahan bagus 
produk yang lain sudah top";senang
Bagusss;netral
Barangnya Oke cuman packaging jya perlu diperbaiki lagi, kotaknya hancur;netral
Aneh si suami aku beli yg ukuran 40 model lain gede tp ini pesen 40 dateng nya kekecilan;senang
Sangat bagus dan enak di pakai;senang
tidak ada;netral
agak kurang rapih kek masih keliatan jaitannya dan lain lain tapi oke lah;senang
kainnya baguss bgt, hanya agak kekecilan;netral
Kerahnya longgar padahal belum dipake sama sekali;senang
Bad service;netral
ke kecilan ukuran nyaa 🥲;netral
Kotor kaya bekas dipegang dan pakai;marah
Kurang suka sama wanginya;senang
Cocok untuk dana pelajar;senang
Bahas jelek tipis nerawang;marah
udah sering belanja di sini tumben kecewa, semoga QC nya lbih baik lagi 🙌🏻;senang
tingkatkan lagi;senang
Barangnya sudah sampai, tp packaging nya kurang safety, dateng² box nya peyot🥺☹️🙏🏾;netral
Baguss sepatu nya sesuai yg di gambar bahannya juga baguss Sukak;senang
kegedean dikit padahal sudah turun 1 size;sedih
👌👍;netral
👍👌;netral
ternyata kurang dari 7 jam tahan nya;senang
kurang dari 7 jam;netral
Maaf kaki saya langsung lecet pakai ini;senang
sandalnya juga bgs si knpa lem nya nda rapi,aku juga gatau ini pas engga buat kaki doi soalnya biasanya pake ukuran 42 ini aku pilih ukuran 43,aku naikin size takutnya kekecilan semoga di kaki doi ngga kebesaran😄;senang
"Kurang rapi jaitannya keluar""";senang
Ok;netral
pengiriman cepat,barang aman tp lapis pake plastik tipis,bocor kena hujan;senang
Kok bisa lewat QC min, ini barang cacat looo. Udh sering beli padahal;marah
Kurang tahan lama aromanya;senang
Size chart ny tidak sesuai;senang
Ke kecilin bangke gua tanya di live blg nya ambil M;netral
Overall bagus cuma ada sedikit misspaint aja di bagian pinggiran sepatu;senang
Pas;netral
kalau hitamnya lebih pekat pasti bagus;senang
Produk nya sih ok,,, tapi Jasa kirim nya payah bbgt masak pesan tgl 6 April sampai nya 11 april lok saya aja Salatiga harus nya 1 hari udah sampai...ini malah di puter 2 pakai jnt sampai 5 hari...payah jnt nya..;netral
Produk nya sih ok,,, tapi Jasa kirim nya payah bbgt masak pesan tgl 6 April sampai nya 11 april lok saya aja Salatiga harus nya 1 hari udah sampai...ini malah di puter 2 pakai jnt sampai 5 hari...payah jnt nya..;netral
Produk nya sih ok,,, tapi Jasa kirim nya payah bbgt masak pesan tgl 6 April sampai nya 11 april lok saya aja Salatiga harus nya 1 hari udah sampai...ini malah di puter 2 pakai jnt sampai 5 hari...payah jnt nya..;netral
Bagus;senang
Bagus pengiriman cepat,  tapi kenapa packaging y transparan bangetttt;senang
Pas;netral
bb 78 bisa pakai ukuran 34 bahan jeans cukup bisa melar. sayangnya warna hitam agak puda, tidak gelap banget. tapi rekomended pokonya nyaman dipakai;senang
Baguss banget;netral
Pesanannya sesuai cuman packagingnya agak buruk buat thanks;netral
barangnya bagus, kecepatan pengirimannya juga cepat, tapi barang nya ada yang kotor dan jahitannya ada yang kurang,mohon di perbaiki kembali yaa;senang
"Bahan bagus..
Kancing jahitan kurang kuat..
Hampir lepas 1";senang
"Bagus bajunya pas di badan cuma sablonnya warnanya kusam kurang cerah dan ada gelembung kecil"".";senang
Sablon ga bisa bruabah seperti di iklan    di bakar tetep ajaa ga brubah;netral
"Team Packing Coba ganti Bubble wrap nya deh ... itu saya tes kalo di injek masih kempes , ide siapa sih itu yg bikin balon bubble wrap yg modelan kaya Pelampung ? 
Bayangin Klaten ke Jakarta aja ancur gak tersisa ? apalagi daerah lain ini masih pulau Jawa padahal

team developer itu buruan deh cepetan bikin baru lagi dengan cara lain";senang
Kekecilan, ukuran L serasa M;netral
tumben kemasan gak rapih, biasanya dpet gantungan kunci?;senang
selalu bagus tepat dan luar biasa... kualitas masuk pak eko...;senang
selalu bagus tepat dan luar biasa... kualitas masuk pak eko...;senang
nice;netral
Sandal kekecilan, di deskripsi hanya ada ukuran untuk panjang nya saja yang dimana tidak detail dengan lebar nya, setelah barang datang panjang nya sesuai bahkan lebih tapi ukuran lebar nya kecil sekali sehingga kaki tidak bisa masuk ke slop 🙏;senang
Model terlalu panjang;senang
bagus sih kirain ukuran xl ga gede, ini gede banget;senang
Ada noda kuning dan jahitan kurang rapih;senang
Bahan, gambar, ukurannya semuanya oke. Cuman sangat disayangkan packaging kaosnya ketempelan lakban dan kalau mau dilepas pasti sobek. Padahal kalau mau dijadiin koleksi collab doraemon lumayan;senang
Bagian luar keseluruhan bagus jahitan rapih sesuai, ukuran juga pas di pakai pokoknya udh bagus lah, Tapi satu yg di sayangkan bahan di dalam rontok bulu nya nempel smua di kaki;senang
Mantap;senang
"Di trima dengan selamat, kualitas ok cuman belum di pakai, cuman jaitan tolong dirapikan tolong bgt, cuman itu harga segitu worth it lah, -1 doang jaitan sama GK ada silica gel kyk GK penting cuman berguna bgt
Bentuk dan ukuran: Sesuai
Aroma: Seperti benda baru pada umumnya
Daya tahan pakai: Belum tahu";senang
dah minta cancel, mau order via oranye...padahal itu masih jam 1 malem... tetep aja dikirim...;netral
dah minta cancel, mau order via oranye...padahal itu masih jam 1 malem... tetep aja dikirim...;netral
sizing kurang tepat menurut saya, kenapa perbandingan sizing antara sepatu dan sendal jauh sekali. Padahal saya juga punya sepatunya dengan size yang sama namun pas dengan saya;senang
"kaos broker size, saya pesan ukuran XL tetapi realnya tidak sesuai size chart.
untuk XL PB 73, LB 55
tetapi ini PB 68, LB 48 
ini sama saja dengan size chart M.
tetapi respon seller mengatakan sudah sesuai karena toleransi ukuran 1-2cm.

ini jelas ukuran M dan sempit tidak bisa dipakai saya yg ukuran badannya XL.

seller bahkan tidak bs berhitung ttg produk gagal yg seharusnya tidak lolos QC ini.
jarak ukurannya 7cm jauh dr toleransi.";senang
Ga bisa ganti² warna;netral
Ckp baik;senang
Klo sepatu ukuran pas klo sendah kegedean;netral
Lenganya terlalu pendek;netral
Bagus sih sepatunya sesuai harga, tpi ya minta tolong packingnya jga lebih di amanin ya. ini cuma dari klaten ke semarang aja udah penyok gini. mana cuma pake plastik doang packingnya;senang
Bagus;senang
Okelahh bagus;senang
masih ngga habis pikir kenapa ukuran 41-42/43-44 dibuat sama. Nggak seperti pada alas kaki umumnya yang ukurannya hierarkis. Padahal seharusnya panjang 26,6 cm itu sudah cukup sesuai dengan kaki saya, tapi entah kenapa produk ini rasanya beda banget. Now they're just chillin’ unused lol.;senang
lumayan lah, sepatunya bagus;senang
Sip;netral
sesuai pesanan, mantappp;senang
Sangat suka sekali. Kualitas sangat bagus. Pokoknya nanti beli lagi.👍👍👍;senang
hm.. gatau kenapa ukuran nya kaya beda, kmrn aku beli yang krem ukuran nya pas dan masa ad spess dkit sesuai dengan tabel ukuran yang tertera, ini aku beli yang peach, kaya kecil banget🥺;senang
Coba 2, wangi, tapi belum ada yang cocok sama aromanya;senang
Coba 2, wangi, tapi belum ada yang cocok sama aromanya;senang
harusnya warna hitam yg datang biru;sedih
Baik;senang
Mantapp localpride;netral
Admin gk ramah;senang
Okk barang baguss;netral
cocok digunakan disiang hari sampai malam baunya maskulin👍👍👍;senang
cocok digunakan disiang hari sampai malam baunya segar 👍👍👍;marah
Suka & bagus barangnya sesuai tapi sayang ada noda;senang
Barang datang dengan kondisi baik sesuai ukurannya suka poll;senang
Ngaco parah jelek bangwt warna salah;marah
"Keren, bagus. Tapi ukuran sizenya kebesaran sedikit. 
Boksnya sobek, tapi sepatunya masih aman";senang
Bagus;senang
Bagus;senang
Keras;marah
Uda sampai barangnya dan real sama yg ada  di gambar. Thx seller;senang
Rapuh;netral
barang sesuai;senang
Plis banget ini kenapa bkin baju kuning?🥺🥺 mana perdana langsung nyemprotnya si seragam putih.. tolong aerostreet develop lagi bahannya dipakai ke baju masa ninggalin bekas😭😭😭😭 seumur idup blm pernah pake parfum jd gini;senang
Good;senang
Bagus;senang
Bagus;senang
ya;netral
ya;netral
Mantep cuyy sepatunya.. Gas cekout;netral
tali hoodynya tidak sesuai beda sebelah;senang
ukuran pas, ada noda di bagian depan;senang
Banyak jahitan yg lepas selebihnya pada harga ada kualitas;senang
Padahal sudah ini keterangan warna beda... Putih sama hitam... Tapi malah dikasi warna hitam dia... Duanya;senang
bagus;senang
jahitannya kurang rapih, bobot agak berat, dan agak pengap kalau dipake. Kalau mau pesen mending ambil 1 size lebih gede dari standar;senang
Pengiriman cepat tetapi saat sampai paket hanya di lapisan pelastik dan tidak ada pengaman hingga kardus nya banyak yang ketekunan;senang
lumayan. bagian luar nya sangat halus, tapi dalam agak kasar. ukuran dan warna sesuai;senang
wow;marah
Poor CS;netral
kebesaraann tapii bagus banget;senang
🤘🏻;netral
"kayanya salah kirim size jadinya kebesaran diaku
Tapi aku cek ga ada nomor size nya di sepatu";netral
Ok;netral
Baru di pakek sekali udh kayak gini udh langganan di aero baru sekarang sedikit kecewa;netral
Agak Berdebu, ada beberapa bagian yang benangnya sedikit keluar, bisa dibilang agak berat sol nya;senang
Bagus recomend;senang
Barang sesuai nyaman dipakai;senang
"Bentuk dan ukuran: Bagus tapi ukurannya sempit
Warna: Sesuai
ada jahitan yang kurang rapih tetapi bagus, bahan tebal semoga awet";senang
UNTUK SEPATU SI BAGUS YA TEBEL LEMBUT. TAPI PACKINGAN NYA KURA HANYA DEBERI PLASTIK GK DI KASIH BUBBLE WARP. DAN JAITAN SEPATU KURANG RAPIH BANYAK YANG KELUAR KLUARAN;senang
Bagus Keren;senang
bagus;senang
pas;netral
Bagus;senang
bagus enak , minus nya cuman satu jaitanya ga rapih;senang
bagus;senang
barang yang sampai beda warna;netral
"Ketahan Wangi cuma 4-6jam
Kualitas produk: Lumayan bagus untuk nilai 75% lah";senang
Bahannya aku suka. Cuma agak kecil d pke suami. Mungkin suamiku udah naik timbanganya 😆;senang
Down 1size;netral
"Agak berat ternyata 😁
Baru pertama beli
Bagus tapi
Satu pasang 970gr";senang
Ini selera sih, Autum saya suka cocok dengan selera saya. Obsession terlalu strong dan gak nyaman di idung kalau menurut saya;senang
Mantap;senang
42 nya kecil;netral
Tipis banget kaos kakinya;netral
bagus,tapi kegedean minn prsaan uk 44 ga sebesar ini deh tapi overall bagus sii thanks minn;senang
lumayan.;senang
Mantap produk nya;senang
baguss;netral
Bagus,sesuai;netral
👌;netral
👌;netral
👌;netral
👌;netral
Pesenan tidak sesuai, yang d pesan hoodie yang datang sweater;senang
Bajunya ke gedean terus bahannya adem tapi tipis, warna pink nya suka.;senang
Bajunya ke gedean terus bahannya adem tapi tipis;netral
Saya sangat kecewa syaa ada pesan baju 9 tapi mereka kirim hanya 7;sedih
Trimming tidak bersih;senang
Jisss;netral
Jasss;netral
Josss;netral
Good;senang
"Bagus 
Sesuai Picture";senang
Respon toko lambat;senang
Selalu suka aerostreet..sandal sesuai deskripsi..nyaman  dipake ringan..pengiriman cepat packing  rapih;senang
kece bgtt sepatu nya minn🔥;netral
bahan lumayan bagus, tapi ternyata bukan solan/jahitan sol beneran, cuma bentuknya doang kaya jahitan, hadeuh, dan finishing nya ngga rapi banget, bekas cetakan masih ada (kaya sambungan sama kaya kutil), harusnya bisa lebih rapi lagi,;senang
bagus banget.. udh ke 4 kalinya beli aerostreet, semoga makin berkembang ya.. makin sukses, kalo bisa tambah size 45, 46, 47.. special order juga gpp..;senang
kaos kakinya tebal dan bagus.. mantap gan, pengiriman cepat top seller;senang
kaos kakinya tebal dan bagus.. mantap gan, pengiriman cepat top seller;senang
warna kurang sesuai descrips;senang
Produk bagus tapi lebih baik pengemasan ditambah bubble wrap;senang
kocak bgt beli baru harusnya kinclong, ini malah kayak beli barang obralan cuci gudang sepatu nya kotor berdebu terus dipackingnya cuma pakai plastik doang kecewa parah, untung aja sepatunya masih bagus emang cuma minusnya butuh mandi aja;senang
Kurang puas sama si penyiar. Aku nanya panjang kaki 24 cm suruh ambil ukuran 28 pati gak masih ke kecilan padahal aku udah ambil ukuran 29 loh kecewa sih si peyiar livenya. Gak niat;senang
Lokal;netral
Bagus dan sesuai;senang
Paket tidak sampai tapi ddi kasih keterangan di terima oleh customer. Dan tidak ada bukti bahwa barang telah di terima atau sudah sampai;netral
bahannya luntur;netral
bagus tpi salah pesen ukuran😭 harusnya xxl malah xl;netral
Bagus;senang
brg ny bagus sesuai dengan pesanan;senang
Bge;netral
Kualitas produk: Ok;netral
Kualitas produk: Bagus;senang
Bjunya bgus gk nyesal bli d'tko ini trus....;netral
Kualitas produk: Baik;senang
Bagus;senang
Bagus;senang
Good;senang
Cocok keren;senang
Mayan dengan harga segitu, hehe lokalan dlu ye kan;netral
untuk ukuran kecil,wanginya gampang ilang dan kayak ada bau2 refilnya;marah
Tidak suka;senang
Kebesaran;senang
biasa pakai XL pas, klo ini agak sedikit longgar, tapi masih oke;senang
ukuran pas, tapi ada warna putih muncul disekitar area tali sepatu, cukup menggangu;senang
TB 177 cm, BB 75, sangat ngepres pakai size 32 ini;senang
TB 177 cm, BB 75, sangat ngepres pakai size 32 ini;senang
TB 177 cm, BB 75, sangat ngepres pakai size 32 ini;senang
biasa pakai XL pas, klo ini agak sedikit longgar, tapi masih oke;senang
ukuran pas, ada sisi yang nekuk;netral
kantong sebelah kiri lebih kecil dari sebelah kanan;netral
"Bagus
Bentuk dan ukuran: Pas
Daya tahan pakai: Insya Allah";senang
Kualitas produk: Bagus;senang
"Bahan bagus sesuai dgn yg difoto
Tapi sayangnya dibagian lengan ada sobek sedikit";senang
dari semua varian parfum utk cowo, cuma 2 yg kurang masuk selera saya, yg lainnya sudah ok dan bisa di pakai bergantian setiap hari.. thanks;netral
dari semua varian parfum utk cowo, cuma 2 yg kurang masuk selera saya, yg lainnya sudah ok dan bisa di pakai bergantian setiap hari.. thanks;netral
Bahan,sesuai dengan yg digambar,bagus,warnanya bagus tapi lama;senang
Alhamdulillah;senang
Overall nyaman di pakai, cuma gk tau knp itu potongannya kurang rapi;senang
Ini review jujur aku. Aku suka pakai sepatu aerostreet tapi sendalnya TIDAK. Bahannya lebih jelek dari sandal 20 ribuan? Serasa pakai karton. Jahitannya lepas2, bagian atas jari serasa ketusuk padahal ukurannya udah pas. Aku gatau kenapa reviewnya pada bagus2 atau punyaku sendiri aja yg gini ya?;senang
tidak ada fitur penukaran size untuk produk sepatu;senang
tidak ada fitur penukaran size untuk produk sepatu;senang
Bingung mau ngasih bintang berapa karena ga ada fitur penukaran size. Panjang telapak kaki 23 cm, akhirnya milih size 37 yang deskripsinya untuk panjang kaki 23.9 cm tapi kekecilan dan ga bisa ditukar.;senang
Product quality: Overall biasa ga sedarderdor Noble menurutku ya;senang
Product quality: Lumayan;senang
Product quality: Nyegrak bro aduhh;netral
Lumayan lah;senang
Hanya masukan Warna kurang terang;netral
Barang sesuai pesanan, packing aman, tp kekecilan;senang
kotor:(;netral
Barang bagus;senang
Untuk size 39 ukurannya terlalu kecil jika anda memiliki size 39 saran ambil no 40,;marah
ssmoga barangnya aman, karena belum posisi msh di kampung;senang
"Cuma ngk suka sama cetakan outsole yang ngk rapi, kelihatan banget klo di lihat orang.
Jahitannya juga, tpi ngk masalah buatku.
Daya tahan pakai: Outsole nya tipis banget jadi harus hati""
Selebihnya puas banget, pemakaiannya nyaman, insolenya empuk banget, desainnya juga mantap";senang
Ngolok ngolok dan tertawain pelanggan saat live;netral
Ngolok ngolok dan tertawain pelanggan saat live. Seharusnya cara nya yg baik;senang
Ngolok ngolok dan tertawain pelanggan saat live;netral
Ngolok ngolok dan tertawain pelanggan saat live;netral
Ngo sesuai ukuran;senang
Kebesaran;senang
Warna gelap ngk sesuai gambar;senang
Untuk bahan nya gak seperti aerostreet yang lain ini agak tipis;netral
agak kecewa sih biasanya beli size ini pasti pas dan nyaman, tp di tipe ini kok kecil bgt harus nya klo emag beda di kasih info biar tau konsumen karena ini online jd g bs di coba jd hrus ada standart ukuran yg pas..;senang
Kualitas produk: Bagus cuma kainnya sedikit nerawang;senang
Maaf kak bahannya tipis;senang
Tipis;netral
Tipis;netral
Kain halus bagian dalamnya banyak banget yang nempel di kulit. Selebihnya sangat bagus;senang
Bagus, enteng...cuma kurang lebar;senang
bagussss;netral
biasa;senang
wangi;netral
bsgus;netral
biasa;senang
biasa;senang
wangi;netral
biasa;senang
biasa;senang
"barang bagus ngga ada minus👍 
tapi pengiriman nya lama hampir 1 Minggu an tapi gpp mungkin efek cuti lebaran.alhamdulillah barang bagus ,saya kasih bintang 4 karna pengiriman nya lama sekali.";senang
baunya mirip parfum cassablanca;marah
Lumayan kecewa sih karena size XL nya kecil, tapi kainnya OK;netral
terlalu strong, ini lebih kek parfum gatsby yg di alfa atau indomart, baru lavender nya tipis banget lebih dominan bau bergamot nya... dan juga ini kurang cocok untuk kaum gen Z lebih cocok ke bapak bapak. RATE 6/10;marah
Harganya murah sesuai dengan kwalitasnya sih, bahan jelek dan ga nyaman di pake...jahitan parah tidak rapi...sangat kecewa.;senang
bagus, bahannya adem;senang
Bagian lehernya kecil baget, kecekik di leher;netral
Jahitan gak rapih di bagian bahu;senang
Tipis menerawang;netral
sepatunya si bagus cuma packing nya yang ga bagus,sepatu saya basah kena air,karena packingnya cuma di lapisi plastik bening satu lapis doang;senang
Lumayan bagus;senang
Expedisi cepat barang real bagus;senang
Bagus sekali;senang
agak cacat bawahnya :(;marah
L nya knp GK sesuai (kecil);senang
Kualitas produk: Bagus;senang
respon penjual ditingkatkan lagi;senang
respon penjual ditingkatkan lagi;senang
respon penjual ditingkatkan lagi;senang
Produk kurang memuaskan tidak sesuai dengan gambar, bahan baju nya tipis dan ukuran yang ga sesuai;senang
Barang sesuai;senang
Bajunya lumayan bagus dr segi sablon dan kainnya, utk paketannya nyampe ke tmpat saya lumayan cepat dlm 3 hari.;senang
Bagus tp ternyata slopnya kecil gk cocok buat kaki lebar;senang
"Bentuk dan ukuran: sesuai
Warna: abu burgundy
kardus penyok, barang masih okay tdk lecet. sudah test okay punya.. nyaman";senang
bagus;senang
Bagus sesuai harga;senang
mantap banget, maybe next kemeja dengan warna yg beda;senang
untuk kualitas sepatunya bagus mid sol nya tebel  nyaman digunakan semoga awet... tapi sayang jaitan benang nya masih kurang rapi masih banyak kelebihan benang nya... untung saya detail... di foto hanya beberapa sisanya sudah saya rapikan sendiri benangnya sebelum saya buat riview nih sepatu;senang
Berat tpi bngussss;netral
baguss aja si;netral
sudah menggunakan proteksi keamanan, hanya dus saja, pesan warna hitam yang datang warna merah abu.;senang
Mantap kurirnya kurang enak;senang
Pengiriman telat banget!!!;netral
Pengiriman telat banget!!!;netral
Satu ini sablon nya kurang;netral
Mantap;senang
Mantap;senang
Ukuran 42 tapi kecil;netral
MAKASIH, BAGUS BANGET TAPI KEBESARAN WKWKWK!!!;senang
Bagus kainnya, tapi beda sama yang tahun kemarin, tahun lalu beli juga kainnya lebih bagus,,;senang
Keren;senang
Keren, kualitas kainnya udah beda sama tahun lalu;senang
Bagus,, tapi kainnya agak berbeda sama tahun lalu, tahun lalu lebih bagus;senang
aku kira ini buat cewe ama cowo,tapi pas nyampe malah kayak pure buat cewe;netral
"packing harus lebih tertutup lg minimal kasih plastik hitam, jgn polosan cuma dikasih plastik bening sehingga nampak kalo itu paket isinya sepatu..
sekalian promosi ?
Bentuk dan ukuran: oke
Warna: oke";senang
Pengiriman cepat, dan barang lumayan lah;senang
Jahitan tidak rapi, ada cetakan yang menonjol tidak rapi juga;senang
ukuran agak kebesaran padahal unisex, beda sama yang lain;senang
"ukuran pas
bahan lebih tipis dan kurang halus
motif kurang bagus";senang
43 ny besar;senang
cakep lbh murah di sini dripda di ******** semoga fitur dan mitranya sejahtera ✨;senang
Barang sesuwai....sipp;netral
Kaos ada yg lubang;netral
Bagus banget;senang
Barang nya bagus lumayan juga secara desain;senang
Ok;netral
bagus , cuman baru sekali cuci aga luntur;senang
Bahan katun adem, tapi nge pas bgt ambil ukuran xl untuk BB 70kg;netral
Standar bgt ga wah 👍;netral
Sep;netral
Ok;netral
Ok;netral
Kurang suka;senang
Jahitannya kurang rapi sama talinya agak acak acakan but its okay lah 4 stars dulu untuk buy yg kali ini overall everythings fine cocok untuk pemakaian casual;senang
Mantul tul;netral
Yang datang sesuai pesanan.Makasih atas barang nya;senang
Barang bagus;senang
Untuk kualitas sesuai dengan harga, tapi untuk ukran yang sya beli 41, lbih kcil, berasa ukran 40, jadi sangat sempit.;senang
kurang besar dikit di ukuran 39 empuk juga oke;senang
cepet kotor;netral
"Kualitas produk: Baik dan nyaman di pakai nya
Tapi sangat d sayang kan pengiriman nya lama d aplikasi nya paling lama 30/03/2025 
Sampae nya baru hari ini 06/04/2025";senang
Bagus;senang
Jahitan kurang rapih masih ada yang keluar-keluar, untuk keseluruhan sepatunya baguss.;senang
ukuran lengan terlalu panjang dan besar (di keterangan 22.5 cm, kenyataan 25.5 cm), sangat berbeda dengan pembelian sebelumnya, pdhl pada kategori dan ukuran yg sama (see picture);senang
ukuran lengan terlalu panjang dan besar (di keterangan 22.5 cm, kenyataan 25.5 cm), sangat berbeda dengan pembelian sebelumnya, pdhl pada kategori dan ukuran yg sama (see picture);senang
Katanya beli 2 gratis 1, punyaku gak ada gratisan nya...hoax nih;senang
"Yaa makasih
Barang sesuai dengan yang di tampilkan di toko";senang
ini biasa aja, sablon jelek bener sablon yang dicuci bakal kelopek kalo di setrika bakal melepuh kurang bagus , ini tolong dibenahi tuh product nya;senang
Bajunya sangat bagus.;senang
"Bentuk dan ukuran: Pas
Warna: Sesuai";senang
Ribet;netral
Sesuai;senang
Bahan nyaman dipakai, jahitan rapi. Bahannya jatuh di badan, bagian lengan agak kurang sesuai dengan harapan saya yang membayangkan kelihatan seperti foto produk.;senang
Bagusss;netral
bagusenakwanginyatahanlamaeleganwanginyaenakgngeboringinfreshbebasdaribaubbdanmatahqri;netral
kok dikirimnya sendal;netral
Kotor, kayak jamuran gitu. Mana yang sebelah kanan untuk tapaknya itu gak rata weh, bikin sakit kaki. Nyesel gue beli, mending beli di toko nambah 50k juga udah dapat yang bagus;senang
Baju bagus tapi bahannya kurang halus kalau di pakai panas , tapi tidak masalah saya tetap suka model nya baju;senang
Lumayan;senang
kualitas alas karetnya kurang bagus, licin;senang
Mantap full;senang
Bahan empuk dan tidak licin bahkan saat basah. Ukuran tepat dan masih ada ruang lega. Kualitas bahan dan cetakan sedikit kurang, terlihat beberapa rembesan di garis cetakan dan di bagian bawah sendal terdapat titik yang rata besar sendiri di tengah profil zig zag. Cocok untuk harga diskon ~50k, mungkin masih bisa dimaklumi juga di harga asli 110k;senang
Bagus kain nya....;senang
Barang kece abis;netral
Saya kira ukuran 43 sudah besar ternyata ukuran 43 kecil banget jadi susah dipakai. Mengecewakan sekali.;senang
"Model dan bahan ok
Tapi ukuran nya agak ramping(kecil) di banding merek lain
Tapi Masih ok";senang
Ukuran xlnya agak besar;senang
Bagus barangnya;senang
Paketny tidak smpai di saya;netral
"Agak pupul males balikin nya ribet
Kualitas produk: Agak pupul";netral
Bagus sekali;senang
ada noda;sedih
Tapi so far so good. Thankyou!;senang
Atau emang karna expedisinya yg ngeselin,;netral
Barangnya bagus, so so lah, cuma lamaaaaaaa banget sampainya;senang
Lagi tanggal merah libur lebaran;netral
Entah saat saya order karna;netral
Kais nya tipis ga sesuai expettasi;senang
Beda sama yg hitam yg saya beli di malll kecewa bangettt  bahan kurang halus;senang
bagus;senang
Warna bordir aj beda yg di pesan hijau sablonnanya yg datang putih tpi bgslh;senang
Bagus semoga awet, t.;senang
Kaos ternyaman;senang
mantap;senang
"Shape and size: Pas
Scent: Ya ala sepatu baru
Wearability: Sol lumayan berat
Color: Cantik";senang
Pengiriman cepat,bahan adem,nyaman dipake y;netral
terdapat lekukan pada sepatu;netral
"Pengiriman lama packing kurang safety cumn kotak sama plastik ga ada bubble wrap untung aja ga penyok tuh sepatu kotak ny aja penyok"" sepatu okeh aman bgus produk lokal tapi tolong buat packingan lebih safety biar barang sampai dengan selamat";senang
ini gimana ceritanya, packingnya dak di lapis bubble warp cuma plastic bening itupun ada yang udah sobek 😭padahal sebelumnya pas pesen sepatu yang cell edisi dragonball sama joker masih di bubble warp,... tapi untungnya gapapa isinya, jadi aku kasih bintang 4 untuk yang kali ini karena packaging over all barangnya bagus👌🏼;senang
Mantap;senang
"Jahitan tidak rapi
Banyak detil kecil yang tidak bagus
Kualitas seperti barang reject yang tidak lolos QC
Kurang puas";senang
Mantap, barang sampai dengan selamat kualitas ok ukuran pas cocok banget...;senang
padahal ukuran sama yg L tapi ini ko aga gedean yaa, bahannya juga lebij tipis dari yg biasanya aku beli. padhaal baju siami semua dari aero;senang
baguss;netral
Barang sampai dengan aman, walau sedikit basah karena perjuangan si mamang kurir jalankan hujan, badai saja di terjang demi family;senang
Jahitannya kurang rapi, mohon lebih teliti lagi yah 🙏🙏🙏;senang
"Barang sampai dengan selamat 3-4 hari, 
Bujang ku suka";senang
Buku dan nya tipis, untung aja engga rusak, tapi kualitas bagus;netral
Meski paket nya sudah datang, tapii paketnya ada yg ngambil belum jodohnya kali dan ada yg lebih membutuhkan dari pada saya,, fix kesalahan saya pribadi harusnya kirim ke alamat kantor aja;netral
Wangi ny terlalu strong, lumayan tahan lama;senang
Kurang rapih;senang
Bagus beli di sini gak pernah kecewa;netral
Kualitasnya oke, cuma agak kotor sedikit sepatunya 👍;senang
Nice barang sesuai;senang
packingnya rada mengkhawatirkan. cuma dibungkus plastik bening tipis yg ada sobekannya.;sedih
Bagus;senang
Bahan bagus tapi sayang ada lecet dikit ada bagian yg ngelupas sedikit padahal mau buat kado huhuhu🥲🥹;senang
Realpict,pas sesuai ukuran yg dipesan. Sudah langganan di aerostreet.;senang
kebesaran ternyata tapi bagus, -1 bubble wrap;senang
Salah kirim warna, penanganan komplain tidak memuaskan;marah
"kardus robek
sepatu mantaf";netral
"mau tuker aja gk boleh, pdhl ga saya apa""in sepatu nya, saya minta tuker karena kekecilan.";netral
Terdapat jahitan/benang hitam yang menancap di midsole sepatu jadi tolong lebih di perhatikan lagi;netral
Bagus;senang
standar;netral
standar;netral
Terlalu ngepas sih di kaki saya untuk ukuran 42 ini, harusnya ambil size 43 tadi, tapi Masih nyamanlahh buat dipake jalan jalan;netral
Ok sip lah👍;netral
kualitasnya bgus tpi sayangnya kardusnya ga dipkein bubble wrap jdinya pda penyok robek juga kardusnya;senang
Mantap barangnya;senang
pengiriman 6 hari, datang kondisi masih oke;netral
"Baca komen"" sendal nya kekecilan, dilebihin ukurannya dari yg biasa dibeli onlen malah kebesaran. Tpi overall bagus sih. Thanks seller semoga awet";senang
"Baca komen"" sendal nya kekecilan, dilebihin ukurannya dari yg biasa dibeli onlen malah kebesaran. Tpi overall bagus sih. Thanks seller semoga awet";senang
"Bagus coy, high quality
Agak minus di jaitannnya aja si, kurang rapih

oiya yg mau co naikin 1 size di ataas size kalian, biar ga terlalu ngepress";senang
Mantap;senang
Keren, mantap insyaallah mau order lagi nanti 🙏🏻😁;senang
Baik;senang
👍;netral
"Co spatu Austin coktu bs COD. stlh bs co konfirmasi gk bs COD. Klu gk bs knp diaktifin??? 
batalkan pesanan gk bs. yg dtng wrn ijo hrganya sm nggk amanah.";netral
"Ukuran pas,
Bentuk dan ukuran: Pas
Warna: Sesuai tapi sisa benang masih menjuntai dimana-mana, its ok bisa digunting sendiri";senang
Bahan bagus adem;senang
Mantul;netral
Mantul;netral
Baru kali ini saya kecewa pemeblian baju aerosstrett pedahal sdh 3xnya ni minta pengembalian di persulit haduhh langganana yang bakalan  berkurang ya karna produk ini pedahal sdh kesalahan pabrik ukuran lengan  gak sama malah cuman di kasi vocher 30k;marah
.;netral
.;netral
.;netral
.;netral
.;netral
jaitan kurang rapih, kekecilan sedikit;senang
Kualitas produk: Mantap lh;senang
"oke lumayan yah kualitas sesuai harga
ngga bagus banget ngga jelek juga";senang
...;netral
Oke;netral
aku suka sama sepatu nya empuk dan nyaman, cuma warna nya agak kurang putih ya atau memang begitu?;senang
Not bad;netral
Ini kog besar ukurannya mas;senang
selalu beli t-shirt disini, bagus dan nyaman🤍;senang
Lemnya kemana-mana;netral
Jelek barang nya;marah
Nyaman;senang
stock etalase tdk update;netral
Jahitan kurang rapi.;senang
bagus, ukuran pas;senang
Y;netral
Sepatu nya bagus, cuman banyak bangat jahitan nya yang kurang bagus.;senang
bagus;senang
Kekecilan dikit harus nya ukuran 40;netral
Kualitas produk: Lumayan tebal dan tidak menerawang. Sejuk dipakai;senang
Bahan ny kasar tdk sperti biasanya halus, saya sudah beberapa kali beli aero tp kali ini kecewa sma bahan ny;netral
tulisanya ko ditengah harusnya agak keatas tpi overall oke;senang
bahannya oke, sablonnya 😩;netral
untuk harga sekian lumayan okee, tapi sayangnya ada benang benang yang keluar dan karet2 dikit yang berlebih;senang
Gampang patah;netral
boxnya rusak dan bolong bolong, ga dikasi bubblewrap jadi boxnya resiko rusak. mungkin juga jadi rusak karna di tempat sortir ketiban sama yang lain, tapi seharusnya tetep dikasih bubblewrap biar tambah aman. alhamdulillahnya, isinya ga kenapa napa, cuma minus boxnya rusak;senang
Bagus;senang
Bagus;senang
Bahan adem. Ga ada sakunya.;netral
Good nice;senang
Nice;netral
Jobb;netral
Good;senang
Sukakk bgt 😭👊;netral
Ternyata berat ya sepatunya, tp gak apalah sesuai dengan harga;senang
Alhamdulillah;senang
Biasa pakai 41 ternyata kl pilih yg ukuran ini malah kebesaran kaya lebih 2 ukuran 😭;senang
ukuran yg dipilih 32 yg dikirim 28;netral
harga competitive kualitas bintang 5, kita support produk lokal berkualitas;senang
Pengiriman cpt barang bagus;senang
Saya beli warna hitam dan biru muda ukuran M. Tapi kualitas yg saya dapat dari 2 barang tsb berbeda. Yg hitam bagus, tebal, tidak longgar sedangkan yg biru muda tipis dan kainnya molor. Kok bisa 2 produk sama ukuran tapi kualitasnya beda?;senang
mantap;senang
bahannya khas aerostreet yaak, dan syukur alhamdulillah panjang badannya sesuai tidak seperti yang saya beli waktu itu, ada improve entah hanya produk ini saja atau semuanya saya belum tau, overall bagus banget, panjang bajunya sesuai, bahannya ademm, mantap jiwa;senang
Kebesaran;senang
barangnya oke tapi yang datang beda warna😢;netral
2 minggu;netral
lingkar leher agak besar;senang
sandalnya kurang lebar untuk ukuran kaki 43/28cm, terasa sempit meski panjangnya cukup.;senang
Cukup;senang
Sandalnya bagus tapi kotak kenapa gak di bungkus;senang
keren dah pokonya;senang
Terdapat minor error perihal toleransi ukuran. Tapi bagus;senang
Bagus sesuai sma yg d pesan sendal,y;senang
Barang bagus..pengiriman lama;netral
Sebenarnya oke sih tapi size yg dikirim salah;netral
Spatunya bagus,Namun terdapat titik2 noda, dos penyok2, bekas jahitan tdak rapi, bagian bawah sol tidak dirapikan. Overall agak kecewa sih. Harus dibersihkan lagi, semoga nodanya bisa hilang. Padahal mau repeat order sepatu lainnya malah dibikin kecewa. Ukuran mepet, baiknya nmbh 1 ukrn;sedih
Cuman clown Joker .. Sayang stikernya rada miring sedikit... Jadi kalo di pakai terkesan jomplang ke atas kalo di lihat... Saran sie.. Sebelum di kirim chek lagi kwalitanya bang.. Biyar pelanggaran pada tidak lari..  Next order lagi.. Kalo soal kwalitas sie oke banget bang;netral
bocor parfumnya ga bau jd nya lama pula;marah
minus gak ada sticker;netral
Warna dan ukuran sesuai;senang
kekecilan..mau dituker aja;netral
Sesuai;senang
Sesuai;senang
Udah beli 2 kali tapi yg terakhir ini barang cacat, tolong lah d teliti klo dijual jahitan nya miring masak jahitan di depan, harusny d samping;senang
Kekecilan bagt;netral
warna nya agak gelap ternyata yaa lebih ke dark blue;senang
Bahannya agak tipis dari yg awal² beli;netral
Bahannya lebih tipis dari beli yg awal² dulu;netral
Sudah 2 kali beli , kyaknya tebal yang kainnya hitam deh;netral
Sudah 2 kali beli , kyaknya tebal yang kainnya hitam deh;netral
.;netral
Tutupnya ga kenceng jdi diperjalanan ada parfum yg tumpah;netral
Produk baik;senang
pengiriman cepat;senang
Sesuai harga;senang
Pengiriman lama👎🏻;netral
bagusss tapi kebesaran di saya;senang
Oke;netral
sae pisan;netral
Jahitan pinggir udah hampir ke buka, kualitas jahitan kurang kuat pemakaian baru 2 minggu.;senang
Keren;senang
Kualitas produk: bahan tipis ga tebel hodie seharga 300;netral
Bagus;senang
Bagus;senang
Not bad;netral
Bagus sih cuma kekecilan kalo mengikuti tabel ukuran panjang telapak kaki.;senang
Bagus;senang
Bgs;netral
Bagus;senang
Tap;netral
bahan oke bagus tapi ada yg cacat di jaitan nya malas bgt ga bintang lima;senang
B;netral
Kebesaran ternyata tydac bs ditukar. Mengsedih;senang
Beli 41 kebesaran beli 40 kekecilan...sulit;senang
"Gimana nih min, 
PackagingNya nempel di kainnya, Sad deh !!!
Bagus dan tebel sih, cmn bt bgt plastiknya nempel 😤";senang
Kebesaran;senang
Salah ukuran;marah
Bagus;senang
Bagus;senang
ternyata ke besaran;senang
Produk bagus pengiriman jelek;senang
𝙿𝚊𝚛𝚊𝚑 𝚔𝚎𝚛𝚊𝚗 𝚔𝚕𝚒 𝚋𝚘𝚜𝚔𝚞𝚞;netral
semiga awet;netral
Lumayan;senang
"Sorri kk,Kenapa warnanya kayak celana kotor ya?
Dak sesuai dengan gambar agak keliatan bersih..
Dan juga biasa klu kita beli celana baru lubang kancing belum dilubangi kenapa ini sdh dikancing?";senang
"Pengiriman lama bet mungkin krna uda meped lebaran kali yah tapi untung sampai sebelum lebaran tiba, 
Real pict sih bahannya halus ss bangett euyy warnanya pinky2😂";senang
Bhnnya adem;netral
Ada jaitan sekitar 1-2cm di ooutsol putih luarnya jelas banget, mau di ilangin susah harus di cabut jadi ribet, kecewa dikit. Insol kaki enak empuk, outsol nya berat banget jaitan biasa aja. Lumayan dengan harga segitu minus kecewa cacat jaitan di outsol aja, sekelas brand lokal terkenal sayang.;senang
Jos;senang
Bagus sesuai harga;senang
Wanginya unik;senang
Cemen kekecilan bukannya cepat diprosesnya malah dilamain hadeh...;senang
"Bajunya bagus, kaennya tebal dan nyaman, cuman minusnya kreseknya kebuka pass datang, tapi Alhamdulillah barang nya baik"" saja.
Intinya kualitasnya aman dan nyaman.";senang
Buruk;marah
Kegedean size gbs di tuker🙄;netral
Udah di trima;netral
baguss;netral
Bahan tipis TDK seperti sebelumnya;netral
Sepatunya bagus, cakep, bahannya bagus. Tapi perlu diperhatikan lgi qc nya. Masih ada sisa lem, sisa2 benang yg mekar. Trus ada bagian yg beda kaya di foto;senang
Sedikit kebesaran;senang
celana sempit tidak sesuai dengan standar ukuran 36 pada umumnya;senang
Kualitas berkurang;netral
Kualitas berkurang;netral
Kualitas berkurang;netral
Barang oke, tapi kurang slim;netral
"kecill L nya
bahan lumayan adem";senang
Bagus;senang
Bagus;senang
Ternyata lebih besar dr yg lainnya, tapi bagus anakku suka;senang
Produk nya bagus qu sukaa ,next order lagi tapi beda warna;senang
"Gatahan lama wanginya, kecoa euyy 

Packing dan bungkusnya TheBest!!!";netral
Pas enteng empuk;netral
Lumayan;senang
Lumayan;senang
Lumayan;senang
Tidak sesuai jlek;senang
bagus bgt;senang
Sesuai pesanan;senang
"bagus lumayan utk harga segitu, cuma ada jahitan yang kurang rapi aja sedikit
utk packaging nya yaa tolong di perbaiki lagi cuma di kardus sama plastik ajaa kurang bgt deh minimal isi buble wrap lah masa cuma gitu aja packaging nya utk sepatunya ga rusak";senang
yg di kirim warna item bg🗿;netral
Barangnya uda nyampe, bahannya lembut tebal banget,ambil size nya M ternyata masih besar juga ukurannya.;senang
Barangnya uda nyampe,bahan bajunya lembut & tebal banget. Tokonya amanah......👍👍👍👍👍👍;senang
Barangnya uda nyampe,ukuran size M nya besar juga. Tapi bahannya bagus,lembut &tebal banget. Toko nya amanah......👍👍👍👍👍👍;senang
"Trnyata cukup berat sepatu nya,
maaf belum bintang 5 🙏";senang
Bhannya bgus enaken melar juga tp syang slah plih size kekecilan;netral
Oke;netral
Oke;netral
y;netral
sandal terlalu sempit;netral
Recommended product;netral
Kualitas produk: Lumayan;senang
Kekecilan UK 43 nya gaada terus;netral
Untuk barang blom tau,soalnya blom sya ambil di gudang, terkendala sama hari lebaran;netral
Bagus bgtt;senang
Sio;netral
Sip;netral
Lumayan sih;senang
Kegedaan dkit. Pdahal klo dr ukuran cm q kurng. Akhirnya q rebus biar kecil dkit 🤣;netral
Sesuai pesanan;senang
"Daya tahan pakai: Oke
Warna: Oke";senang
Bagus;senang
sepatunya kotor;netral
Bagus;senang
Bagus;senang
bagus;senang
Produk terlalu sederhana , buat harga segitu terlalu mahal;senang
Bli yg lengan panjang m kekecilan ,trus bli lagi yg lengan pendek size L malah besar kali;senang
Bagus bahannya tebal. Pas di bdan;senang
Bagus semua, cuma barang yg aku dapet tali nya kurang rapi, tapi gpp untuk semuanya oke punya ini barang;senang
Sempit bagian atasnya;senang
b aja;netral
b aja;netral
Joss;netral
baik;senang
baik;senang
wanginya kaya minyak apa gitu, bagus buat outdoor;senang
Kecil bangetz baunya kurang suka menurutq;senang
Kecil bangetz minyaknya baunya kurang suka;senang
Bagus;senang
jaitannya kurang rapih, box penyok dikit;senang
nice;netral
barang gk sampai;netral
barang gk sampai;netral
Ketat banget 😁;netral
Bagus;senang
Bahan tebal bagus;senang
Kualitas produk: bagus;senang
Aroma: sangat buruk;senang
"Sepatu ke3 dr Aerostreet
Suka bngt dr segi design dan warnanya, nyaman jg kalo d pake, apa lg buat berdiri lama
Mungkin lebih d perhatikan lg dr segi kualitas walaupun hrganya tergolong murah, terutama yg saya temui ada noda, langkah jahitan jg ga sama trus benang panjang jg. Tp oke lah overall suka";senang
Size 37 tapi kegedean;netral
Size 37 tapi kegedean;netral
Size 37 tapi kegedean;netral
oke;netral
"Bentuk dan ukuran: Pad
Daya tahan pakai: Bagus
Warna: Terang";senang
ngepas banget, tipe sepatu yg emg agak tebel gitu ya. lucuu warnanya, overall good;senang
Bahan kok JD lebih tipis yah dr yg sblm nya;netral
pesan size XL semua barang habis tidak konfirmasi dulu asal kirim size XXL, dan pesan warna hitam semua malah kirimnya bukan warna hitam;netral
pesan size XL semua barang habis tidak konfirmasi dulu asal kirim size XXL, dan pesan warna hitam semua malah kirimnya bukan warna hitam;netral
pesan size XL semua barang habis tidak konfirmasi dulu asal kirim size XXL, dan pesan warna hitam semua malah kirimnya bukan warna hitam;netral
nambah tipis aja bahan nya edas;netral
barang tidak ada. packing diterima dalam keadaan sobek. apa yang mau di foto kalau barang tidak ada;netral
barang tidak ada dalam kemasan, packing diterima dalam keadaan sobek. apa yg mau difoto kalau barang tidak ada;netral
Kardus nya udah ditambel aja ini;netral
Bahan berkualitas, nyaman di pakai;senang
Luntur warna nya;netral
Cakepp;netral
Keren;senang
Ukuran pas warna sesuai pic;senang
Kualitas produk: Bahannya adem;netral
Kualitas produk: Bagus;senang
Kualitas produk: Rekomend;netral
Keren;senang
Ada  sedikit kendala🙏;netral
Wanginya 2jam dah ilang;netral
Saya beli kaos ini 2pcs, 1 barang yang dikirim memiliki bercak yang sangat terlihat dan saya proses refund yang sangat lama prosesnya, Barang ke 2 juga memiliki bercak namun samar dan saya tidak terlihat sehingga sudah saya pakai dan tidak bisa saya proses refund. Mohon dibenahi quality check sebelum anda mengirim barang dengan harga segitu tidak murah bagi saya untuk sebuah kaos.;senang
Kurang enak sih menurut gw, mirip bau jovan.;senang
Baunya kayak pengharum ruangan kamar mandi.;senang
Bahan adem & bagus;senang
sesuai gambar tapi untuk lem nya kurang rapi ada kelihatan dikit;senang
Paketan yg ini kurang suka.,. Krna agak tipis.,. Gk yg sprti yg dtg duluan jk tebal halus n ak sgt suka baget., tpi gk apa2 dh oky juga mski agak tipis yg ini;senang
Sablon kurang rapi, untuk lainya sih lumayan lah;senang
Pesan warna maroon dan abu-abu dikirim maroon semua, padahal sudah saya chat penjual nya...;netral
Bagus adem;senang
Kualitas produk: Ukuran tdk sesui dgn yg d pajang;netral
Kualitas kain bagus, tp ukuran tdk sesuat dgn yg tertera,;senang
Kemarin 42 kebesaran jadi order lg yg ini pass dikaki swamii, cepet pula datangnyaa;senang
Bagus banget, apalgi buatan lokal yaa saya apresiasi. Tapi ada sedikit evaluasi dalam kerapihan di sepatunya yang harus di perbaiki kedepannya! Semoga yang belum beli segera check out sekarang juga dari pada branded tapi KW!! Kwkwkw;senang
Mantap;senang
Barang sampai tp sayang salah ukuran S nya terllu kecil dan pendek hrs nya peaan M;sedih
aerostreeet mah ga' usah di ragukan lagi..bahan uadem nyaman banget👍;senang
sudah langganan aerostreet...jadi sudah tidak di ragukan lagi..muantaaap👍;sedih
Kualitas produk: Bgus lh;netral
"Kualitas produk: Bagus
Bahan nya bgus, tpi ukuran nya aj gedeh L nya
Syang sekali egak bish di pakai am saya";senang
Murah berkualitas;senang
Murah berkualitas;senang
Mqntqpppppp;netral
Aneh yaaa ini barang belum saya terima kok sudah keterima,aneh bangeeet;senang
Keren;senang
baru mau di pasang lgsg copot 😭;netral
Size 42 ternyata kegedean;senang
J;netral
Mayan, cuma bagian dalam nya masih ada yang kurang cocok buat saya;senang
Bentuk dan ukuran: kegedean doang, selebihnya bagus;senang
Kebesaran dikit;senang
Pengiriman cepat, barang sesuai ciamik;senang
thankyou;netral
Pesen ukuran 40 yg datang 38,mana datangnya lama lagi;netral
bagus sesuai harapan;senang
Sesuai pesanan, tp bahannya kurang halus, agak kasar;senang
Langganan banget sama produk aero udah gatau berapa kaos karna emang sebagus itu bahanya 🤍;senang
Langganan banget sama produk aero udah gatau berapa kaos karna emang sebagus itu bahanya 🤍;senang
mantaaaap;netral
Bahannya cukup tebal sesuai harga, jaitannya rapih pokoknya mantaplah;senang
sedikit penyok;senang
Pesan warna hitam datang malh warna putih,;netral
detail finishing nya kureng;netral
kecewa, warna putih yang di atas beda sama warna putih yang di bawah, yang di atas kayak kumuh gitu aneh parah sih ini;senang
mntap;netral
Keren👍🏻;senang
Bagus;senang
Agak terlalu berat, warna putihnya lebih ke cream;netral
"Jahitannya gasingkron!!!!
Bikin gregetann,tapi warnanya bagus. Ya lumayan harga segitu berharap apa🥲";senang
"Sesuai harganya.
Bahan karet. Ringan
Msh Nyaman di pake jln dekat"".";senang
"Bahan karet
Msh nyaman krna di pake cma drumah
Sesuai harga
Pemgirimannya OK, cepat , aman paketnya 🫶";senang
ada beberapa bagian yang tidak rapih;senang
Bagus;senang
bagus kainnya tebal tapi minus di sablon, aku kira sablon tanam rupanya timbul jadi rawan rontok, punyaku sudah rontok sedikit;senang
Bagusssss;netral
terlalu besar;senang
ada nodanya 😌;sedih
"sablonannya kurang presisi pas tulisan ""EVOLUTION"" nya";senang
Zise kegedan;netral
Keren banget sendalnya ,,hanya sayang ukuran 40 kepanjangan dikaki suamiku;senang
sebelum saya buka paket sudah di video unboxing tetapi penjual tetap tidak menerima komplain sangat mengecewakan;senang
sandalya bagus,tlg di perhatikan packing nya.masak cuman selembar plastik tipis banget.nyampek sini sobek2,box nya juga ndak di slotip.klo ada apa2 kan kasian kurir nya.apalagi saat higtsesasen gini.;netral
Sendal nya bagus tapi atasnya tipiss;senang
Kainnya tebell,ademm,enak di pakai;netral
Sablonnya bagus banget mantapp;senang
Produk aerostreet tidak diragukan;sedih
agak kegedean dikit ukuran nya;netral
"Bagus, baha
nnya lumayan adem";senang
Lumyn;netral
-;netral
Nerawang;netral
Pengiriman lama check out tgl 22 datang tgl 28 jasa pengiriman nya ninja Xpress;netral
Bagus tp leher nya Agak melar yah;senang
Warna beda dari foto, bukan maroon lebih kecoklatan atau dark wine;netral
Ukuran 40 nya kecil;netral
Xl kebesaran tapi barang baguss;senang
Ya;netral
Ya;netral
Ya;netral
Ya;netral
Seneng banget dengan produk aerostreet, tapi untuk yang warna hitam bahannya lain dengan yang army, khaki, dan krem, cenderung terlalu longgar dan tipis untuk ukuran yang sama..;senang
Kainnya kasar dan kaku sihh;marah
Ada noda hitam di bagian depan kaos;senang
....;netral
Ini buat cwek yaa??;netral
Ini buat cewek yaa??;netral
Agak tipis nerawang gt kemeja nya maaf ya;senang
Good;senang
lumayan bagus;senang
Bgus dan adem bahnny;netral
Sesuai harga;senang
ukuran tidak sesuai. masih kebesaran;senang
ukuran tidak sesuai. masih terlalu  kebesaran;senang
Saya beli ukuran size nya 32 knp di antar nya 30 ya gimanaa yaa kr2;sedih
Barang nya bagus. Tapi bungkus nya penyok. Lebih perhatikan packing nya, beda perlakuan kalo beli sepatu;senang
"Barang tidak sesuai ya kakkkk
Tp yaudahlah ya gpp";senang
All good, tapi ekspedisi pengiriman nya gak jelas, saya bayar ongkir sampai depan rumah, tapi pihak ekspedisi bilang bukan rute mereka, kalau bukan rute mereka kenapa malah ambil, kan kocakkk, malah ujung-ujungnya saya jemput ke tempat ekspedisi nya langsung yang dari rumah saya makan waktu satu jam;senang
Warna di sablon nya cacat, ada corak warna lain;marah
Barangnya bagus empuk di pakai 👍 minus kotak penyok semua 🤣;senang
oke;netral
Biasa;senang
Parah , saya pesan 2 dengan motif yg beda tapi dikirim motif yang sama, seller konfirmasinya juga telat karena pesanan sudah terlanjur di pick up. Kecewa sih. Kalo barangnya memang barang kosong lebih baik usah ada di etalase. Mohon maaf , saya sangat kecewa.;senang
agak kurang sih packingannya, dengan harga segitu. tapi barangnya bagus lah;senang
barang bagus,minus di pengemasannya kotak nya penyok,selebihnya memuaskan;senang
Barang sesuai sangang pengiriman agak sdikit lambat;senang
Mantap mendarat dengan aman;senang
"L
Kualitas produk: Lumayan";senang
Kalau yang ini L nya gk terlalu gede bagus;senang
Ukuran L nya beda beda ada L normal ada L segede nah ini yang item segede gaban;netral
Paket sudah sampai, semoga sepatunya bisa kepake lama;netral
Gak pake bublewrap packingnya;netral
Akhirnya dtg jg;netral
kurang;netral
bagus;senang
"ada noda kuning gatau apaan 😔
overal bgs bahan tebel dan nyaman dipake cmn ta gtu";senang
"Barang tidak sesuai dengan yang di pesan sedikit kecewa😏
Baru kali ini setelah beberapa kali pesan baju tidak sesuai dgn yg di pesan";senang
"Bagus bahan alus enak tapi Agak kegedean ukurannya
Recommended lah next psen lagi dngan downsize";senang
Ok;netral
Kualitas barang lumayan lah sesuai dg harga, untuk pihak aerostreet bagian packing di perbaiki lagi, soalnya yg saya pesan tidak di kasih packing dus atau sterofoam bubble, sehingga rentan rijeck, alhamdulillah sepatu nya amannn;senang
"Ini size M besar bgt
Kualitas produk: Bagus";senang
Untuk celana aku kasih 5 star, tapi untuk baju? Itu warna beige atau latte? Gelap amat warna beige nya? Padahal sudah nyiapin celana yg pas buat warna beige jadi gak cocok... Gak sesuai sama digambar warna bajunya;senang
Bahannya lembut, sesuai gambar;senang
Gg;netral
Saya beli warna biru tua tapi koq yg datang biru muda (biru jeans);sedih
Produk sesuai tp warna agak lusuh tp is okey bordiran aman 98% lah;senang
Akan dirubah review ketika ada tanggung jawab dari seller;netral
"Produk bagus
Kualitas produk; Bagus
Pengiriman yang buruk lama sekali";senang
Bahannya bagus berkualitas;senang
Ku kira sampe agak di bawah lutut sedikit, tapi overalll bagussssss;netral
Bahan atasnya panass;senang
Worth it for the price;senang
Barang bagus pengiriman cukup cepat dan tepat waktu semoga awet ☝️ 👍 ♥️ 👌 ❤️;senang
Ada2 aja beli sandal datengnya besi;senang
jangan ragu kalo beli disni;sedih
Bahan nyaman dipakai;senang
Sangat memuaskan dengan produk kualitas bagus;senang
Ukuran 41 kekecilan padahal ukuran kaki ku biasa 40;senang
Bagus;senang
Sip;netral
Enteng, semoga awet;netral
Bagus Kualitasnya,tapi pas sampai ada sedikit noda di sepatu nya;senang
Bahannya seperti berudul,gak sesuai ekspektasi😓;senang
Pas di suami;netral
bagus;senang
Sesuai pas sayang nya box nya rusak..;senang
Kualitas produk: Bgs;netral
Produk lokal kualitas loyal🤞🙏;senang
Ok;netral
Sama produk belum nyampe tapi disini udh diterima;senang
Produk belum nyampe tapi disini laporan udh nyampe;netral
lumayan;senang
Sip;netral
Nyaman dipakai;senang
"Bagus sepatunya sesuai harga
Semoga awet...

#LokalJaya";senang
Ada bekas nodanya gak bersih;netral
Barangnya sesuai pesanan tapi duanya penyok mungkin ketimpa ditempat ekspedisinya, tp sendalnya bagus sesuai pesanan. Makasih ya;senang
Beli dr tgl 10 baru sampai tgl 27;netral
Kirain 19 dpt 3 trnyata 1;netral
Oke;netral
Good;senang
Bagus, ukuran pas;senang
baguss;netral
Mantep pokonya;netral
Minta nya merah dikirim nya navy hadeuhhh;netral
good pruduk;senang
Kurang rapi;senang
Baguss bangett;netral
jahitannya ga rapi;senang
kurang puas;senang
Bagus, tapi Jebul kegedean, koyo numpak prau;senang
Ukuran tidak sesuai  yang kiri 43 yg kanan 42;senang
agak kecewa sih, ya kecewa aja, kecewa , yaaa aaa;marah
Boxnya penyok 😔;netral
Barang sesuai, tapi yang membuat kecewa adalah packing yang transparan membuat data pemesanan saya bocor kepada penipu yang merugikan saya, kenapa saya bisa tertipu ya karna saya kira itu dari real expedisi, dan bodoh nya saya bisa tertipu, ah sudah lah;senang
"barang sesuai gambar. bahan bagus . sol rapi.
cuma packingnya seadanya. 
Perbaiki dalam hal packing";senang
"Saran aja buat ntar sendalnya agak lebar!
Panjangnya udah sesuai cuman kesampingnya/lebarnya sempit banget";senang
Produk oke,,cuma kurang suka sama aromanya,pngiriman cepat,,,kurir oke,,,,slalu suka dgn produk2nya;senang
Baik;senang
Ok. Semoga awet;netral
Baik;senang
salud;netral
"Untuk brg bagus, minus di kurir pengiriman Ninja, selalu telat dri estimasi.
Bentuk dan ukuran: Bagus";senang
Lumayan;senang
Baik;senang
Kurang suka karena di bagian warna putih nya bahannya berbulu gitu jadi kurang suka aja, mohon admin di cek lagi barang sebelum pengiriman ada yang cacat/kurang tidak sepatu nya;senang
Baguss sesuai;senang
Bagus nyaman keren;senang
Bagus nyaman kereeenn;senang
"Kualitas produk: Bagus,jahitannya rapi,bahan adem,halus, bajunya pas
Suka banget semoga awet";senang
ukuran nya sesuai cuman sendal nya kurang lebar;senang
Ukuran pas;netral
Kok sablon nan nya retak;marah
Cocok dengan harga;senang
sesuai pesanan juman ada kesalahan teknis ,kemarin nanya saran buat uk baju buat TB 171 TB 60 d suruh ngambil L pas nyampe bener ukuran L tapi kekecilan 😭;netral
"Sangat buruk.. ukuran 43 kekecilan.. di toko lain tidak kekecilan baru ini kekecilan.. di tuker ukuran gk boleh.. kualitas lumayan pelayanan tidak recomended!!!

Pas online live katanya kalo retur buang2 waktu..
Anjay,, pelayanan sangat BURUK!!!";senang
Ukuran 39 sma kek ukuran kaki gajah;netral
untuk panjang mungkin pas. tapi untuk lebar kurang. kaki kurang masuk.;netral
...;netral
Kualitas bagus,ukuran pas,bahannya oke;netral
Aroma tidak seperti tembakau;senang
pengiriman sangat lama hampir seminggu,gada stiker nya coy;senang
Sepatu nya bagus tapi suede nya kek dah mati anjay;senang
Model nya bagus tapi pas di pake nya dan bahannya kelihatan murah banget, kurang nyaman dipakai lama soalnya KASAR bahan sendal nyaa;senang
Udah pernah beli berkali2 baju di sini. . . sebelumnya aman aja dan puas. . kali ini kurang puas ,maaf min. . . warna navy nya kaya dah pudar,ukurannya kemarin beli Ukuran M pas, ini gede banget, intinya ukurannya gak sama dengan ukuran M yang sebelumnya,semoga jadi poin perbaikan untuk kedepannya🙏;senang
pas mantap bosku;senang
Kualitas produk: Lumayan bagus;senang
bagus sesuai pesanan;senang
Looks oke, tpi bagian alas di dalam sepatu yang berisi tulisan timbul aerostreet malah buat kaki jadi sakit. Next better dibuat tulisannya  engga timbul karena jadi engga nyaman. Ini pertama kali pake aerostreet jdi semoga dipehartikan hal” sekecil ini. Thnks;senang
, 🫶🏻🫶🏻;netral
produk salah;marah
Aturan ambil size l size m di suami aku kekecilan  tapi Bhan ok nnti next co lagi;netral
lama;netral
Barangnya sesuai pesanan,harga oke kualitas oke pokoknya worth it👍;senang
Lagi gak beruntung aja, pecah di tengah jalan;netral
Kain lemes gak panas tp menerawang;marah
Ukuran L tapi gede banget.. beda dengan yg ukuran L yg biasa saya beli disini..;senang
Bagus;senang
Bahanya bagus dan nyaman dipakai;senang
sablonannya kurang mulus masih ada yang ga rata, tapi sablonannya kuat sih wort it lah di harga segitu;senang
Real pict, recomended;netral
kekecilan;netral
Bahanya sih;netral
ukuran nya engga sama kaya sendal aerostreet yg biasa ini mah lebih sempit amat yah ukuran 44 nya;senang
pesen kaos kok yg dateng malah korden😇😇😇;netral
Oke lah ya;netral
Ok;netral
Bentuk dan ukuran: sangat kecil, tolong perbaiki bagian upper sandal.;senang
"Warna: Sesuai pesanan
Bentuk dan ukuran: Bagus,pas";senang
Xl gede bgt.;netral
"Barang cepat sampai, sesuai uk, sesuai model
Kualitas produk: Jahitan rapi, warnabagus";senang
warna yang dikirim ga sesuai;senang
Okr;netral
Lengannya agak pendek, untuk tb 170/77;netral
Lengannya agak pendek, untuk tb 170/77;netral
Bagus, tp UK hrs up size biar nyaman;senang
Bagus, tp UK harus up size biar nyaman;senang
Lumayan lah, aku kira bakal slimfit. Ternyata ga begitu slimfit;senang
Kebesaran;senang
Sandalny yg satu besar yg satu kecil, tidak sesuai;senang
Tidak sesuai;senang
Tidak sesuai omongan;senang
bagus dan cepat,...;senang
.;netral
Barang sudah sampai cma bahannya agak kaku dkit, overall bagus thankz;senang
Barang sudah sampai cma bahannya agak kaku dkit, overall bagus thankz;senang
"Barangnya udah sampe
Bahannya lumayan bagus 👍
Cuman syang nya ngak sesuai dengan 
Pesenan, pesennya warna abu abu datang nya biru dongker...";senang
"Kualitas produk: untuk ketahanan parfum nya kurang lbh sama produk pada umumnya, dgn hrg segitu sedikit ckp mahal menurut saya.
Untuk packing, super aman.";senang
kekecilan, ukurannya sudah saya ukur menyesuaikan telapak kaki dan mengikuti standar toko tapi masih kekecilan;senang
bagian depan harusnya agak besar dikit lubang ya, bego design ukuran kaki 44 udh pasti kakinya besar tapi lubang depan kecil dikira punggung kaki datar. asu;senang
kerasss sepatunya;netral
ternyata terlalu panjang;senang
Keren sihh. Cuma size 40 sempit banget;senang
Sandal udah ok tapi kalo di lihat alas kaki nya cepat kotor kayak debu pasar cepat banget melengket di alas kaki nya cuma itu sih ke kurang nya selebihnya bagus 😄;senang
"spatu nya sih bagus, keren, nyaman dipakai. tapi kemasannya kayak males gitu, gadikasih box luarar. jadinya pas sampe kotak sepatunya ancur, jelek, padahal mau disimpen juga

sama tambahan buat sepatunya, finishing nya kurang rapih, jadi masih ada sisa benang keluar2an.";senang
Ukuran L kayak XL wkwkwk gak jelas;senang
Yg ini boleh;netral
Belum coba;netral
Ini juga ukuran L kayak XL , mentang mentang di borong, sebelumnya saya selalu beli di toko ini,kecewa sih;senang
Belum coba;netral
Belum coba;netral
Belum coba;netral
kecewa,pengiriman lamaa bngt dan paket diterima dalam keadaan terbuka,lain kali diperbaiki lagi kualitas pengirimannya kalo bisa jangan pake si ninja;senang
Aku udah beli kedua kali ini,kenapa yg ini ada kotoran ya🥲untung cuma sedikit 🙂;senang
Warnanya agak pudar;netral
Barang tida sesuai foto, saya pesen yg Putih semua datang nya ada warna hitam;senang
Bahannya tebel adem gitu;netral
Bagus, tapi agak kekecilan sedikit..;senang
Gak jelas yang di pesan warna apa yang dateng warna apa;senang
sandal nya gede sebelah;netral
Agak kekecilan;netral
Lumayan;senang
Bgus empuk tapi sempit;netral
Bagus;senang
Haaa;netral
Good produk;senang
Bahan baju nya bagus cuman di samblon nya ga nempel;senang
"Dri penjual ke ekspedisi pengiriman aja makan waktu 2hri, Dari ekspedisi nya malah cepet pengataran nya... 

Dimna mana mah,Dri penjual nya cepat ke ekspedisi nya... klo pengiriman lama di ekspedisi bru wajar.... kalo ini mah emang malas aja ngirim penjual nya, kalo kga dichatin !.. bahan standar";senang
"Pesan warna hitam malah dikirim warna krem -_-. Seharusnya jika stock kosong itu gantinya article lain dengan warna yang sama dan pembeli diberikan pilihan juga. Ini malah langsung diganti ""rekomendasi penjual"" warna krem, yang mana saya sebagai pembeli tidak mau warna tersebut.";senang
gerah bahannya haha;senang
Bagus bahan tebal;senang
"SEMOGA AEROSTREET BANGKRUT!! 
Toko yg sengaja menjual item barang yg sebenarnya sudah habis dan kemudian menghubungi untuk memaksa pembeli mau mengganti dengan item warna yg lain.
Saya beli 2 item panjang warna Hitam dan pendek warna Abu Tua, waktu dikonfirmasi dan kemudian transaksi kedua item barang tersebut bisa dibeli yg artinya ready.
Yg panjang diganti warna Hijau Army dan pendek memaksa saya utk mau mengganti dgn warna krem.
Saya sudah bilang bahwa saya tidak bersedia diganti warna krem dan minta utk dibatalkan saja.
Tapi AEROSTREET TETAP MEMAKSA UTK MENGIRIMKANNYA.
Setelah barang diterima saya komplain, barang saya retur sudah diterima Aerostreet tgl 23 Maret 2025 tapi karena memang Aerostreet nya kurang ajar barang tidak dikonfirmasi terima, sengaja agar supaya pengembalian dana saya tertahan.
Akhirnya komplain tertutup secara otomatis karena tidak di respon oleh Aerostreet dan sudah lewat 3 hari.";senang
celana chinos nya tipis banget untuk ukuran 28 perasaan tidak sekecil ini seharusnya nyesel banget deh sama bahan chinos nya yang tipis;senang
Nice;netral
"terpaksa kasih bintang 1, kedepannya kalau misa yang saya pesan itu kosong, itu kasih kesempatan bagi buyer untuk pilih sendiri sebagai gantinya, ya pastikan juga yang dipilih buyer tentunya harganya sama sama yg dipesen, bukan malah harus wajib dipilihin dari tokonya, udah gitu pilihannya jelek ga cocok ke selera saya, disuruu batalin langsung padahal belum di ekspedisi juga barangnya, malah disuruh nunggu pas nyampe, pinter akal""annya karena menjelang hari raya kek gini jadi siapa juga yg mau retur, ga bakalan cpt nyampe apalagi hari raya gini, ya akhirnya terpaksa harus diterima aja semuanya, ya jangan salahin juga kalau saya kasih rating bintang 1, karena ya ini pilihan dari saya, terserah saya toh, kalian juga ngirim baju terserah kalian kok, selera""nya kalian, jadi skrng ya bintangnya juga sesuai selera saya karena yang bajunya motif seleranya kalian wkwkw";senang
Pengiriman lama baunya yah sesuai bintang dengan harga;senang
Pengiriman 15 hari baru nyampai padahal estimasi 2-3hari saya kira udah di batalin pas nyampai baunya. Kayak parfum 5ribuan😭🤣🤣🤣. Paling benar jual sepatu aja dah 🤧;senang
baguusd;netral
ga tahan lama;senang
Untuk tampilan luar sudah OK hanya bagian dalam insolenya kurang nyaman, mungkin karna type sol bagian dalamnya masih dibuat potongan costum dan ditempel saja.;senang
ternyata no 40 besar bangett, di aku kebesaran banget. pdahal tulisannya no 40 cuma 24,1 cm;senang
Minus lubang kancingnya beda satu yg paling bawah.;marah
barang cepat;senang
Ok;netral
gooddd;netral
Tidak sesuai.. saya minta.y wrna putih yg dtang warna army.. sedikit mengecewakan;senang
Bagus sesuai ekspektasi;senang
Oke sip;netral
Beli putih dikirim coksu;netral
HARAP DITINGKATKAN KUALITAS PELAYANANNYA, BARANG BISA DI CHECKOUT TAPI TERNYATA STOK KOSONG. DAN DIKIRIM BARANG LAIN YG SANGAT TIDAK RELEVAN (KAOS PRIA DIGANTI DENGAN CROP TOP WANITA);senang
HARAP DITINGKATKAN KUALITAS PELAYANANNYA, BARANG BISA DI CHECKOUT TAPI TERNYATA STOK KOSONG. DAN DIKIRIM BARANG LAIN YG SANGAT TIDAK RELEVAN (KAOS PRIA DIGANTI DENGAN CROP TOP WANITA);senang
pesanan sdh di terima..sayang ukuran nya gak pas..jd musti beli lg deh..;netral
Takut ka nyampae;marah
Cepet mendarat dgn aman, n markotop;senang
Bagus;senang
Bagus;senang
Bagus;senang
Ok;netral
Bagus;senang
Mantap;senang
Agak tipis biasanya lumayan tebal produk yg lain;senang
"gelap banget warna maroon nya, beda sama yang di foto produk, kecewa sih ga ngeliat komentar dulu pdhal baju ny mau di pke buat lebaran,, berharap warna sesuai sama yang di foto ternyata lebih gelapp bangett++
untuk bhan ny bagus";senang
Tidak sesuai ekspektasi;senang
Sesuai deskripsi;senang
Bahan sesuai ulasan warnanya juga bagus;senang
Produk mantul;netral
Jahitan ada yg keluar jalur. Dan potongan hitam diantara Kanan kiri tidak presisi.;senang
barang nya bagus banget harus nya bintang 5 walaupun packingan nya rada gimana gitu yah tapi respon admin nya ga banget padahal ada masalah tapi cuman di jawab bot;senang
Kekecilan;netral
bahannya tipis dari yg pertama beli beda bahan;netral
bahannya tipis dari yg pertama beli beda bahan;netral
bahannya tipis dari yg pertama beli beda bahan;netral
bahannya tipis dari yg pertama beli beda bahan;netral
bahan nya beda dari yg pertama beli;netral
Kaos nya tebel bahan adem;netral
Sendal nya jg nyaman d pakai;senang
Ga boleh tukar size ,payah....;netral
Tidak sesuai dengan gambar,, bahan kusam seperti bekas,, size kebesaran gidk bisa ditukar..;senang
kakiku UK 25,CO UK 40 ko kecil jir padahal tulisan 25,9 pasti ada lah rongga sedikit ini ko gada;senang
.;netral
Untuk yg ini ternyata ukurannya kebesaran😭;senang
Alhamdulillah barangnya sudah sampai, smoga aerostreet progres selalu, bahannya beda dengan yg sebelumnya.;senang
"Barang mantap sesuai dan pas ukurannya,, 
Aman sampai tujuan,";senang
Kaku amat adminnya;netral
Bagus;senang
Bagus;senang
bahan nya mewah;senang
packing cuma di pakein plastik bening jadi kotaknya rusak:(;marah
"saya salah ukuran,, jadi kena ke kang jahit lg saya. buat ngecilin lg.
makasih";marah
aku kira warnanya hitam bagus ternyata hitamnya hitam pudar. maaf bintang 2;senang
kotak hancur parah bagian bawah,tolong packing nya diperhatikan lagi yah;marah
Tebal;netral
agak beda bahan'a sama yg warna hitam itu;senang
Sangat bagus;senang
👍👍;netral
Mantap moak;senang
dari sekian kali order baru ini ,kaos nya sangat mengecewakan, karna sablon tidak rapih;senang
Udh ke2 x nya... Dan emang sebagus itu;senang
Sesuai;senang
Cuttingannya kurg rapi jadi dibawah telapaknya masih ada karet yg nonjol. Terus di solenya yg warna putih kaya masih ada sisa karet yg potongannya kurg rapi. Kalo dihalusin baru ok 👍;senang
"Kurangi 1 tingkat ukurannya. Yg pake mo 41, co no 40.. Barang bagus
Agak besar dr ukuran";senang
Lumayan tapi agak tipis abahanya;senang
👍;netral
"wow bagus,cuman minus di unit saya adalah kedua layer warna merah bagian tumit tidak sama,sedikit mengganggu,terus benang sisa"" jahit masih ada berantakan,harus ngerapiin lagi pake api biar ga mberudul,overall bahan bagus,kece,semoga diperhatikan lagi QC nya,";marah
Bahan nyaman;senang
Bahan nyaman sesuai ekspektasi;senang
Warna sesuai ekspektasi;senang
Sip;netral
Lama sampai;netral
"Warna: sesuai
Bentuk dan ukuran: pas di kaki
Daya tahan pakai: baru ngencengin tali langsung robek dikit wkwkwk";senang
Cakep kerenn;senang
Barang belum ada saya terima sama sekali,kurir di suruh ketemu saya dia malah chat syaa gak di balas.;senang
Agak kecewa cek out kali ini, iya tau lagi promo sebelum nya beli juga pas promo terus tapi dapetnya bahannya emang bagus tebel adem cuma kali ini kok yang satunya dapetnya beda bahan dan tipis mana plastik kemasnya beda lagi yang satunya plastik polos biasa 😩😭;senang
39 agak kebesaran padahal sptu sama sandal lainyya 39 pas;senang
Ukuran panjang cm pada size chart tidak valid. Menjadikan salah pilih nomer.;marah
Ukuran tidak sesuai;senang
Bajunya kurang 1;netral
Bajunya kurang saty jaitanya jelek  obrasnya udah di retur tapi dana gakndi kembaliin;marah
Last for aerostreet;netral
Oke;netral
B aja aromanya;senang
Agak kecewa sedikit tapi tak pee semogah makin jaya brand lokal;netral
mantab wangi 🙏💕terimakasih;senang
bagus, tapi salah ukuran aja;netral
Ga dpt stikernya huhu;netral
Pas mantap puas banget 😎👍;senang
Bahannya bagus, kurang suka sama warna nya;senang
"ukuran tidak konsisten, 
dalam ukuran yg sama bisa beda jauh pas barang sampai..saya beli ukuran 34 tetapi ada yg muat ada yg tidak, padahal cuma beda warna";senang
"Padahal udah pake pelindung cuma pecah aja.
Rugi ini mah cuma satu yang tersisa";marah
Produk sangat sesuai;senang
salah ambil uk;marah
good quality;senang
Sesuai;senang
Yang datang cuma sebelah;netral
.;netral
overall sepatunya bagus tapi ada bekas lem nya warna kuning di sisi sisinya;senang
Packaging buruk;marah
Ok;netral
Ok;netral
Ok;netral
Ok;netral
lbh nyaman tebal lembut yg colabs dgn looney tunes;senang
"kotaknya renyokk💔💔
Bentuk dan ukuran: pas
Warna: putih ijo
Aroma: baru
Daya tahan pakai: semoga awettt";senang
bahan hoodie ternyata beda dgn sebelumnya yg sy pesen warna hitam..yg ini kainnya kyk bintik kasar bagian dalam ga smooth..beda tekstur bagian luar dan bagian dalam;netral
Overall bagus untuk pruduknya, cuma mungkin deskirpsi untuk ukurannya kurang sesuai aja;senang
packingnya menurutku kurang aman, karena cuma kotakan sepatu gitu, alhasil karena kebanting2 atau ketumpuk barang yg bebannya berat jadinya penyok + sandalnya jadi melengkung dikit.;netral
Jaitan bagian lengan kurang rapi;senang
Blm di buka;netral
Bagus banget;senang
Bagus banget tapi ukurannya panjang doang tapi ngga lebar jadi saya yang biasa pakek 42 ini pakek 42 ngga pas;senang
bagus, keselurahan saya suka tapi ada noda yang keliatan jelas banget, mungkin kalo di bersihin ilang (?);senang
Bagus, tpi salah beli ukuran;netral
Ntah kenapa kok yg sblmnya uk 41 itu lega bet pas makainy.. Tpi beda dengan yg ini.. Sangat ngpress pdahal sama2 uk 41.. Jd kurang nyaman d pakai.. Uk sepatu asli saya 40 .. Harusnya uk 41 gak masalah nii.. Dr kualitas bagus.. Tapi masalahnya ukurannya beda;senang
Bajunya bagus;senang
"Dari segi bahan nya kurang adem klo dipakai
Ukuran  dan warna sesuai ekspetasi";senang
"Kualitas produk: Baik
Ambil ukuran L pas";senang
produk sudah diterima dengan baik,pengiriman cepat.semoga nyaman di pakai dan awet;senang
"Bentuk dan ukuran: 43
pengiriman cepat, lagi diluar tau-tau dah nyampe, untuk barang aerostreet udaa pasti mantap, semoga tetap selalu jaga kualitasnya namun dengan harga yang terjangkau #lokaltakgentar";senang
kualitas bagus kainnya tebal tapi lembut, sablon nya juga bagus tidak kasar, setara dg merk yg lbh mahal tapi harganya lumayan murah;senang
produk lokal kualitas bagus, harga murah dan nyaman di pakai;senang
biasa kurang hott;senang
baguss TPI yg pink nya tiipissd;netral
mantap.....;senang
Bagus , tp  size 43 ny berasa longgar;senang
Bahan nya tipis;netral
Bahannya tipis;netral
Kualitas produk: Dikasi produk reject ke sy beli 2, yg 1 pas yg 1 kekecilan;netral
Ok;netral
ukurannya lebih besar drpada size chart nya;senang
👍🏻;netral
👍🏻;netral
👍;netral
Bahan adem tebal juga;netral
"Bahannya tipis dan kurang lembut beda sama Aero street yang pernah saya order
Kualitas produk: Kurang bagus";senang
Ukurannya kecil dari no sepatu yg biasa nya di pake;senang
Ukuran nya kecil;netral
Mantap, pengiriman cpt;senang
Kok ukuran XL nya besar sekali ya;senang
Kalau XL ini bagus, pas juga..;senang
B aja;netral
Lumayan;senang
Wangi;netral
Wangi;netral
Wangi;netral
Wangi;netral
Warna nya tidak sama digambar tapi its okelah;senang
Harus turun size;sedih
cukup;senang
Baru kali ini sepatu slip on putih polos nya, jelek banget sudah kaya kena bara api, mana bisa hilang saat di cuci, sebelum packing di liat dulu donk sepatu buat pembeli, layak ga buat di kirim, nama brand sudah bisa mengalahi brand lain, tapi tolong lah, jangan suka kecewain pelanggan nya.;senang
Baguss;netral
Barang nya lama nyampe nya;netral
pesan grey yg datang salah warna, asal kirim tanpa persetujuan;marah
Klo spatu 42 ngepas .. klo sendal kgedean hihihi .. alhasil co lagi dah;netral
Ukuran baju ngak sesuai, ukurannya XXL tapi kayak ukuran L, tolong kedepannya lebih diperhatikan;senang
Kualitas produk: Baik;senang
Kualitas produk: Baik;senang
Bagus;senang
Bagus mantap kain nya lembutt;senang
kurang suka sama penjelasan ukuran nya padahal sudah up 1 size tpi masih aja sempit,, tpi gppa untuk pelajaran kepannya;senang
Box agak penyok sih, kemungkinan dari exspedisi ny, untung dalam ny aman gak rusak;netral
Kecewa sepatunya ada noda;sedih
like;netral
kegedean pdhl buat kado;netral
Bagus;senang
Bagus;senang
Celana terlalu panjang tinggi saya 165 celana panjang masih dipotong celananya;senang
Kualitas bahannya Bagus;senang
Lumayan;senang
"Barang top banget
Barange sangat,top bnget .";netral
bagus, tapi sayang aku salah ukuran jari kebesaran☹️;senang
Bolong. Lebih teliti lagi ya, thank you;senang
"Kualitas produk: Oke
Sedikit kepanjangan utk lengannya";senang
Bahan tipis dan gampang melar. Not recommend;netral
Kaos ukuran sama XL, selisih lebar dada jauh sekali. Kemeja ukuran L, lebar dada lbh besar drpd kaos uk. XL;senang
Kaos ukuran sama XL, selisih lebar dada jauh sekali. Kemeja ukuran L, lebar dada lbh besar drpd kaos uk. XL;senang
Salah kirim warna nih pesen warna hitam Dateng warna putih;marah
"barang nya miring sebelah, tidak mempengaruhi kenyamanan 
cuma kurang bagus aja
next time qc nya diperhatikan lagi";senang
barangnya kosong cuy;sedih
"Barang dah diterima, warna sesuai dg pesanan,bahan halus,sablon bagus.sesuailah utk harga segitu.worth it
Kualitas produk: Standar";senang
ada jaitan nya yg kurang rapi agak brudul;senang
ada jaitan nya yg kurang rapi agak brudul;senang
Kok warna putih gambar nya hdeh min;netral
"Minta warna abu tua sama hitam eh malah di kirim hitam semua 

Padahal Uda di tulis pesanannya
Kualitas produk: Bagus";senang
Pas keren;senang
Baguss banget ka,, cowo aku sampe suka bangett🥺;senang
Kotak rusak Dikit;marah
Bahan nya kurang bagus, model nya kayak baju 25rban;senang
kekecilan padahal udah tanya ama host livenya:(;netral
Bentuk dan ukuran: terlalu besar;senang
good;senang
Suka dengan design nya, cuman sedikit berat saja. Tapi yah dengan harga segitu ga bisa berharap lebih;senang
Bukan kali pertama beli seatu di aerostreet dari jaman dulu tapi kali ini agak kecewa sama packeging pengirimannya tanpa dibungkus plastiknya udah kebuka penyok lagi , terus kalo dari segi model bangus banget ini sepatu cuma ko tumben saya beli sepatu jahitannya ga rapi benangnya masih pada panjang2;senang
Kecil bgt;netral
Bagus;senang
Bagus bahan adem jga ga terawang;senang
Ukuran pas, cuma di packing mungkin bisa di tambah wreaping plastik lagi, plastiknya tipis, dus juga tipe yg mudah di buka, ngeri jatoh doang pas pengiriman;senang
👍;netral
tidak sesuai yang di pesan;senang
Bagus banget;senang
salah size dr penjual pesan size 36 dikirim 32, minta ganti malah dipersulit;marah
Oyesss good;senang
"tolong qc nya ditingkatkan lagi, 
1. banyak benang benang sisa produksi yang tidak rapi
2. tag label pada lidah sepatu robek";senang
Aromamya bukan seperti yg sy cari;netral
Simple premium namun istimewa.. Sederhana look nya tetap elegan;senang
Ok produknya;netral
Ok produknya;netral
Ok produknya;netral
Pesen model apa,,ko yg d kirim model gamb😭pdhl sdh d japri pilih model lain,tp ko yg d kirim lain lagi;senang
-;netral
Aerosmith terbaik;senang
bagus;senang
Sya beli di plafond sebelah dengan toko mall aero dengan baju dan ukuran sama . TPI yg disini ukuran baju y lebih pendek jadi ukuran y tdak cocok;senang
Minta balik uang aja lama, padahal paket retur sudah di terima ..;senang
finishing nya kurang rapi, ini gw sampe lapas dulu talinya mau rapihin benang2 itu. ini pertama kali beli sepatu di aero biasanya beli kaosnya aja;senang
XL nya terlalu besar;senang
Ukuran tdk merata XL ny terlalu besar;senang
Sesuai harga.;senang
Good...;senang
"Kualitas produk: Realpect
Bahannya tdk tebal tdk jg tipis,enakeun di pake nya anak saya suka tpi mf g smpet foto";senang
Ok lah lumayan;senang
Sandal keren tapi sayang kekecilan, saran aja kalo beli di up 1 size aja;senang
Dikira sandal dari kulit eeh malah dari karet ni;netral
Kesalahan bukan dr saya, baju kegedean kesalahan dr host mau di tuker gk bs.. 👎;marah
Parah si pesen warna putih abu yang datang malah hitam;sedih
Mantap, sesuai pesanan;senang
Real pict;netral
Mantab;netral
Bagus👍;senang
ok;netral
modelnya keren pas di kaki , tapi insole nya terlalu tebal;senang
Barang sesuai;senang
Enak juga tapi lebih enak dekade;senang
bagus enak di pakai;senang
Ternyata ini celana 28 kecil sekali, berarti u zise kecil, karena celana anak sy 28, cocok. Ini 28 kecil sekali serasa ukuran 25;senang
Kain nya kurang;netral
Bagus banget 👍🏼;senang
Oke lah aturan ambil L, tpi M dh cukup lah, next kemeja under 100k beli di sini aja (BB57,TB170);senang
"Ukuran M nya seperti ukuran XL 
Cocok buat yang bb nya 110kg";senang
"Baguss tp dalem ny ko gmpng lepas ama bunyi cit"" , g espek bakal tinggi bgt";senang
baguss, kurang rapi sedikit masi ada benang sisa;senang
Cepet banget nyampenya;netral
Sepatu nya bagus banget aslii,tp sayang nya kardus nya penyok soal nya buat kado ultah :'(;senang
yg sebelah kanan itu baju dulu beli di sini juga bahan tebel dan sebelahnya bajunya baru Dateng saya samain bajunya kok beda tipis banget malah tebel yg sebelumya btw itu di UK m semua y mana murah lagi dulu di harga 50rb an yg sekarang di 70an bahanya tipis😔;senang
Good;senang
masa iya nomer 42 ukurannya sama dengan 43????;senang
baangnya bagus adem ga tipis ga tebel juga pas bangettt;senang
Maaf bahan nya tipis kalau baju yang lain nya pernah beli yang item itu lumayan tebal ini mah tipis;senang
baik;senang
kalo ada duit lebih mending beli fw savior,agak mirip tapi lebih ok..gak sesuai ekspektasi sih ini,saya pikir bakal fresh aroma pantai sesuai namanya..ternyata jauh..;senang
aromanya ijo banget..buat yg suka pasti suka,kalo yg gak suka ya gak suka..tapi ok lah..sesuai harganya..;senang
Baguss bgt sepatunya the best lah utk harga segitu, cman utk packing nya bisa lebih rapi lagi box nya pas nyampee lumayam rusak;senang
Saya sudah membayar melalui akun bank saya kenapa pas datang harus membayar lagi;netral
Jahitan 'e kurang rapi;senang
Bahan nya sangat halus dan lembut di pakai;senang
Kecewa.. celana ny bagian kaki sebelah kanan jaitan nya mlintir kalo di pake... mlintir 5cm.. parah dibenerin k tukang jg jg gak maksimal;netral
Packing sangat aman, wangi nya tidak begitu menusuk di hidung;senang
toko bosok;senang
Pas di kaki. Mudah mudahan awet;senang
Nyaman pas dipake. Enteng di kaki. Mudah mudahan awet;senang
ukuran tidak sesuai, membingungkan konsumen dan membuat barang jadi tidak terpakai apabila salah ukuran;netral
"Okeee
Kualitas produk: Bagus";senang
Saran host bb 60 ambil M ternayta kekecilan;netral
Kak bagus bahanya tapi kekecilan bolehkah tukar nomer;senang
Packing rapi,jahitan kurang rapi,ukuran pas;netral
"Jatuh cinta smaa aero
Kenapa kita gak kenalan dari dulu sini...
Pertama kali beli..good quality and pengiriman cepet..";senang
Bagus..👍👍👍;senang
kardus penyok;netral
Bahan bagus tapi kurang besar sedikit;senang
Ok;netral
yahh ok lah walaupun ada noda sama robek dikit;senang
"matappp
Bentuk dan ukuran: Pas
Daya tahan pakai: Kuat dan kokoh";senang
Kaos nya aku sukaa, baguss, tapi ternyata ukuran nya kurang longgar, plus packing nya ada yang lengket, kemasan dengan plastik luarnya, tapi aku tetep suka sii sama kaos nya.;senang
Semoga awet;netral
No 44 kok gak sampai di kaki;netral
barang sampai dengan selamat,tpi box peok bahkan sobek, tolong untuk jasa ekspedisi lebih diperhatikan;senang
"Berkali"" beli di aerostreet baru pertama Agak kecewa, Di store tulisannya masih Ada Tapi Dikirimkan Warnah hijau karena Yang ini ga Ready katanya, bukan masalah gamau ngembaliin atau gimana min tapi waktunya. Dan kenapa ngga diganti sama warnah putih yang lain?";senang
Bagus;senang
Bagus dan elegan;senang
Dusnya doang sobek semua;netral
Daya tahan pakai: Kurang awet kalu sambungan nya menggunakan lem aja;senang
Barang udah sampe packing juga aman dan cepat;senang
Barang udah sampe dan juga cepat aman juga semoga puas sama celananya;senang
Maaf agak tipis bahan nya;senang
Agak tipis,tapi bagus;senang
Ko bagian atas ny lebar.giliran bagian ke bawah kecil,jadi kaya menciut yg cacat;marah
"Kurirnya ramah 
Kain nya bagus lembut👍👍";senang
Sesuai dengan ekspektasi pengiriman barang cepat terima kasih;senang
Bagus sih cuma sakit dipake di bagian samping;netral
bahan nyh bagus lembut nyaman di pake juga adem;senang
ukuran nyh pas nyaman di pake sesuai sama pesenan juga.terima kasih seller;senang
Barang bagus, sayang no 44 gak nyukup terlalu sempit, panjang cukup tp slempang atas yg kekecilan kakiku gak bs masuk;senang
Bagus;senang
H;netral
Udah datang ny lama pas datang baju nya tipis trs model baju nya gmn ini kan kaos dari atas gede pas ke bawah ny kecil .;senang
Padahal sudah ditulis pesan opsional.. minta kirim gambar yg berbeda karna beli 2.. malah dikirim gambar sama .;senang
Wangi kelapa di awal kurang enak, lama kelamaan almond nya baru kerasa, saran setiap pembelian di selipkan tester 1ml random. . .biar jdi referensi bagi pembeli buat memilih wangi yang cocok;senang
.;netral
Bagus;senang
bagus;senang
sepatu nya sih oke.. tpi dari pengemasan dan kardus nya tidak bagus .. karna cuma di kasih plastik bening dan kardus pun rusak dan penyok.. walau sepele hanya kardus tpi disitu menggambarkan buruk nya pengemasan dan keselamatan barang yg ada didalam nya;senang
Keren sepatunya;senang
Bgus, cma agak tipis tp ok lah;netral
Ok;netral
Bagus... Packingnya juga rapihh;senang
aerostreet gak pernah mengecewakan;marah
Lumayan aja tpi kurang rapi;senang
Lumayan;senang
Sepatu sudah smpe 3hari. Tp saat dipakai ada bagian di pijakan kaki yg tidak rata di sebelah kiri dan jadinya menonjol. Minta saran ke CS solusinya cm diganti voucher shopee 30k tp utk beli lg,pdhl belinya di tiktok. Agak kecewa ini pembelian ke3. Dahlah Solusinya keknya hrs bawa ke tmpt repair aja.;marah
Barang sudah sampai.. pengiriman cepat enak empuk nyaman di pakai;senang
Kotorr lis putihnyaa lain kalii periksa kak;netral
Bagus tapi buat harga segini bahan nya tipis;senang
Bagus;senang
"Halus, g tebal g tipis, size sesuai, hitam pekat, bukan bahan jeans ya ini guys, jahitan rapi, g tw luntur ato g krn blm di cuci
Kualitas produk: Saku kanan kiri yg dipaha kok miring ya, memang modelnya ato memang rijek ya ?? Krn celana cargo ku yg lainnya g ada yg miring";senang
packaging bagus dan wangi;senang
kekecilan;netral
Aromanya seger, cocok untuk kerja di luar ruangan;senang
Aromanya seger, awet tidak mudah hilang;senang
Aromanya seger, cocok untuk kerja di luar ruangan;senang
"ukuran 31 tapi ke 27 
bagian bawah nya lebih gede dri lingkar pinggangnya";marah
Nice 0ne 🙌;netral
"Paketnya sudah sampai bagus kainnya halus adem di pakai. Pengirimannya agak lama mungkin gara"" cuaca";senang
baik;senang
baik;senang
Ok sesuai harga 👍🏼👍🏼👍🏼👍🏼👍🏼;senang
Bagus tebel bahannya..;senang
Bagus tebel bahannya..;senang
nyaman dipake, j ya  bs usu bb 60 tb 166 pake xl cocokdjdj sjkß j kk kalo cuaca panas agak gerah. aidkénißnsj. but its oke.;senang
Skrng bahan kaosnya tipis ya...ga kaya pertama kalo saya beli;netral
Barang yang di kirim tidak sesuai dengan yang di order.  Ordee hitam datang crem;senang
Barang diterima dengan aman dan sesuai, soal kualitas worth it lah dengar harga yg 50ribuan.;senang
Barang sudah sampai sesuai pesanan;senang
lubang sepatunya coak gk rapih membuat tali sepatunya memberudulll;senang
Packing terlalu biasa, baju bagus dan adem;senang
katanya sablon nya melanya ini kok engaak;senang
Sip 👍🏼 deh lumayan buat di pakai sehari-hari.;senang
"Bahan nya bagus tapi sangat disayangkan saat stok warna ga ada malah dikirim warna yg mendekati gelap malah dikirim warna lilac yg jelas warna terang,walaupun seller menguruh untuk ajukan return ya tetep aja untuk uang segini buang"" waktu,jadi gpp lah dibuat dikasih tetangga";senang
Bahannya agak nerawang;netral
Ukuranya agak gedean;netral
Bajunya bagus..;senang
Bajunya baguss;netral
Bajunya bagus...;senang
Sedikit kebesaran, tapi baguss;senang
Bagus;senang
Sip;netral
Mantaf pokoknya🥰;netral
Sandal bagus semoga awet;senang
wangi oke , seperti axe untuk semprotan pertam;netral
Bentuk dan ukuran: Bagus sesuai dengan yang dipesan semoga bisa diperbaiki lg untuk ukuran 44 lebih dibesarkan lg dibagian atas biar kaki lebih muat;senang
Mantap;senang
Lebarnya Size L tapi panjangnya size S. ngatung. hadeuuh QC-nya gimana;netral
