text;emotion
Bentuk dan ukuran: 42 Daya tahan pakai: Tahan lama Untuk sepatunya masih banyak benang tp gapapa, terus kalo dilihat dari atas bagian depan sepatunya beda sebelah, dan utk kenyamanan blm dicoba lagi.;netral
bagus banget sepatunya suamiku suka katanya,di pake nya jg enteng dan nyaman.untuk size 43 pas ga sempit jd ga perlu naik size atau turun size yg biasa pake ukuran normal;senang
Sepatunya cakeeep banget, keren, empuk, enteng gak berat  Pas di pake nya, sepatu lokal harga sesuai tapi kualitas bagus gak nyesel deh Bentuk dan ukuran: Bentuknya keren ukuran pas;netral
Warna: sesuai dengan gambar Bentuk dan ukuran: utk ukuran ga perlu up size ini empuk banget;netral
Bentuk dan ukuran: Pas Aroma: Wangi Daya tahan pakai: Awet;netral
bagus banget,cuman beli nya kekecilan Ampe sempit bgt di kaki hehe;senang
bagus bangettttt, warnanyaaa juga baguss, cuma packaging nya langsung dus dan dikasi plastik bening ajaa;senang
Asli bagus banget sepatunya,keren parah sangat sesuai ekspektasi mirip bangettt seperti di fotonya,jangan ragu buat chek out di sini teman teman⭐️⭐️⭐️⭐️⭐️;senang
bahan oke modelnya keren, nyaman banget makenya terima kasih Tokopedia terima kasih seller;netral
Akhirnya datang juga yg ditunggu, meski lama dipengiriman tapi terobati sama sepatunya yg Ok punya, ini produk lokal yg hrs didukung Cakep, enak dipakenya dan anak saya suka Trims tokped, seller dan kurirnya;senang
alhamdulillah pengirimannya cepatt dan sepatunya sama kayak di foto, ga nyesel deh bagus banget barangnyaa terimakasi minn, semoga awet sepatunyaa;senang
Langganan sepatu ini baru kali ini agak kecewa 😐 Kok bagian depan sepatu yg sebelah kiri gak simetris yaa  Agak ganggu keestetikan kalo di liat lama2 tuh 😓 Terus alas nya kegedean gitu sampe bikin sepatunya kayak gede ke pinggir 🥴 Mohon di perhatikan lg pas mau ngirim barang;marah
orderan sudah sampai, produk original keren, bagus. mantap betul.;senang
keren!,co hari kamis dateng hari jumat itu emng cepet atau emng deket yak?keren lah pokoknya sepatunya mantap bagus banget;senang
Pengiriman datang lebih cepat dari estimasi. Dari ukuran sesuai dengan yang di order, Material sepatu oke, no defects, style sepatu bagus (imo), overall good shoes 👌;senang
Barangnya oke Tapi sedikit ada noda di sepatunya;sedih
Bagus bgt wort it sih,aerostreer emng ga pernah gagal👍🏻 tapi gatau knp pas udah smpai kotak ny bolong kek sengaja dibolongin;senang
Barang sesuai yang dipesan  Mohon diperbaiki lagi untuk packing nya;senang
Barang samapai dgn aman.. Produk Sesuai dengan gambar;senang
Keren si, cuman finishing nya kurang, outsol bawah nya masi ada bekas cetakan menonjol, sudah bertahun tahun ngoleksi aerostreet tapi kualitas finishing nya masih kurang;marah
Bagus sesuai yang di foto, cumann ada beberapa benang lebih yang kurang rapi dan bagian depan yang agak kurang presisi. Selebihnya baik;senang
Bentuk dan ukuran: Pas Warna: Sesuai ekspektasi Demi allah ini sepatu bagus bangetttttttrt😭😭🖤 jahitan rapiiiii cocokkkkkk bgtt buat cewe cowokkk,intinya bagus pollllll rekomen bgtttt👍;senang
"Sekelas aerostreet barang yg gak lolos QC ttp dikirim, atau malah gak ada QC nya? jaitan jelek bnget😣 lubang jarum, mepet, banyak benang yang keluarrr. Semoga awet dehhh;( udh chat pihak aeronya malah gitu ajh tanggapannya, padahal saya udh ngirirm dari yang 3 poit itu. Bentuk dan ukuran: Disarankan upsize";marah
Bentuk dan ukuran: Bentuk bagus, ukuran pas Warna: Coklat Aroma: Agak bau;senang
insole sblh kiri nekuk, jd klo di pake ngganjel gitu,, blm di coba, kayaknya enak sih, jahitan rapi tapi jahitan di bagian tali, ada bbrpa benang yg msh panjang/nglewer, tp ttp bintang 5 kog 😁;senang
Barangnya bagus sesuai digambar, ukurannya pas, pengiriman juga cepat;senang
Kualitas bagus banget, tapi ukuran terlalu ngepas. Dari dulu pesennya aerostreet sampai sekarang. Terimakasih;senang
Akhirnya dapat juga Modelnya keren suka banget. TOP aerostreet. THE BEST;netral
mantapp toko amanah. dan pengiriman cepat;senang
Bagus ukuran pas,pengiriman cepet👍👍;senang
mantap walaupun ada noda dikit warna merah bisa di bersihin lahh ini buat yg biasanya di sepatu merek lain pake ukuran 42 di downsize ke 41 masih anan pas bngt ngga obleg di kaki nyaman polll👍🏻🔥🔥🔥;sedih
mantap ...real pick... sepatu lokal...sepatu kekinian ...cintai produk lokal....;senang
Kualitas bagus dengan harga segitus puas;senang
Bagus banget, dengan hrg yg sangat murah, good job aerostreet;senang
bagus,bagus,bagus mantap semoga awet;netral
Dengan harga segini barangnya bagus dan empuk, semoga awet dah;senang
Dengan harga segini barangnya bagus dan empuk, semoga awet dah;senang
packaging ga banget, entah ini dr ekspedisi kondisi box di congkel atau dr pengirim diawal, terus juga pengiriman luar kota masak cuma dbalut plastik bening aja, pas dbuka lebih parah lg kertas untuk nutpin spatu nya robek” pdhl ini untuk hdiah gatau ya kslahan dr pengirim atau kurir🙏;netral
Bagus eumpuk sepatu ea, akan pesen lagi, dengan warna lain;senang
barang sudah sampai dengan selamat, pengiriman cepat..;senang
suka bgt Bentuk dan ukuran: pas;netral
Bentuk dan ukuran: sesuaii, baguss;netral
Warna: oke packing nya kurang rapi;netral
Jahitan agak kurang rapi, bagian outsole cutingan kurang rapi, dan sedikit luka minor, kenyamanan lumayan, untuk kaki lebar saran upsize;marah
Jujur puas banget dengan sepatunya, bagus banget ini austin dan bahannya juga empuk bagiku, tapi mungkin agak kekecilan karena kesalahan pribadi salah pilih ukuran, tapi tidak masalah karena aku suka banget ini aerostreet austin;sedih
sebagai warlok yang ngeliat iklan sepatu aerostreet bertebaran di layar, aku cukup amaze sama produknya. dulu ragu buat beli karena masih skeptis merk baru. sekarang nyobain beli di tipe ini karena liat cukup enak di mata. ternyata bahannya setebel ini. kayak bukan sepatu di harga segini. insole juga empuk.  semoga awet;sedih
Pengiriman cepat.. Bagus dan mantap;senang
Bentuk dan ukuran: Sesuai pesanan, nyaman pas di pakai, ukuranny juga pas di kaki, mulus sepatuny, menambah performa laki² , mbois abis, amanah gak pernah ngecewain belanja di toko ini, apa lg produkny AS AeroStreet jos gandos , laris manis 👍;senang
Pas dateng bagus tapi agak sayang kardusnya rusak terus ada noda dikit;sedih
Setelah Paket datang Kardus atas sobek sama plastik nyah, Tapi untuk Dalem nyah Overall bagus sepatu bahan nyah enak lembut ga bikin di kaki sakit;senang
Bentuk dan ukuran: pas Daya tahan pakai: nyaman Warna: natural cocok untuk semua outfit;marah
Bentuk dan ukuran: Pas dan nyaman di pakai Cocok buat nongki atau acara resmi;marah
Puas keten sepatunya, cuma agak nyesel naikin size 1 nomor size yg biasa aku pakai kalo beli sepatu, hasilnya agak longgar dikit bagian depan cuma msh nyaman dipake sih, saranku sih kalo mau order gak perlu naikin ukuran dari size yg biasa dipakai, good lah;senang
Bentuk dan ukuran: bagus n pas Aroma: aroma sepatu baru Daya tahan pakai: awet bertahun-tahun Warna: bagus sesuai;senang
Pas ukuran nya dan nyaman dipakai bagus nggak musti harus mahal..bisa nambah lagi co nya..;senang
Bentuk dan ukuran: Bentuk dan ukuran sesuai Daya tahan pakai: Semoga tahan lama Warna: Sesuai pesanan;netral
Bahan bagus nyaman dipakai , cuma ada masalah pada tag sizenya, terlepas dan ad tag size pertamanya dengan ukuran yg berbeda, ini maksudnya gimana yh min;senang
ada sobekan dibagian belakang nya, untuk insole lumayan empuk, model nya oke, pengiriman cepat karena area klaten;senang
overall ini sesuai ekspektasi, tapi sepatunya sedikit lebih berat but its oke. pas dicoba juga empuk banget gila insole nya, ini insole terbaik sih menurut saya. ditunggu inovasi insole selanjutnya dari aerostreet. dan terkahir dari desain, ini kece abis. masuk sih ke fashion jaman sekarang.;marah
Bagus, tp ndak dapet tali tambahan. Trs talinya ada bekas kotornya. Selain itu bagus semua;senang
Sepatunya bagus banget bahannya halus jahitanya rapih. Sepatu murah tapi tidak murahan. Sudah dicoba dipakai ternyata empuk dan nyaman;senang
Sesuai sama gambar, sepatunya enteng, bikin nyaman dan ukurannya pas Bentuk dan ukuran: 40;netral
Sukaa bgd. Ngga nyesel belinya, asli cakep.  Aku biasa pakai size 39, ukuran kaki 25,2 tapi sengaja beli ukuran 40. Ternyata nyaman dan pas klo pakai kaos kaki Makin cinta sama sepatu lokal👍🏻;senang
Overall worth it dengan harganya MANTAP! sedikit kritik soal kerapian dan ketelitian produksi, ada noda lem dan bagian dalam sepatu yang sobek.. Harapan bisa selalu evalusi dan menjadi semakin baik 👍🏻;sedih
Alhamdulillah..bagus ..beli karena penasaran pas liat iklannya..cuma sayang pas pengiriman kardus cuma d bungkus dg plastik tipis,dan ketika saya terima sdh kebuka sebagian bungkusan ..dan kalo kurir jahil paket bisa hilang .. semoga kedepannya kalo kirim barang lbh aman lagi ..;senang
Bentuk dan ukuran: Ukuran pas Aroma: Khas baru Daya tahan pakai: Baru nyoba semoga awet Asli keren banget;netral
Terimakasih Aerostreet 😊  Produk diterima dengan aman Pengiriman oke dan Peking rapi. Sepatu ukuran pas produk bagus Buat masukan untuk telapak atau bantalan  Sepatu pas dipake ditelapak kaki kurang nyaman ada yang ganjel atau nonjol ditelapak kaki  mohon diperbaiki  Untuk kenyamanan. Terima kasih;senang
Barang mulus. Bagus banget bahan nya nyaman di pakai. Elastis juga nggk keras Cuma dari packingan doang kurang aman Sehingga dus nya ruksak;senang
produk nya sudah bagus munkin cuma di bagian finishing nya yg kurang karena ada beberapa bagian benang² nya belum di rapikan, dan saran aja sih sebenernya bahan yg si gunakan untuk area tali sepatu mungkin bisa lebih baik lagi karena sekilas agak rawan robek saat per geseran tali sepatu Bentuk dan ukuran: pas Warna: sesuai;senang
Barangnya kece, tapi di bagian bawah sepatunya kok ada kaya kegompal gitu itu potong karetnya atau apa soalnya berserabut gitu..;marah
Sepataunya bagus sesuai sama foto kualitas nya juga bagus tapi buat keamanan pengiriman nya agak kurang aman;senang
alhamdulillah paketnya tiba di tujuan dengan selamat, packingnya mayan bagus ga basah juga cuman box sepatu rada penyok dikit, but Overall sangat bagus.;senang
Bentuk dan ukuran: Bagus dan pas Sepatunya nyaman dan empuk. Model yg kekinian  Cocok untuk acara formal ataupun non formal Mungkin ada sedikit masukan untuk aerostreet, Untuk bekas jahitan nya di rapihkan lgi. Dan dri packagingnya mungkin bisa ditambah bubble wrap atau dibungkus plastik hitam.;marah
belakang nya ga sma rata  bentuk nya , satu tinggi satu pendek;netral
Platnya Harusnya warna Hitam aja ini agak kecoklatan dan lipatan bagian depan agak keras jika di pakai Jalan Yang Lubang saat di ikat itu yang teksturnya agak keras dan bikin sakit lihat foto yang kukirim mgkn bsa jadi masukan;marah
Udah 3 kali beli sepatu Aerostreet tpi memang Austin ini yg paling nyaman dipake. pokoknya tdk pernah dibuat kecewa sma brand lokal satu ini. mantap.;marah
Terima kasih, pesanan nya sudah sampai. Untuk packingnya sangat tidak aman, karena cuma pakai plastik tipis, box nya juga penyok Bentuk dan ukuran: Biasanya pake ukuran 37 dan pas. Kalau ini terasa agak sesak, mungkin harus up size pas pembelian nya. Bantalan nya jga tdk rata Aroma: Bau lem Daya tahan pakai: Semoga awet Warna: Cokelat tua;senang
ukuran pas, model oke. packing rapi tp kardusnya penyok krn ga diapis bubble. saran aja mgkn standar pengemasan untuk pengiriman ke luar jawa tengah dilapis lagi dengan bubble agar kardusnya masih bisa digunakan;netral
"Bagus bgt, nyaman di pakai, pengiriman cepat, next order lg Bentuk dan ukuran: Sesuai Aroma: Bau lem Daya tahan pakai: Mudah""n awet Warna: Realpict";senang
Barang bagus dan dateng sesuai fambar,cuma agak kecewa ama packingny ga aman  banget polosan doang dan alhasil kardus penyok;senang
niat buat cwo saya beli uk 39 pas saya coba ko muat longgar dikit doang pdhl biasanya saya pake yg 24 cm mungkin perlu upsize kayanya kekecilan buat cwo sya trus ada kotor dikit dan lem yg berlebih untuk kualitas si bagus pengirimannya juga cepet banget 1 hari doang  kurir juga baik;senang
Worth it banget,dengan harga sekian dapat kualitas produk bagus.Nyaman,empuk dipakai;netral
Bentuk dan ukuran: ukuran pas sesuai size yang di pilih worth it banget sepatu sebagus ini dengan harga yang murah, desainnya bagus kece abiss rekomend banget sih gausah mikir² klo mau beli, pengirimannya cepet banget 2hri langsung sampe padahal jaraknya jauh thx seller dan kurir👍;senang
Gila sih bahannya bagus banget padahal hrga sgni kualitas tapi paten pokoknya maju terus usahahya tetap hrga murah meriah tapi kualitas bukan yang murah top bangettt deh buat tkonya;senang
Dapet juga akhirnya size 37 ukuran kaki 23,5 klo disini cekout 37 aja guys pas masih longgar dikit nnti juga kelamaan sering dipake bakal lomggar enak,cuma syg aero kenapa si packingnya gak safety bgt cuma plastik gtu doang😤;sedih
Sepatu nya keren empuk dan nyaman di pakai tapi Masi ada sedikit bekas jahitannya yg kurang rapi;marah
Tob Bentuk dan ukuran: Menarik dan pas Aroma: Sepatu baru tau dong aromanyah Daya tahan pakai: Dr bentuk dan fleksibiliti baik bersaing dgn merk² terkenal Warna: Cool calm & confidence;senang
Pas banget ukuran nya,bahan nya juga nyaman next beli di sini lagii;netral
bagus siimayan, tp alas kakinya terlalu panjang ,jadinya kurang pw  mungkin perlu digunting dulu sii;senang
Untuk bahan nya bagus, tp masih belum aku coba  Baru aku lihat dan pegang aj   Padahal aku beli dua tp enggak dapat bonus;senang
Warna: Putih Bentuk dan ukuran: 38 untuk panjang kaki 23cm pas ga terlalu kebesaran Daya tahan pakai: Dipakai nyaman ringan, empuk ga sakit di kaki Dikirim ke Jogja cepet cuma 2 hari sampe, tapi dari packaging nya kaya ga niat gitu ya wkwk. Cuma plastik Tampa dobelan apa karna Deket juga ga tau sih. Buat uk cewe turunin 1 sz biar ngga kegedean.;marah
Overall bagus cuma dibagian suedenya ada sedikit noda pict 1 jadi harus dibersihkan duluuu;senang
sepatu yg ke dua kalinya empuk, nyaman, awet cma ko model yg ini brasa lebar banget 😭 jd msih ada rongganya di bagian sampink kaki;netral
jahitan rapi, bahan bagus, tebal, semoga awet, selebihnya biar bintang yg berbicara;senang
Kotak nya gak penyot 🤣👍🏾  Sepatu berat. Ukuran 44 ( 28.5 cm ) ternyata muat. Bahan nya bagus. Tapi tapak nya yg kurang Sukak. 👍🏾👍🏾👍🏾;netral
Puas,nyaman,enteng,bagus,rapih,mewah, elegan, selebihnya puas,nyaman,puas,nyaman, puas,nyaman,sangat bagusss🔥🔥🔥🔥  Pengiriman untuk Sumatra Utara ujung perbatasan dengan Riau, lumayan lama;sedih
Produk sesuai, size sesuai, aman dan nyaman;senang
Bentuk dan ukuran: Sesuai dengan ukuran, pas dikaki Aroma: Harum Daya tahan pakai: Belum dicoba Warna: Sesuai;netral
Bagus sih emangg ini yang di tunggu2 pas restock tanpa pikir panjang langsung co tapi ya... pas datang kurang rapih ajaa, kalo soal bahann baguss sih dengan harga segituu✨️🤭ini jg ada kotornya dikit, mhon untuk lebih teliti yaa☺️;senang
bahannya bagus banget dengan harga yg terjangkau👍👍;senang
bagus banget sesuai ekspetasi,empuk dan nyaman pakai🥰;senang
alhamdulillah aman tapi kalau bisa box quality nya lebih ditingkatkan;senang
Alhamdulillah sepatunya bagus bangetttt Sedikit kebesaran sih cuman its oke, solnya empuk, busanya tebal, cuman pakingannya ngeri yah cuman pelastik bening mana ujungnya udah sobek dikit + boxnya sedikit penyok;senang
Barang sesuai, pengiriman cepat.saya pakai ukuran 42,pas di kaki nyaman.;netral
masak sepatu sekelas aerostreet finishingya jelek banget ada benang2 yang q rasa jahitnya gak rapi.;marah
Akhirnya nyampe, kirain ga nyampe sebelum lebaran karena overload 😚 Bagus! Sukaakkk! Empuk bgt sepatunya. Cuma ada noda dikit, tapi yaudah gapapa. dikit doang, kek bekas garis gitu.;netral
Produknya bagus bgt tapi packaging nya kurang bubble wrap;senang
Real pict, udah langganan dr awal aero launching. Biasanya di toko oren, cuma skrg coba disini, ternyata smsm cepet sampainya. Dn fyi, aku punya produk sepatu slip on dan hoops dr taun 2019 sampek sekarang masih buwagus guys. Aero emang sebagus itu bahannya, dn sekarang lebih buwagus lagi;senang
cakep banget sesuai ekspetasi benerann casualll bangettt, dia ini emg tipe nya lebar soalnya kakiku panjang jadi agak lebar dikitt ini bisa dibilang berat ga berat soalnya 300gram. semogaa awett;marah
Baguss bangett Pas banget dikaki dan nyaman;netral
Rapih bgt sepatunya, ternyata ringan, tapi kuat. Di styling bagus;senang
Pesanan sesuai hati bahan ok,  kenyamanan pas, warna juga ok . the best la pokoknya AeroStreet;netral
Barang tidak sesuai pesanan ... order austin coklat tua natural yang dikirim navy;senang
Bentuk dan ukuran: Pas... Nyaman dipakai Real Pict Warna: Bagus.. Pembelian yang ke 2 kali...;senang
Pengiriman sangat cepat, produk juga bagus sama sekali tidak mengecewakan cukup puass banget 😍😍;senang
Kualitas sangat bagus,cintai produk lokal;senang
Mantap... setelah kemarin beli sizenya kekecilan . Akhirnya Cek Out lagi... mantul... empuk banget. Tapi sayang ada benang yg ndak rapi;senang
Warna: Putih Ukuran: 41 Kualitas sangat bagus, memuaskan, pengiriman cepat;senang
Barang nya bagus sekali, sesuai ekspektasi Pengiriman nya juga cpat;senang
"Untuk size 42 kaya gua kalo 42 abis opsi 41 masih bisa dipertimbangkan sih masih pas ga pres"" banget";netral
Sepatu murah keren, cukup nyaman dipakai....pas sekali dgn slogan di stikernya..Now Everbody Can Buy Good Shooes..saran sih kalo bs pakenya  1 nomor diatas yg biasa eloe pake..biar lebih leluasa;netral
Bagus banget Bentuk dan ukuran: Pas Warna: sesuai;senang
Thanks seller, keren gini sepatunya;netral
sumpah ini bagus banget ih asli, cakeeep banget pas dipake nyaaa, pokona teh worth to buy lahh, thank yooouu🫰🏼🫰🏼;senang
Baru pertama kali beli produk online secakep ini, sampe speechless wow banget sih ini, kirain bakal biasa aja, ternyata cakep banget woi ga boong sumpah, kalian harus order sih, terimakasih aerostreet akhirnya aku nemu brand lokal yang cakep parahhh;senang
Packinging oke, gk ada kerusakan. Sepatu jga nyaman, first time nyoba sepatu brand aerostreet. Semoga kualitas jga ok;netral
allhmdulillah ngewar uk 38 susah bngt untung dapet sesuai nyaman bagus jugaa🥹🥹🥰;senang
Sesuai foto, tapi keras ya sepatunya  Tapi gpp tetap cintai produk lokal ya ges ya;netral
kualitas barang bagus... modelnya juga oke...;senang
Keren parah aslii.. Ukuranya pas kaki, Harus coba produk lokal, recomended, bakal jadi langganan sih ini 🤩 Semoga awett..  Thanks y'all!!;netral
Size : 42 Warna :putih Barang bagus tapi bantalan nya kurang rapih;senang
proses cepat, barang cakep. bisa dibilang ni sepatu cocoknya harga 250an;senang
Alhamdulillah paketnya sudah sampai... Sepatu aerostreet Sesuai dengan real Poto... Ukurannya juga sesuai pesanan. Sepatu sebagus ini dengan harga terjangkau worth it sie menurut aku...kalian yang mau beli di toko ini ya amanah banget...;senang
Aerostreet pertama akhirnya kebeli. Stlh bbrp kali kehabisan jika ngincer salah satu artikel. Build qualitynya gak kaleng kaleng jika melihat dr harganya. Mantab!;marah
produk sesuai dan empuk, secara look cakep abiss;netral
Nyampe dengan cepat dengan baik,sepatu kece abis tapi trll manis kalo buat cowok. Entah nanti suamiq suka apa enggak,tau gitu AQ ambil yang warna navy aja.;senang
Bagus banget sesuai gambar,,, cocok di pake konser;senang
Sepatunya susah aampai.. Dan bangus banget;netral
Orderan sudah sampai, Produk original, mantap betul.;netral
Mantul poko nya ga bakalan nyesell ..  Kualitas mahal;netral
Alhamdulillah... Pesanan di terima, walaupun kehujanan. Dalam pengiriman, Alhamdulillah sepatunya masih aman .. sepatu nya sesuai dengan yg di gambar atau vidio.  . Mantap empuk dipake nya.. Ga nyesel sih beli prodak Aerostreet....;senang
Packingnya bagus  Pngiriman cepat Brng sesuai dengan ekspektasi  Pokokknya recomended;senang
Bagus, sesuai dengan gambar.   Ada sedikit noda hitam..entah itu noda apa, tapi masih bisa dicuci sih...;sedih
Keren pokonya kalau produk aerostreat👍 Warna: Keren Bentuk dan ukuran: Pas di kaki;netral
Bentuk dan ukuran: sepatu nya rada kecil pdhl ambjl sz 41;netral
Sumpahhhh speachlees bgttt ini bagus parah😩 pokonya aku rekomenin, harus punya minimal 1 aja serius ini empuk terus ringan harga murah tapi ga murahan🥰🥰🥰;senang
Barangnya bagus bgt, sesuai dengan foto, dan ga nyesel deh tungguin restok nya;senang
Pertama kali beli sepatu aerostreet, ini bagus banget sih kualitasnya, dijual dibawah 200 ribu doang gokil sih;netral
Bentuk dan ukuran: 40 tebel sii, sukak🤎;netral
Syg bgt kerdusnya botel karna packagingnya ga safety, tp for all good;netral
Desain sepatu yang stylish dan modern, mereka sangat puas melihat sepatu barunya. Semoga awet.;senang
pengiriman cepet.sepatunyaaa bagusss bangettt,ganyesel sii langganan aerostreet🥰🥰semoga awett,cuma saran aja pakingan nya aga dirapihin lagi apalagi musim hujan gini dusnya jadi basah😁tapi gapapa yg penting sepatu aman;senang
kardusnya, kurang takut penyet aja selebihnya oke;marah
ga nyesel beli ini, karena sesuai ekspetasiku, sol nya juga tebelll, warnanya cantiik, masuk ke semua outfit lagii, bintang 5 buat aerostreet ⭐️⭐️⭐️⭐️⭐️;senang
Bentuk dan ukuran: Sesuai yang dipesan Warna: Coklat tua;senang
keren model sepatunya dan ukurannya pun pas dikaki ,terimakasih aero street dan kurir sicepat yg nganter cuman 2hari diluar prediksi  ⭐️⭐️⭐️⭐️⭐️;netral
Koleksi ke empat dari aerostreet. Emang sebagus itu woii, mana murah lagi kan. Mumpung promo juga. Thank you min;senang
uda beberapa kali beli produk aero street,gapernah gagal👍🏻👍🏻 makin banyakin variasi nya min 👌🏻;sedih
Gila sih ini sepatu ajib bngt...empuk di pake enak,,,ukuran pas di naikin uk,biasa pke 40 pesen 41...;marah
Bentuk dan ukuran: Empuk pisan enakeun adem;netral
Produk Bagus, Sesuai Harga Sayang di dalam sepatu bagian ujung dalamnya ada potongan yang tidak rapi jadi Waktu di pakai ada benjolan yang bikin kaki kurang nyaman;senang
Kualitas bagus nyaman ,cuma bentuknya ada yang gak sama kanan dan kiri;senang
Bentuk dan ukuran: passs Warna: oke sukaa bgt, ga ngecewain pkonya🫰🏻;netral
No Komen dehh.. ini koleksi kesekian kali nyaa dari aerostreet🤙;netral
bagus semua, ukuran 38 pas di panjang kaki 23, ada sedikit noda tinta di sepatunya, semoga bisa ilang pas dibersihin. casual looknya keliatan bgt sepatu ini. terima kasih seller;senang
Sesuai expektasi ,Masha Alloh bahane nyaman ,lentur enak di pakai ,pake ukuran 38 pas;netral
Mantap,respon cepet  Pengiriman juga cepet  Bagus sepatunya ORI empuk enak dipake  Saran kasih bubble wrap biar lebih aman;senang
Untuk yg ke 2 kali nya cakep pol bner² harus lgsg gercep sih pas ada stok nya;netral
Bahannya enak bgt, empuk, pas juga dipakai. Desain ama warnanya juga cakep poll. Pengiriman cepat;senang
Keyren model dan bahannya, nyaman di kaki dan enak di pakai;netral
Produk sesuai iklan..semoga awet...pngiriman cepat dan aman;senang
manteuppp sesuai ekspektasi dan ukuran nya pass🫣🫣;netral
Pengirimannya cepat banget padahal ekspedisi lagi pada rame karena lebaran, pas dikaki, tapi buat kaki yg lebat better up size;senang
Jujur aja saya udah pakai aerostret bertahun2 tapi untuk kali ini agak kecewa,karna dari sepatu nya masih ada yang belum rapih,trus tali nya juga agak amburadul sedikit, over all baguss cuma yaitu di rapihin lagi aja buat sisa benang sama bekas coretan sample;marah
Dusnya agak penyok tapi sepatunya aman, saya biasa pakai size 39 kali ini beli size 40 karena kehabisan yang 39, tapi masih enak gak longgar;senang
Bentuk dan ukuran: cakep dan pas ukurannya Warna: bagus Daya tahan pakai: semoga awet dan kuat;senang
Istimewa le..jahitan rapih..cocok pokoknyalah..;senang
Mantap baramgnya, bagus... sudah langganan, berkali kali beli produk Aerostreet 👍👍👍;senang
Bentuk dan ukuran: Bagus Daya tahan pakai: Berkualitas dan baik;senang
Bahan bagus, nyaman, model keren, sol awet, ukuran pas;senang
Sumpah bagus banget banget nggak ekspek sebagus ini kualitas nya terus empuk juga luv banget pokoknya nya, terus juga pengiriman nya aman banget kotak nya nggak ada yang penyok;senang
detail nya bagus dan rapi sekali, sayang packing cuma dibungkus plastik bening dan sudah robek saat sampai,but its okey kardus ga penyok.;senang
ternyata pas dtg bnran cakeeeppp sepatu'a;netral
so sorry agak kecewa karna paketnya ga proper di bungkusnya, dateng cuma kardus sepatu sama di kasih plastik aja tanpa bubble wrap atau apapun jadi kardusnya ada yang bolong-bolong, padahal ini buat kado:(. tapi overall sepatunya bagus, paling saran aja lain kali lebih diperhatikan lagi yaps;netral
Good quality and good style.. Ini pembelian produk ke dua aerostreet..  Tapi yang kiri bentuknya tidak presisi;netral
Maaf baru kasih ulasan Duss penyokk, tapi barang aman, uuuhhh matulita sepatu nya...;senang
Bentuk dan ukuran: Stylish sangat cocok dipakai buat jalan2. Ukuran sesuai deskripsi. Semoga awet dan tahan  lama.;netral
cakep kali wak pas dan nyaman juga,untuk box sepatunya ga ada yang penyok sesuai di video;netral
alhamdulilah barangnya datang juga untuk sepatunya kualitas nya bagus designnya keren memang bagus lah produk lokal ga kalah saing untuk jahitannya perlu di rapikan lagi selebihnya bagus si Daya tahan pakai: awet Bentuk dan ukuran: pas;senang
Jahitannya masiih agak kurang rapih dan packing nya asal asalan banget tanpa buble wrap cuma di bungkus plastik bening doang dan akhirnya box nya penyok;netral
sesuai deskripsi, ukuran pas di kaki. Material sepatu sesuai harga, jahitan agak kurang rapi yg didapat, banyak benang keluar walau tidak mengganggu fungsi. Overall ok...;netral
Bentuk dan ukuran: Baik Aroma: Baik Daya tahan pakai: Baik Meskipun pesen yang putih tp admin nya baik sebelum kirim konfirmasi dulu bahwa yg putih nya habis jd direkomendasikan terlebih dahulu sebelum dikirim biar TDK kaget ,Pertahankan AeroStreet;senang
mantap n sesuai GBR, bahan bagus n nyaman d pakai.;senang
Ini pertama beli disini semoga bahan nya bagus dan tahan lama untuk dipakai,untuk penampilan sangat bagus sekali;senang
Bagus bangettt..murah tapi kualitas ga murahan. Menyala brand lokal Indonesia!;senang
harga miring kualitas oke bgt. cm kalo mau pilih hrs up size dr biasanya. uk nya aga kecil;marah
Barang sudah sampai dengan selamat bagus sesuai harga, pas tidak kebesaran tidak kekecilan. Plastik dus nya agak sobek kek ada yang kepo tapi gak masalah terimakasih ☺️;senang
Cakep banget nyaman pas dipake , suka banget aslinya lebih kecee🥰🥰🥰;netral
gak nyangka ternyata sebagus itu, bahannya juga kuat bagus banget deh...;senang
enak banget lembut bahannya tebal;senang
Keren, bahan halus dan empuk. Kualitas no kaleng-kaleng..;netral
bagusss, tapi berat banget ya hheheheh Bentuk dan ukuran: bagus, ukurannya pas Daya tahan pakai: semoga awet deh Warna: coklat tua;senang
Overal baik,walau ada nubmark di sol bawah,bahan enteng adem,enak dah pokoknya;netral
Brand Lokal yang mampu bersaing dengan brand luar, aerostreet gausah di ragukan lagi 🔥;sedih
Bagus bgt,empuk lagi, nyaman dipakai jogging dll, the best pokoknya Aerostreet💝🙏👍;senang
desain baguss cocok buat kaki lebar sm pas di outfit apa aja, smoga nyamannn;marah
masa hrga mehong tp bungkus pas ngirimnya ga effort   saran buat tokonya lebih effort lg bungkus paketnya jgn cuma plastik bening aja g ada bubblewrap dll nya   saran jyva buat yg mau beli ssuai ukuran kaki jgn d upsize krna gede banget  dr ukuran biasa;netral
BAGUS BGT TAPI KOTAK NYA NTAH KENAPA BASAH TAPI SEPATU NYA GAK PAPA;senang
bagus tapi sayang belinya ukuran aga mepet😭😭;senang
looknya keren, classic, pengiriman cepet 2 hari sampe.;netral
Bentuk dan ukuran: Pas di kaki Warna: Sesuai dengan yg di pesan Aroma: Bau baru Daya tahan pakai: Belum tau;marah
Untuk barang bagus dan tidak mengecewakan pengiriman pun cepat  Lokal pride the best;senang
bagus bgttt tebell pastinya nyaman bgtt dikakiii, beli produk luar 1jt dsini 200k udh dapet yg persis.. jgn raguu sii beli dsini sangat memuaskan;senang
Produknya bagus sesuai sekali dengan gambar dan aslinya rekomended banget dah walau produk lokal;senang
Sepatu nya keren Bentuk dan ukuran: Pas bngat no 42 Aroma: Wangii Daya tahan pakai: Kokoh lembut nyaman pokoknya Warna: Menarik good dah pokonya ga sempat foto lupa;senang
Bentuk dan ukuran: Pas Aroma: Baru Daya tahan pakai: Baru beli belum dicoba turun kelapangan Warna: Sesuai;sedih
Bentuk dan ukuran: Ok sesuai Aroma: Baik Warna: Sesuai dengan deskripsi Daya tahan pakai: Semoga awet;senang
Sesuai harapan pas di kaki dan pas di kantong,,mantap 1000x;netral
Barang bagus poll, GK nyesel pakai produk lokal harga terjangkau puass pokoknya;senang
Penempelan bantalan insolnya kirang presisi,selebihlnya bagus.;senang
Pengiriman nya cepat banget Bentuk dan ukuran: Okey untuk ukuran nya pas banget;senang
cakeeeeeep pwolll, keren modelnya, enak dipake, pas bgt buat ootdann, datengnya juga cepet banget, 2 hari langsung dateng bestt dehh aerostreet🔥🔥;netral
Ga bis berkata2 lgi, cakeppp bangtt. Mana cepet lagi pengirimannya😭🫵;netral
Bentuk dan ukuran: Ukuran pass, model bagus, pengiriman cepat;senang
Looknya dapet empuk juga Bentuk dan ukuran: 40;netral
Bentuk dan ukuran: bentuk nya bagus dan ukuran nya pas Warna: coklat tua natural;senang
Daya tahan pakai: 100 awet bertahun tahun;netral
Paket mendarat dengan aman nggk ada kerusakan..Sepatu bagus UK pas;senang
Real pick, bagus, Respon seller dan kiriman cepat. semoga awet.;senang
Barangnya bagus diharga segini udah wah diharganya,tapi ada beberapa jaitan yang ga rapi, bisa dibenerin lah buat ownernya,tapi udah bagus semuanya.;senang
Mantap sepatu nyaman di gunakan  Pertahankan kualitas Jangan ragu belanja disini;senang
Sesuai , bagus, mantap barang nya . Cuma Packing an kurang aman aja .walaupun cuma 200k lebih baik nya packing diamankan lagi 🙏;senang
Harga murah,tapi bukan murahan, Work it sih menurut aku dengan harga segitu Mantaplah pokoknya 👍👍;netral
sepatunya bagus cuma Uda beli 2 kali di Aero selalu bermasalah di packaging ga sefty hanya mengandalkan kotak, jadi kalau sampai tujuan sepatunya sering ketekuk. tidak ada wrap dan kerdus lapisan lagi.;senang
Barang mendarat dengan aman dan mulus, feel sepatu nya enak dan empuk walaupun tanpa kaos kaki;senang
Mantappp ,cmn aku biasa pakai sol 24cm ini ambil uk 38 ngepas bangett mungkin cuman bisa pakai kaos kaki yg tipis;netral
Cakepppp bangetttt, udah kesekian kalinya beli sama aerostreet💗💗;netral
Aerostreet soal model ga di ragukan lagi, cuma sumpah ini yang ke tiga kali ukuran tetep salah, yang satu kegedean yg satu kekecilan, yg ini tuh pas tapi pas banget gitu loh aaarrggghhh cape salah pilih ukuran terus padahal udh sesuai ngikutin panduan di deskripsi 😭😭😭 Oke besok pesen lagi yg 40;sedih
Sepatunya bagus,bahan bagus harga murce makasih aerostreet makasih tiktok;senang
Bentuk dan ukuran: bentuk dan kukuran bagus dan pass Warna: warna nya bagus next bakal order lagi warna lain;senang
Udh sering beli aerostreet, jdi gak perlu banyak yg di review. Gak perlu diragukan lgi, Biar bintang yg berbicara;senang
Barang si sesuai, cuma packing ancur parah, dan host live jga kurang enak, setiap ditanya ga pernah ada respon lain kali diperbaiki;senang
Barang cepat sampai,cuma kok ga kek biasanya di kasih plastik pelindung tapi gapapa deh,ok baik;senang
Bentuk dan ukuran: Oke dan pas Warna: Kurang saja buat perpaduan nya Ya semoga saja bisa awet, kalau awet mungkin bisa beli lagi kesini 😁;netral
masih ada benang yg keluar, overall mantap 👌🏻;netral
mantap, cakep poll. ukurannya juga pas banget;netral
Okee sepatu datang dann bagus banget empuk juga dipakai pas banget di kaki sayaa, pengiriman juga cepat cuma 2 hari, terima kasih.;senang
cantikkkk tapi dibuat jalan jauh rada sakit jari kelingkingku🥺;marah
Bagusss bangettttt, tadinya takut kegedean ukuran 41 karna biasanya 40 tapi pas dicoba ternyata ga kegedean pokonya Toppo bagusss;marah
Sepatunya bagus, cuma dapet yang ada goresan bolpoinnya & packingnya kurang;senang
Oke lah, meskipun ga sesuai pilihan tp admin konfirmasi dg baik. Model bagus dan enak d kaki;senang
Alhamdulillah barang udah sampe,,kondisi baik;senang
Produknya bagus,nyaman di pake ,maaf lupa video unboxing tapi keren sih aerostreet;netral
Gokil nyaman di pake dan ringan bree;netral
tolong cek lebih teliti, kurang rapi ini.;netral
Sekelas Aero Street Tapi QC nya masih berantakan Lemnya masih tersisa, Coreta pensil untuk cuttingan masih ada jahitannya gk rapi😭;netral
produk sesuai deskripsi, pengiriman cepat,;senang
Bagus dan nyamannn buat uk 27 cm ini lumayan ad ruang dikit;senang
Kwalitas nya 💯% mantap, tpi mines diwarnanya kaya warna cewe🥲;netral
Sepatunya bagus bahan tebel empuk Ukuran sesuai Mudah²an awet Next order lg warna lainnya;senang
sesuai dengan deskripsi, bagus, rapi, stylist, memuaskan;senang
Mantap pokognya, barang sesuai walaupun ada noda sedikit d sepatunya;sedih
Produk lokal tak kalah dengan produk luar;netral
Barang baguss sekalii sesuai ekpetasii, bantuk dan warnanya sesuaii, mungkin untuk beberapa sisa benang bisa dirapihkan lagi;netral
mantab pokoknya mah, kualitas bukan main mainnn, pengiriman juga cepet banget;netral
Sorry hanya dpt bintang 3,krna gak ada bonus sama sekali.;senang
kardusnya beneran sepeyok itu huhu, sepatunya untung aman deh:(;senang
Sepatunya bagus realpict semoga awet ya soalnya baru kali ini pake merk ini;senang
Nggak nyangka sepatu ini sebagus ini, pas banget gk nyesel dech belinya.;senang
barang bagus dan sesuai pengiriman juga cepet Cekout pagi siang langsung di kirim;senang
Udah ke sekian kali belanja disini, barang bagus pengiriman cepat;senang
Pas Bentuk dan ukuran: Pas Warna: Sesuai;netral
Sedikit kecewa dengan warnanya., Kirain atasnya abu rupanya putih;sedih
Produk sangat bgs,jahitannya rapi.sesuai dengan deskripsinya.  Terima ksh;senang
sebel bgt dapetnya gini ky di gigit tikusssss, mana ada coretan juga. jujur jd males beli lagi;netral
cakepppolll sepatunya!!! sukaaakkk😍 pengiriman jugaa cepet, baru pesen malem besoknya udah datengg🥰👍;netral
Bagus,sempet nunggu 2minggu karna kehabisan, sekarang baru kebagian, ukuran pas bagus;senang
Sumpah bagus banget... Cocok di pake buat acra apa aja...;senang
bagus bangettt, ukurannya pas, terus solnya lenturrrr banget sangat amat comfortable🫶🏼;senang
Cakepp prodak lokal jg,, gk kalah sama prodak luar,,;netral
Cakep banget. Pantesan gak kbagian trs. Akhirnya dpt jg;netral
Warna sepatu dan jahitannya oke banget 👍;netral
Over all sepatunya baguss, tapi yang disayangkan ini ko ini serius di bungkusnya gituu doang?;senang
Sumpah bagus banget dengan harga yabg terjangkau kualiatas sepatunya ngak kaleng²😘;senang
👍👍👍 keren abiiis. murah tapi ga murahan. ❤️ produk lokal;netral
Barangnya bagus banget, padahal murah loh;senang
aku suka sama sepatunya, ini buat kado jadi semoga orang yang ku kasih juga suka dan dipake😭;netral
Sesuai size.keren sepatunya warnyanya juga sesuai;netral
suka sama modelnya 😍 outsole nya jg ga putih melulu spt sebelum²nya. jd lbh mudah dibersihin 👍🏻;netral
bagus bangett rill pict tp ada yg kotor dikit;senang
Mantab pengiriman cepat kualitas bagus 😍;senang
Mantap euy, pas banget ukurannya;netral
Sepatutnya bagus banget, aku suka banget;senang
barangnya bagus, solnya juga empuk, size pas sih  si di aku,. mantap aerostreet;senang
Sepatu bagus pas banget di kaki, stylish banget buat acara dan nongkrong.;senang
Mantap barang bagus, ukuran pas👍cumn gak dpet stiker;senang
Jujur bagus bgt ini. Pengiriman juga cepat.;senang
REALL PICT BAGUSSS WORTH IT, BRAND LOKALL TERR THEBESTT;netral
Baguss Bentuk dan ukuran: Pass;netral
Good all no komen pokoknya, pembelian ke 6 🔥;netral
Aerostreet sedang serius dalam membranding namanya.. Jadi jangan khawatir kualitasnya.;sedih
Bagus puoll!!!!😍pengiriman cepat, sabtu co, minggu sudah sampai🥰;senang
Pesanan sudah sampai,sesusai postingan dan kualitaspun bagus..;senang
Bagus bgt sepatunya, wangi baru wkwkw. Semoga awet;senang
bener bener sebagus itu pokonya, pengiriman juga cepet;senang
bagus banget woy parah 😭 mana empuk jg lg, perbanyak yg empuk jg ya min 😅;senang
Yg ditunggu tunggu udh sampaiii😍😍 Bagusss bgtt pas jga dikaki mungilku ini. Smoga awettt😍;netral
cantikkk bangettt,sukaaa🫰🏻😍💐;netral
Sepatu Sampai Dengan Kondisi Baik Dan Real pict;senang
Paketnya udh sampe ,tp dus spatunya penyok2😒  Sepatunya ok , Makasih;netral
Barang bagus, cakep juga, bintang sudah mewakili;senang
barang 'y selalu keren dan bagus. mantap;senang
bagus sumpah, tapi berat bgt cuy😞🫰🏼;senang
Sepatu nya OK dgn harga yg cukup worth it. Tapi packing pengiriman nya kok begini 🥲;netral
paket sdh sampai sesuai estimasi pengiriman & utk sepatu : warna, model ,ukuran ,harga sangat sesuai . next order lg .tks;senang
Real pict, worth to buy banget, sepatunya enteng, tokonya amanah dan kurirnya cepet, sehari nyampe🤩;netral
pokoknya suka banget sama aerostreet brand lokal tp keren nyaman dipakai udah punya 2pasang;netral
Paket sampai dengan cepat, baru sempat kasih ulasan. Ukuran pas . Empuk juga dikaki. Oke banget;senang
Bener2 bagus barangnya ,sudah 2x beli aerostreet ga pernah gagal.selalu puas;senang
Rekomen banget sii,insolnya empuk, tapak sepatu elastis;netral
Bagus sesuai harga, cuma blm dicoba kualitas nya mudah mudahan kuat dan awet;senang
Kak bisa gak di dana aja soal nya klo tu kirim ke pembayaran tadi gak bisa aku tarik uang nya;senang
Co spatu Austin coktu bs COD. stlh bs co konfirmasi gk bs COD. Klu gk bs knp diaktifin???  batalkan pesanan gk bs. yg dtng wrn ijo hrganya sm nggk amanah.;netral
produk ga sesuai warna, pertama gw pesen warna putih trus ga ada katanya stok habis lalu yang datang warna biru navy dan itu pun kualitas nya buruk jahitan ga rapi ada koyak di bagian deket tali sepatu pokoknya engga banget deh BURUK banget;sedih
Alhamdulillah akhirnya mendarat dengan selamat meski pembelian pertama gagal tapi dana kembali;sedih
ih cakep kata gua mah beli lu semua;netral
CAKEP BANGETTT, SUKAKKK cuma aku salah pilih uk, ternyata 38 ngepas bangettt di akuu, harusnyaa 39 kali yaaa;marah
Demi apa bagusss bngttt ngga espek bakal se empuk inii😻;netral
ga asik... QCnya kelolosan ini... ada nodanya 😭;sedih
recommended bgt sih, sesuai ekspektasi 💯;netral
Ya lumayanlah, packagingnya juga bagus 👍;senang
mantap,  hanya saja sedikit terlambat dalam pengiriman tapi okelah;netral
Terima kasih Kak, Keren bgt sepatunya lebih bagus dari Ekspektasi. . Harga segini tapi kualitasnya bag;senang
The best pokoknya, cocok dihati;marah
Gak masuk akalllll. Murah bagus parauhhhh;senang
Sesuai sama di foto terimakasih ☺🙏;netral
Ukuran tidak sesuai, pesan size 40 dikirim size 41;netral
ukuran pas, dan sepatunya kece abiss;netral
Bentuk dan ukuran: Bagus pas nyaman;senang
Sepatune keren, enak juga kalau dipakai.;netral
Produknya bagus;senang
bagus banget next mau koleksi warna lain;senang
aga kesal sih karna kardus nya rusak udah padahal buat kado, sama sepatu nya ada kaya kena noda gitu;sedih
modelnya selalu buat insecure waw harganya sesuai di kantong terimakasih Aerro street;netral
Sepatu gacorrr, cintailah ploduk ploduk indonesia;senang
Sepatunya bagus,,suka pooolll,,semoga awettt;netral
bagusss bangett sesuaii sama yg di fotoo, jatuh cintaa bangett sama aerostreet🥺🫰🏻, pesenn soree siangg nyaa udah datengg dongg secepett ituuu, ga nyesell beliii di siniii;sedih
Sangat amat2 buagusss pol😍pengen beli lg cuma Size gede blm ready lg☺️semoga lekas ada yha;senang
Bahannya enak, empuk bagus dah intinya;senang
ii baguss bangett sepatunyaa sukaa bangett sumpaa 🤍🤍🤍🤍;netral
Sesuai pesanan goodd bagus banget sepatunya;senang
AeroMania Mantabb.. Menara Aerotothespace...;netral
Bagus si cmn bungkusnya gini doang , kasian kurirnya pas kehujanan;senang
Dusnya aja sih yang kurang rapih;netral
Mantap meskipun sesak 🗿. Biasanya ukuran 40 ini 41 kali ya biar pas 🗿.gpplah lama lama juga melar 🗿🌝 (pict pemanis🌝);netral
sesuai dengan gambar, cakepp poulll 😍;netral
Sesuai pict dan nyaman dipakai;netral
Lucu, bahan enakeun, sesuai foto;senang
Mantap barang sudah mendarat dengan selamat dan sesuai pesanan,, sukses terus buat tokonya 👌;netral
Nice bro! Sedikit kotor aja saat sampai;netral
cakep, pengiriman juga cepet. makasih;netral
Demii apaa bagus bgtt cuma pengemasan nya aja jelek bgt cuma pake plastik doang nyampe² dusnya penyok mana basah kena ujan lagii hadeuh;senang
proud of local... sol nya ringan... comel sepatunya;netral
bagus sesuai sama apa yg kita pesen.mantap josss;senang
size 38 barang ghoib susah bgt gacorrr;netral
"barang yang datang tidak sesuai karena kesalahan input stok barang oleh pihak AS, dan saya sangat"" kecewa ketika sepatu warna putih yg diharapkan malah kosong";sedih
mantap saran lebihin 1 buat ukuran kaki;netral
Udah ke 4 kali nya beli sepatu lokal pride AEROSTREET, demi apapun ga pernah nyesal sama sekali;netral
Bagusss bangettt kakkkk.. Tapi kurang stikerr nyaaa wkwk;netral
Barang datang sesuai ekspektasi, cakep pollll ga pernah nyesel beli di Aerostreet 🔥🔥🔥;netral
Mantap ni sepatu, produk aerostreet bukan kaleng kaleng kawannnn;netral
bagus bngttt, buat harga segini ini worth it bngttt, kualitas nya baguss bngttt🥹;senang
AEROSTREET BENER BENER BAGUSS HARGA TERJANGKAUUU;netral
Alhamdulillah paket udah sampai Barangnya sesuai,,,sepatunya baguuuss bngt 👍;netral
Bentuk dan ukuran: Pas Warna: Bagus;senang
Brg yg dikirim tdk sesuai pesanan malah dikirim yg lain,harus ny sebelum kirim konfirmasih dlu biar bisa ganti ukuran atau warna ini malah langsung dikirim warna lain,udah dikemas dan dikirim baru di konfirmasi,kecewa bgt pdhl emg dri dlu langganan di toko ini mana pengiriman lama bgttttt👎👎;netral
Bentuk dan ukuran: Keren dan pas;netral
mantap sangat keren saat di pakai;senang
baguss bangetttt tapi rada kegedean;netral
udah sampee,suka bgtu produknya bener' keren..aku pesen um 37 dan 42 bener' pas..next bakal beli disini lagi;netral
Cakep banget gilaaaa. Pengirimannya juga cepet maknyus lah;netral
Make aerostreet dari tahun 2020 emang good gapernah mengecewakan;marah
Kerennn gesss sesuai pict nyaa;netral
bagus banget;senang
Sesuai ekspektasi mantap👍👍👍;netral
sangat bagus dan desain elegan;senang
Oengiriman cepat, barang bagus mantap;senang
keren... barang mantap tp murah!!;netral
Bintang 1000000/10 SANGAT BAGUSSSSS!!;senang
modelnya bagus dan ukuranya pas;senang
Sepatunya mantap, real pict solnya tebal;netral
Aerostreet ga perlu di ragukan;sedih
sangat puas, bagus sepatunya, semoga awet;senang
Keren... Sesuai real pic  Pasti jadi langganan beli sepatu nih.. Semoga makin berinovasi dengan gaya gaya yg lebih keren lagi buat aerostreet nya;netral
Tidak sesuai pesanan tidak amanah di live di spill giliran di kirim beda warna;netral
Ga expect sepatunya murah tapi bagus;senang
Barang bagus. Sesuai dan kurir ramah;senang
Sepatunya sesuai diskripsi 👍bagus;senang
produk aerostreet emang gapernah gagal. pokoke mantul. #recomended;sedih
Ukuran 43  Cakep poll sepatu ne 🔥;netral
padahal sudah beli yang ke3x nya, baru ini kecewa banget ,ga dikirim sesuai warna yang dipesan😔;marah
Bagus pokoknya sesuai info terbaik 👍👌;senang
baik;senang
barang udah sampe, aman , baguss 👍🏻;senang
mantapp, sesuai sama pesanan. sukses terus min;netral
Josssss, i ❤️produk indonesia;netral
baguss bangett pokonyaa cakepp😻;netral
Bagus sol empuk pengiriman cepat;senang
"Sudah beberapa x CO.....dan lagi"" puas dengan produknya.";senang
Baguss cuman di bagian depan kotor dikit tapi gapapa;netral
Real pict dan nyaman dipakai.;netral
Overall bagus siii, rekomen lah;senang
halo min, izin ngasih masukan nya ya min, untuk uper nya aga miring, terus pemasangan upernya kurang presisi antara nik nik nya, terimakasih sukses terus min kedepannya. MAJUKAN BRAND LOKAL🔥;senang
Barang sudah sampai dan bagus, sesuai.;senang
Walaupun ada sedikit jahitan yang keluar tapi gak papa karena saya percaya kepada aerostreet saya udah makai 2 tahun sepatu dari merek aerostreet tetap bagus dan tetap awet;senang
respon seller baik, packing baik kalau bisa di tambah bubble warp lagi biar lebih aman, untuk pengiriman cepat, produk sesuai dan aman. semoga cocok dan awet. recommended seller. 👍;senang
Bagus bgt ukuran juga pas Pokok sip;senang
Bagus sesuai dengan ekspektasi;senang
Sepatu bagus harga terjangkau, tp sayang sepatunya kurang cocok di pake kerja full time yg harus pake sepatu, gampang bau;senang
Paket sudah sampai, semoga sepatunya bisa kepake lama;netral
Alhamdulillah sesuai ekspektasi ✨;netral
Sepatunya bagus dan mantap cocok di kaki keliatan bagus, bentuk dan ukrannya pas;senang
tampilan bagus kualitas juga bagus, oh iya mau tanya dong cara nyucinya gimana ya? apakah ada alat atau sabun khusus?;senang
real pic, barang sesaui dengan gambar, perpaduan warna sepatu yang bagus, nyamanan saat digunakan karena empuk, intinya ini sepatu dri brand lokal yang berkualitas. Top markotop AEROSTREET;senang
Sepatunya bagus, sesuai dengan harga. Sayangnya kotaknya penyok padahal kotaknya bagus kalo di koleksi. Bentuk dan ukuran: Pas Aroma: Sepatu baru Daya tahan pakai: Kamu nanyak;senang
Seperti nya saya susah untuk cari merk lain Karna menurut saya dgn harga murah bahan bagus modelnya juga keren;senang
box penyok+sobek parah.;netral
kereen... pas di bentuk kaki gw yang lebar. agak susah kalo nyari sepatu yang bentuk lebar kaya kaki gw.  terima kasih;netral
Modelnya bagus.. cuman bagian QC nya aja perlu di tingkatkan kayaknya , Benang sisa  jaitannya  gak di potong rapi.;senang
sepatu nya baguss, ringan bener2 nyaman dipake. tapi aku salah pilih size😭 kira2 ada yg minat ga ukuran 38 baru banget hari ini sampe. aku mau co lagi ukuran 39 btw aku di lampung yah, dm untuk ngobrol lebih lanjut;marah
Alhamdulillah barang sampai ke tujuan dengan cepat tanpa cacat apapun , tokonya Amanah keren banget sih barang nya bagus bnget Kya harga 300k an jahitan nya rapi ,model nya juga bagus ngga Nora² bnget cocok buat sekolah ,traveling dll;senang
Untuk kualitas nya ckup memuaskan krna sya udh 2 tahun make aero dan ini sepatu kedua sya, cuman mohon sangat mohon untuk packingan paketnya di perhatikan masa cuman pelastik bening aja yg lapisi box sepatunya, apa lgi pengiriman keluar pulau, tolong di perhatikan;senang
as always, tidak mengecewakan. love it;marah
mantab, sepatu rapih, sesuai dengan deskripsi, tebel, kualitas bagus..pengiriman cepat responsif...semoga awet...Terima Kasih.;senang
Bagus sesuai ekspektasi, bahan dan jahitan nya luar biasa pastinya nyaman di pakai;senang
cakeppp, nyaman jugaa dipakee tapi sayang ada noda ajaa di bagian ujung sepatu, mungkin bisa lebih diperhatikan lagi kebersihannya;sedih
akhirnya setelah war ukuran 37;netral
Dapet juga sesuai ekspektasi banget nyaman empuk cuman pengiriman nya aja agak laka tapi oke;netral
GOKILLLL !! soft banget dalemnya;netral
Bentuk dan ukuran: pas baguss Aroma: seperti baru Daya tahan pakai: semoga awet Warna: pass memuaskan;netral
Jujur suka banget, empuk juga dipake, model sm warnanya baguuyss;netral
sepatu nya bagus pkonya gk nyesel bli disni tpi kirain sudah di sol ternyata bukan sol lan melainkan bahan karet dari sepatunya;senang
Mantap.kurir ny ramah terimkasih bnyak;senang
Barang nya bagus ,tapi minimal pekingan nya pakek kardus kek,ap yang lain takutnya ada ap2 di jalan penyok ap segala mcm 😭;netral
Kualitas bagus oke tapi alas nya agak licin di lantai ber keramik;senang
Otsolnya pecah²;marah
bagus banget, pengirimannya juga cepet banget cuma 2 hari, kerdus juga nggak rusak, pokoknya josss;netral
kata gua ini bagus bgt gilaa, soulnya tebel pas dikaki.. kirain 39 kegedean karna 25 cm an ternhata pas bgt;senang
Bagus, tapi ternyata kekecilan harus tambah 1 nomor;senang
Bentuk dan ukuran: ini ukuran standart sepatu jadi ga usah takut kegedean satu angka ukuran;marah
BAGUS BGTTTTT SUKAAA;senang
Kurang cuma di noda sedikit ,tapi its oke lah keseluruhan bagus;senang
Sumpah bagus & keren banget;senang
benang bekas jahitan kurang rapi, selain itu mantap;marah
"Proses pengiriman waktu itu ada kendala ""Gagal"", sempet panik tpi besoknya langsung proses kirim lagi dari pihak jasa kirim.  Fisik box bagian depan bolong seperti di video, kesampingkan box yg bolong.  Alhamdulillah sepatu aman dan bagus, puas sama produknya 👍🏻";senang
Sudah sampai min  Bagus bangettt cakeppp Terimakasih 😍;senang
BAGUSS BNGTT INI, CAKEP JUGA WARNANYA, NYAMAN DIPAKE, WORTH IT TO BUY🌟🌟;netral
Barangnya bagus empuk di pakai 👍 minus kotak penyok semua 🤣;senang
Bagus banget, cuman sayang warnanya dg ukuran 41 baru ada stoknya pdahal pengen yg warna hitam;senang
Best Seller lah Pokoknya nya Cuma Dus nya Penyok2 Tapi barang masih Okelah;netral
sebelum check out better beli upsize naik 1 guys, soalnya panjan sepatunya sih pas cuma kurang lebar tuh jadinya kerasa sempit pengap;netral
Mantap betol tak bengak aku doh😎;netral
Semuanya baik.. Rekomen sekali;senang
Bentuk dan ukuran: Pas di kaki ..sesak Aroma: Mantapp new Daya tahan pakai: Teball dan jahitan nya rafi;netral
sepatu bagus dan nyaman, fast respon Aero street;senang
Bentuk dan ukuran: Pas Aroma: Wngi Daya tahan pakai: Lma Warna: Oke;netral
The Best Size juga sesuai;netral
Sejauh ini aero street tidak pernah mengecewakan 👍;marah
Keren Warna: Sesuai Daya tahan pakai: Kuat ini mah;senang
Sesuai dengan gambar nya harga nya pun terjangkau;netral
pesen putih di kirim kuning. hadeeuh lain kali kalau ada pesenan jangan langsung di terimaa;netral
Mantap bngt produk lokal harga terjangkau kualitas jangan di ragukan;sedih
sepatu nya bagus aja sebenernya cumn ga nyangka ukurannya agak kecil gitu pdhl udh saya pesan ukuran yang lebih besar dari kaki saya;senang
Harga terjangkau, nyaman dipakai, semoga awet;netral
barangnya putih mulus tidak ada yang cacat;marah
ada noda kotor;sedih
Mantep, kualitasnya bagus gak kalah sama produk” luar;senang
Jahitan kurang rapi dikit. Selain itu mantap;netral
jujur bagus, tapi menurutku aerostreet dari dulu solnya kurang nyaman untuk semua orang karena pengap dan sempit, tolong di improv;senang
Worth it banget dapet harga under 200K, aku cinta produk dalam negeri ♡ Cuma kemarin ada salah ukur kaki, harusnya dg panjang 23,6 ambil yg ukuran 38, tapi kmrn ambil yg 37. But its okay, kalau pake kaos kaki yg tipis masih cukup;netral
worth it banget, dapet harga murah tapi barang ga murahan;netral
Spatue keren sesuai sm gmbr pengirimanny cpt jg mawf gk sempat fto sptue y min. Pokokny happy deh sm sptue;netral
Sesuai dengan yang di foto, dan kualitas bagus;senang
keren banget  knp sy baru kasi ulansan karna sy mau pake dulu dan ternyata senyaman itu bagus banget kwalitas ok barang sesuai ft;senang
Bentuk dan ukuran: Pas & sesuai Aroma: Suede Daya tahan pakai: Semoga awet Warna: Biru langit, nice!;sedih
Model dan bahan oke banget,  aerostreet emang top;netral
Untuk tampilan luar sudah OK hanya bagian dalam insolenya kurang nyaman, mungkin karna type sol bagian dalamnya masih dibuat potongan costum dan ditempel saja.;netral
Bentuk dan ukuran: Pas dan muat di kaki saya;netral
Bentuk dan ukuran: pas Aroma: baik Daya tahan pakai: blmndi pakai semoga bagus awet Warna: sesuai;senang
Terbaik,,cuman sekedar saran buat teman2 ambil satu ukuran diatasnya,,aku mesen 38 agak sempit soalnya 👌;senang
Asli ini sepatu keren buangetttttttttt 🔥🔥🔥🔥🔥;netral
Asli ini sepatu keren buangetttttttttt 🔥🔥🔥🔥🔥;netral
Size pas nyaman banget dipake;netral
Bentuk dan ukuran: Ok;netral
Bagus, sesuai yg difoto produk tapi packing ya kurang aman;senang
Nyaman dipakai, empuk bantalan sepatunya  Lembut dan modis  Simpel tapi terlihat mewah;senang
Sepatunya cakep bgt!!!! tapi kekecilan/ngepas bgt! biasa pake 24,5 mending pake uk 40 deh biar masuk kaos kaki, overall keren bat dah !! Pokonya kwalitas sesuai harga, semoga awet, thx seller and abang kurir sehat selalu..;senang
Bentuk dan ukuran: Bagus dan ukurannya pas Warna: Sesuai dan recomended;senang
Barang bagus ukuran pas di kaki,semoga awet;senang
Bentuk dan ukuran: Sesuai dengan pesanan Warna: Bagus Sangat bagus dan kualitas top;senang
Proses pesanan cepat, packing seperti biasa gitu doang, kualitas produk baik. Sebelum-sebelumnya beli Aerostreet untuk anak, kali ini Mamanya kepingin juga 🤘🏻;senang
Desain sepatu ok bagus keren,tapi ini jahitannya kurang rapih mau jeblos,sya sudah berapa kali membeli produk aerostreet dan seperti itu jahitan loncat itu masih 1 stikan seperti di foto,sebelumnya lebih dari 1,saran dan masukan dari sya tolong diperhatikan lagi di perbaiki🙏🏻aerostreet keren❤️‍🔥;senang
bagus, tapi bau lem nya kuat sekali 😭😭;senang
Mantab barang sudah tiba, kualitas oke keren uk pas dengan kaki nyaman;netral
sepatunya bagusss cakepp, model bagus ukuran pas sangat menarik, tapi sayang packingan kardusnya penyek;senang
a good shoes indeed 👍😸 sukaa banget modelnyaa! bisa aku pake sekolah, buat jalan jg oke bgt. cuma detailnya kurang rapi huhuu 😿 cuttingannya masih agak berantakan buat aku. but overall bagus!!! pengirimannya cepet! ty seller 😺;senang
baguss bgt, nyaman bgt juga saat dipakai, best dah brani lokal satu ini😄;netral
bagus, ukuran pas, sesuai pesanan tidak ada yang rusak kerenn bgt;netral
baguss bgtttt.. niat nya untuk sklh tpi ini terlalu bagus jdi sayang.. ooh ya klo ukuran 39 udh pas gk usah di tambah² lgi takutnya kegedean.  cintai brand lokal😘;senang
Warna: Hitam, sesuai Bentuk dan ukuran: Classic Ini sih gila, dengan harga ga nyampe 200 rb dapet sepatu yg kelasnya kyk 2 jtan. Mantep ga nyesel beli nih sepatu, masuk list pembelian ter worth it tahun ini. Makasi aerostreet;marah
Baguss saya suka dan anak saya juga suka , Bagus jaitanya rapih dan sesuai,tapi kardus nya penyok sedikit.semoga makin laku sepatu Austin nya dan yang lain🥰🥳;senang
mantap kualitas kerenn dan ukurann pun pas produknya bagussssss;netral
barang sudah sampai, sepatu nya bagus semoga awet. yaa meskipun dus nya penyok tapi sepatu nya aman. terimakasih min 🙏;senang
Bentuk dan ukuran: Pas Aroma: Baru Bagusssss, suka🫶;netral
Pengiriman cepat, sesuai pesenan,, bagus sepatunya;senang
udah bagus produknya,keren juga,tpi mungkin punya ku aja kali ya,baru di coba pas lepas dari percobaan cat alas kaki di dalamnya lepas gitu,tapi gpp untuk harga segini produknya tetap bagus,sukses terus kak, terimakasih;senang
modelnyaa suka bangett, tapi sepatunya agak berat ya hehe🥰tapi akuu sukaaa plsz.  admin nya fastrespon banget, lalu pengiriman bweh cepet sekalii , dan karena aku pengguna baru tokoped😭🙏🏻ini udah mantul poll menurut ku. thx adminn sepatu nya siap buat menemani masa belajar akuu( sekolah)❤️❤️❤️👍👍👍;marah
sepatunya diluar ekspetasi banget, ini lebih keren dari yg aku bayangin🤩 pengantaran cepat hanya selisih 1 hari dari pemesanan, packing kurang safety karena hanya BOK saja dan tidak dilapis, tapi gapapa barang sampai dengan aman, kece mah pokoknya, jangan ragu gais, RAGU= RUGI🫣;sedih
JANGAN BELI, KLO BELUM ADA DUIT!!!  Kalo udh ada sih jangan ragu, bagi gw ini okeeee bangettt. Dari bahan keseluruhan empuk, anti slip, dan look nya gak kalah keren. Untuk minus nya sendiri, mungkin jahitan yg kurang rapih sedikit, dan ada bercak lem di tiga titik. So, thats it.  Thanks.;sedih
Paket nya baru sampai udh kebuka tapi puas si sama sepatu nya bagus Bentuk dan ukuran: 43 Aroma: Seperti karet Warna: Hitam;senang
Barang nya selalu bagus mantap deh Aerostreet untuk yg kesekian kalinya #lokalbisa💪💪💪;senang
Aroma: Wangi sepatu baru 😍 Bentuk dan ukuran: Keren dan pas Daya tahan pakai: Belum tau karena baru sampai;netral
Buuuaggusss polll, ringan. Semoga aweett.   Tpi syng kenapa ga dikasih bubble wrap, apa emg harus tambah bubble wrap apa gimnaa;netral
Bagus banget ,,, super duper kualitas nya tak terbilangkan sangkin bagus nya ,,,keren;senang
model nya clasik simple dan elegan cocok untuk di pakai di berbagai acara;marah
kece Parah ga nyesel Warna: Hitam Coklat Bentuk dan ukuran: Pas dan pastinya gacor;netral
Bentuk dan ukuran: Pas Warna: Hitam coklat;netral
paket ydah datang kak pengirimamnya sangat cepat inike 4 kalinya q beli ditoko ini;senang
Pengiriman cepat, barang gak ada kecacatan 👍;netral
the best... keren... top bgt... sukses produk lokal...  bakalan langganan terus ini ma...;netral
Ukuran sesuai, design nya juga keren, keren;netral
Om ini sepatunya depa cacat gimana ya;marah
keren banget yaampun nak nak nak nak nak nak;netral
Barang oke. Bahan bagus. Terima kasih.;senang
Barang sudah sampai tepat waktu , Aerostreet tidak pernah mengecewakan , Terimakasih;netral
Oke bgt...sesuai harapan...semoga awet;netral
Suka banget, nanti beli lagi yang warna satunya;netral
Barang bagus cuman minus di potongan ujung sepatu aja bagian depan sama bagian belakang;senang
Bentuk dan ukuran: Sesuai gambar, nambah tinggi dikit lah Aroma: Baru Daya tahan pakai: Moga awet, ku kira di sol seperti di gambar ternyata modelnya aja Warna: Sesuai gambar;netral
Barang bagus sya udh dua kali pake brend ini Daya tahan pakai: Puas  nyaman Bentuk dan ukuran: Pas d kaki;senang
Kenyamanan 10/10 ,tapi untuk detail sepatu nya overall 7/10 karena masih belum rapih dan sol ada yang masuk ke dalem;netral
Untuk sepatu ok walau sedikit lebih berat di bagian bawahnya.kecewa berat sama packingan.paket deterina dalam keadaan rusak/robek karna bungkus terlalu tipis.jadi langsung saya bakar saja.;marah
sesuai pesanan...sepatunya bagus enteng nyaman dipake,saran untuk packing tambahin plastik hitam biar privasi;senang
Shape and size: bagus, size sesuai Wearability: nyaman dipakai jalan dan pastinya nyaman dipakai sehari hari Color: bagus, mungkin lebih bagus kalau tali nya warna hitam aja sebenarnya overall bagus, tp banyak jahitan yg keluar keluar entar di lidah sepatu, atau diluar sepatu, jadi agak mengganggu, wajar dgn harga sgini, tp overall bagus;senang
Cocok untuk sekolah dan jalan jalan ,  Warna nya bagus  Cuman packingnya kurang aman cumas pakai kerdus sepatu dan plastik;senang
emang gapernah gagal sie produk aeros,selalu beli disini mau buat fashion atau sporty karna bener bener real pict dan nagih karna sepatunya secantik cantik itu,bahannya juga quality high, recommended aku ngambil sesuai uk ku ga kekecilan maupun kebesaran pas pas aja,tapi ga yang sempit bngt ini😻;senang
pengiriman cpt dan sepatunya bagus, cuma tapak dalemnya sepertinya kepanjangan jadi agak nekuk gitu jd berasa nonjol pas di injek selebihnya bagus;senang
Pengiriman cepat kualitas barang bagus ukuran pas tp sayang kurang rapi masih ada sisa lem yg melebar...;senang
Ok sesuai request, bagus barangnya Bentuk dan ukuran: Sesuai Daya tahan pakai: Bagian bawah sudah di sol;netral
Kualitas barang baik, sesuai harga. Bahan dan metode pembuatan yang tertera pada deskripsi produk juga sesuai. Panduan ukuran pun akurat, jadi gak perlu ragu pesan ukuran yang pas jika memang telapak kaki sudah diukur dengan benar. Sementara merk lain seringkali meleset soal ukuran sehingga muncul kebiasaan 'pesan satu ukuran lebih besar untuk jaga-jaga'.  Pelayanan juga lumayan cepat. Begitu juga pengiriman pun cepat, tapi itu prestasi dari Pos Indonesia.  Secara umum Aerostreet memberikan kepuasan maksimal bagi pembeli.;senang
Pas ukuranya, bahan nya bagus banget, harga murah tp kualitas ga murahan. Dpt diskon mayan jadi lebih murah. Pokonya wajib co lagi di next shopping. Tks aerostreet;senang
untuk harga sekian lumayan okee, tapi sayangnya ada benang benang yang keluar dan karet2 dikit yang berlebih;senang
Terima kasih kak, paket sepatu aerostreet austine nya baru aja sampe rumah dan diterima dengan baik. Sepatu bagus banget kak, warnanya juga saya suka dan alhamdulilah pas di kaki saya hanya saja kurang sreg aja sih kak dari packaging produk nya transparan kak terus dus sepatu nya juga pada penyok gt;senang
untuk kualitas sepatunya bagus mid sol nya tebel  nyaman digunakan semoga awet... tapi sayang jaitan benang nya masih kurang rapi masih banyak kelebihan benang nya... untung saya detail... di foto hanya beberapa sisanya sudah saya rapikan sendiri benangnya sebelum saya buat riview nih sepatu;senang
Produk nya keren, bagus, nyaman, dan berkualitas tinggi, adem dan tidak mengecewakan  Sangat rekomendasi;senang
Bagus, bahan juga  bagus, pengiriman superduper cepettt, tpi packing kurang aman gatau itu kena minyak atau oli tpi plastiknya berminyak sampe kardusnya untung ngga kena sepatu. Tapi selebihnya bagus bgtt sepatunya;senang
Bentuk dan ukuran: Pas nyaman dan ringan pokoknya puas;senang
sepatu ke-2 dri aerostreet, kualitas tdk prnh mengecewakan,, sol tebal bahan oke bgt, harga merakyat, size sesuai di kterangan goodlah,...sukses trus aerosreet;marah
Bagus sepatu sudah datang pengiriman sangat cepat walaupun gw ada di Kalimantan overall sepatu nyaman dan pastinya kuat;senang
Bagus. Ukuran Pas. Alas karet sepatu bagus, empuk;senang
model kekinian , bahan bagus dan jahitan rapi;senang
Sudah 5x order di aerostreet. Austin bisa jadi alternatif samba. Kece banget. Ukuran biasa pakai size 41 insole 26cm. Tapi di aerostreet aku ambil size 40 karena insolenya 25,9cm. Dari segi bahan bukan kaleng kaleng. Masih nunggu war nusantara. Kemarin gak kebagian.;netral
mantap austin keren, cuma agak panas aja pas di pake;marah
topp keren banget modelnya, bahan juga bagus, worth it dg harganya;senang
ukurannya sangat pas sekali di kaki dan untuk model cocok sama saya;netral
Barang bagus dan pengiriman cepat Minus talinya aja, kayak rontok gitu Selebihnya oke;senang
kegedean dkit tapi ga mslah si ttp bagusss,datngenya juga cepet engga nyesel sii😋;netral
Baru pertama x beli sih ini iseng untuk kado. Tapi sumpah ini bagus bgt kece badai. Pengiriman cepet lagi padahal 10hr lagi mau lebaran. Gercep lgsg dikirim. Ultahnya masih lama masih 6hr lg🤭.Semoga suamiku suka dan muat sepatunya haha🙏🏻soalnya nomor 41 nya kayak gede. Semoga awet.makasih🙏🏻;senang
Bagus Jahitan rapi Nyaman di pakai Pengiriman cepat Puas bakal beli lagi buat tambah koleksi;senang
Kualitas okelah.. Jahitan kurang rapi, pengiriman cepat Bentuk dan ukuran: Sesuai Warna: Oke;senang
Klo utk desain dan model oke beud dah, tdk gemuk bgt tp cukup membulat desain na, baru ini beli aerostreet, dan quiet satisfied, hanya mgkn bagi sebagian org, sepatu yg msh ada bekas potong, bekas lem agak mn gtu ya ? tp bagi aku sih itu msh bs oke, jadi kek sepatu itu literally fresh from the oven . . . ^^ hehehe;marah
Bagus banget barang nya kslsnsj nanti beli lagi udah ke 4 kali beli;senang
Pengiriman cepat, Kardus sepatu juga aman. Look nya juga bagus, semoga bisa awet untuk pemakaian jangka panjang.;senang
emg keren si ni sepatu, looks pas dipake nya beuh kerennn bangetttt, btw pembelian ke 3. admin nya top;netral
Cakep pokoknya nyaman, sangat rekomendasi;senang
Bagus, insole nya kyk ngelipet gitu tpi klo dah dipake nyaman nyaman aja sih;senang
sepatu aero pertama lgsg beli 2. bahan adem, nyaman, model keren, ukuran pas bgt.;netral
Sangat puas sma produk nya, ukuran pas sesuai sma yg di foto;senang
Aslinya bagus bangat sesuai gambar ,pokonya dengan harga di bawah 200rb mewah bangat lah..ga kaleng kaleng;senang
Barang tiba dengan selamat ,sepatunya pas, walapun packing tidak aman hanya dengan plastik tanpa buble wrap . Semoga awet barangnya.;senang
Sepatu bagus tapi pakingnya tidak aman, kotak sepatunya penyok😩;senang
mantap di harga segini 100/10 rekomen bgtt ga bisa banyak ngomong lagi😍🙌;netral
Warna: coklat Bentuk dan ukuran: ukuran 40 kebesaran dikit bagus dan keren;senang
Bagus banget sepatunya gercep ada model baru trnyata sesuai ekspektasi;senang
Bentuk dan ukuran: uk 42 Aroma: wangi Daya tahan pakai: awet Warna: coklat tua bagus banget sih sepatunya, untuk ke2 kalinya beli sepatu aerostreet untuk kado ke pacar hehehe;senang
pertama kali beli aerostreet.  sepatunya ringan dan nyaman dipakai.;netral
Model nya bagus, sepatunya nyaman, sesuai dekskripsi & harganya murah... minusnya cuma pengirimannya lama;senang
Barang bagus ngak mengecewakan, ganti tali hitam lebih gahar;netral
Sepatu nya bagus,tapi sayang peking nya jelek ke ga ada pekingan ampe penyok;netral
Sepatunya empuk nyaman untuk di pakai🔥;netral
"Mantap aerostreet produk sesuai deskripsi, pengiriman cepat, sudah langganan kaos sama celana di sini... Sepatu baru pertama kali memuaskan... Next pasti order lagi... Di tunggu produk"" Terbarunya aerostreet";senang
Rekomendasi,  Tapi sayang pengirimannya tidak sesuai estimasi;senang
barangnya bagus bgt..sesuai harapan..dengan barang sebagus ini, harga segini ini murah bgt. terimakasih seller sudah menjual barang bagus.;senang
modelnya kere abizz, nyaman dipakai, upgrade sol nya terasa bngt;netral
Sepatu keren, bahan oke, design kekinian, pokoknya gak pernah kecewa beli di Aero street;marah
melebihi ekspektasi 😍😍 sangat bagus dan nyaman dikaki, solnya juga lumayan lembut;senang
Bagus sesuai pesanan cepat pengiriman Barangnya bagus;senang
Gaya nya kece badaayyy menyala deh🔥🔥 bagus banget sama ini bisa jadi alternatif buat samba dan nyaman banget kalo di pake keren deh pokoknya;senang
Wah mantap keren bgt sepatu nya alas nya jg tebel rapi mantap casual speak tempur ini mah;marah
sepatu nya bagus sesuai di poto pokoknya ga nyesel fyi ini produk pertama dari aerostreet;senang
Pas matap,, sesuai deskripsi. Tokonya amanah Alhamdulillah sudah 2x pesan ditoko ini. Sukses selalu utk tokonya;netral
Sepatunya bagus banget min,emang de best dah AEROSTRET.ini sy udah beli yg ke 16 saking bagusnya min,sy koleksi ,sy pake juga sih gonta ganti,tiap hari;senang
asliii secakepp ini, nyaman bngett dipake + empukk AHH BAGUSS DEH POKONYAA;netral
Sepatu nya BAGUSSSSS + NYAMAN DI PAKE EMPUK LAGI. PENGIRIMAN JUGA CEPETTT BANGET.2 HARI LANGSUNG NYAMPE : RECOMMENDED BANGET DEH!!!!!!!;netral
Bentuk dan ukuran: Pas.size 42 Warna: Coklat tua/hitam Daya tahan pakai: Semoga awet Yuhuuuu sepatunya udh dateng tdi sore barang dtang sesuai pesanan,yg tentunya suamiku suka.udah langganan di airostreet mulai dari kaos²nya dan sekrng nyoba sepatu;netral
1st time beli sepatu disini, karena seringnya beli kaos/polo. Ga dapet silica gel padahal uda konfirm admin katanya dapet (meskipun ga seberapa harga silica gel, tpi alangkah baiknya di cek lagi sblm di packing). Trs banyak sisa benang yg ga dipotong rapi 🙃;senang
sngat bagus bang, talinya tapi gua ganti hitam lebih oke 😁😁😁;netral
Barang susai dengan iklan, warna hitam;netral
Sepatu classic paling work it untuk di beli;netral
sesuai pesanan, pengiriman cepat, barang mantap;senang
GILAKK, baru kemarin pesan sekarang dah sampai wkwkwkwk mantap puas bangett bahan juga solid puas 🤩👍🏾👍🏾;senang
Barang sesuai pesanan tidak ada kekurangan.. Recomendded;netral
Paketnya sudah diterima Barang dikirim sesuai orderan Waaah aerostreet emang best  Ini orderan 7 so far so good Next order yg ini buat c kakak dan ayah Asli nyaman banget dipakenya kereen lagi Terima kasih;netral
Sepatunya bagus dan nyaman di pakai, terimakasih👍;senang
Sepatunya bagus dan nyaman di pakai, terimakasih👍;senang
Nyaman dikaki dan modelnya bagus kurangnya di sirkulasi udara aja;senang
Harga murah, kualitas juara. Terima kasih 🙏;senang
Simple, nyaman dipakai, bagian dalam empuk, dan affordable. Bisa jadi pilihan untuk ganti ganti sepatu di aktivitas hari hari.;netral
Bagus kualitasnya, tetapi ada beberapa bagian yang jahitannya kurang rapi;senang
Sepatu bagus dari segi bahan dan desain sesuai deskripsi di live. ukuran sepatunya pas seperti yang di pesan, dijamin ndk nyesal beli pasti awet sepatunya;senang
mantap kak produk nya sampai nya juga cepet, bahan nya kualitas tinggi terus pas kece dah pokoknya buat formal ataupun non formal, semangat terus buat brand lokal👏;senang
Is the best Bentuk dan ukuran: Sesuai dengan kaki,, bahkan biasa pake ukuran 41 di tokonya yg di offline lainnya agak sempit,, tpi Aero street tak gentar memproduksi size yg up dan agak longgar sedikit jadi ga panas di pakai ny,, udh stock 10 varian sepatu Aero street produk lokal tak gentar!!;marah
Sumpah sumpah sumpah BAGUS BANGET GILAK,,next co lagii pastiii yuhuuu 👍👍👍👍🤗🤗🫰🫰🫰🫰;senang
Bentuk dan ukuran: Ukuran pas. Nyaman dipake;netral
Sepatu sesuai gambar, hanya saja kardus nya sedikit rusak Warna: Bagus Bentuk dan ukuran: Pas Daya tahan pakai: Semoga awet;netral
Bentuk dan ukuran: Sangat pas;senang
mantep, keren dipake nya hahaha, nexttime;netral
Sepatu bagus, tapi untuk packing boxnya kurang banget kayak ga niat jualan, sayang banget boxnya rusak penyok. Tolong lebih niat lagi ya dalam packing boxnya terimakasih;senang
Alhamdulilah pesenan sepatuku dah nyampe barang bagus sesuai dengan gambar pengiriman juga cepat pokonya kereeeeen + dpt hrga murah dan gratis ongkir lg the best pokonamah 👍🏻👍🏻👍🏻👍🏻👍🏻👍🏻👍🏻🥰🥰🥰🥰;senang
Barangnya ori, bagus, nyaman di pakai, dan semoga awet barangnya;senang
mantap kualitas oke, rapih dan bagus untuk anak sekolah, bahan oke untuk harga yg sangat terjangkau;senang
Bentuk dan ukuran: Bentuk bagus pas buat kerja Daya tahan pakai: Semoga awet;senang
bagus sih tapi aga kecewa dikit, setelah di cek berulang baru ngeh dari segi penempelan nya kurang rapih, ini gatau apa yg putihnya sampe keluar dong, yang sebelah mah aman, ga ganggu sih tapi kaya, ini first time beli aero niatnya mau dukung brand lokal, eh kaya gini, tapi overal bagus;senang
Mantap barang sesuai .. dan selalu memuaskan;netral
bagus mantap hitamnya diluar prediksi gg pokok nya aero street 🫰🏻🤙🏻👍🏻👏🏻,ada vidio unboxing tapi ngga bisa di kirim😘;senang
Lebih cakep dari pada foto,mana harga murah bgt untuk kualitas kaya gini😭😭sukses terus buat aerostreet;netral
Bagian atas yang lubang ko kurang, tapi engak apa apa sih, selebihnya terimakasih;netral
Assalamu'alaikum,.. Paket udah nyaman sampai dengan aman nan selamat sampai tujuan,... Thankyou Aerostreet,.. Nggak ada produk gagal dah,.... Sukses selalu😌🤲🙏👍;senang
Sepatu sangat nyaman digunakan  Pengiriman:cepat Daya tahan pakai: Lama semoga Warna: Sngt baik Bentuk dan ukuran: Elegan;senang
Saran buat yang mau beli, pilih ukuran yang lebih besar dari ukuran kaki mu, aku beli yang ukuran 40 panjang kaki 25,9cm (panjang kaki ku 24,8cm), waktu dipake lumayan sempit, kecewa karena ngga ambil ukuran 41/42, untuk sepatunya sendiri yaa lumayan lah dengan harga segitu.;marah
Bentuk dan ukuran: pas Daya tahan pakai: kuat Warna: keren;senang
sepatunya bagus keliatan kokok. cuma ada benang putih yg tembus di tapak outsol..;senang
pesanannya sesuai bagus, mungkin dibagian jahitan yg kurang rapih bisa dibenerin lagi tp uda bagus🙏🏼;senang
Kualitas bagus banget, walaupun kebesaran di kaki, tapi overall top sih;senang
gini kan enak min di lihat Barang ny oke aman dan packaging ny bagus. Makasih min;senang
Gaya ok Ketepatan ukuran ok Bahan ok.  Tali perlu di panjangin 5 cm deh Ini sepatu kedua.  Mantap,,, Brand lokal,terjangkau, daya tahan pk;senang
Makin kesini makin nyaman dan empuk dipake nya, semoga awet hehe;netral
Bagus sepatunya. tp sayang pinising Masi tidak rapi, jahitan benang belepotan, ada yg tidak kejahit. Tp selebihnya bagus smuaa. Dr dulu memang sudah pake Aerostreet smua, dari baju, celana, sepatu, joger, dll Oh ia skrng sudah tidak lagi di kasih stiker.;senang
Sampai dengan aman. Sepatunya nyaman. Ini pembelian ke 2 setelah dlu beli yg seri Hoops (yg tinggi);senang
Semuanya bagus,...;senang
Bentuk dan ukuran: bentuk elegan, ukuran pas dan nyaman Warna: sesuai dengan pesanan;netral
Sepatu Bentuk dan ukuran: Keren Daya tahan pakai: Kuat dan padet;senang
bentuk bagus cumn sayang talinya panjang sebelah 🥹;senang
Pesen uk 43 dikirm 42 di bok nya doang 43 spatu nya 42 😮‍💨 di ngpres bangt di kaki;netral
Perfect, yang co barang aerostreet tidak akan menyesal;netral
Bentuk dan ukuran: 42 Aroma: aroma rubber Daya tahan pakai: belum di pakai semoga awet karena outsole langsung di hotpress tanpa proses lem Warna: semi black;netral
Gilaaa Bagus banget Produk Lokal keren omg Cuma lama doang kirimannyaaa Keren sih Aerostreet;senang
kereenn bangeetss, pengirimannya juga cepet;netral
Payah amat packing paket cuma pake plastik bening doang, gak di bubblewrap sama sekali, dus nya bolong penyok jdnya, untung aja sepatunya aman2 aja.;senang
keren cuy.. rasa pake DC shoes sol nya empuk, kalo jalan sampe gak kedengeran;netral
Sepatunya bagus ..sesuai ekspektasi.makasih seller;senang
Udah jadi pelanggan tetap Aerostreet, Produk Lokal Berkualitas, Packaging jg bagus g pernah kecewa beli disini.;netral
puas sesuai dengan yg di foto, ukuran dan lebar sepatu sangat pas enak di pakai;senang
barang bagus kualitas oke pengiriman cepat;senang
Bagus bgt sesuai gambar ini udah kali k berapa pesen d aero strear;senang
Bentuk dan ukuran: Sesuai Daya tahan pakai: Semoga awet Warna: Cerah;senang
Alhamdulillah spatunya udh nyampe bagus sesuai harga;senang
Bahan bagus, Langsung Dipakai Mantab, Terimakasih;senang
BEEUUH AEEROSSTT GELOO BARANGNYA AJIBB GA NGECEWAIN, PESEN KEMARIN MALEM SIANGNYA DATENG;netral
bagus bgt sumpil 100×🥳😱🤭🤭🤭💗🥇👟,makasih kak;senang
Waooooww barangnya bagus banget se sesuai gambar dan gak nyambung banget ternyata sebagus ini barangnya;senang
Bagus banget, tapi untuk qc harus sedikit diperbaiki lagi.;senang
Bentuknya bagus Bagus bagus, saran untuk produsen kiranya disediakan 1 Tali sepatu cadangan warna hitam ,tks;senang
Bentuk dan ukuran: 41 pas di kaki... Daya tahan pakai: Semoga awet Warna: Sesuai;netral
Produk baguss cuman busa dalem kurang empukk beda sama yg pertama beli min  Kardus penyekk kaya tertidih barang2 lain  Untung sepatu y aman  Terimakasih;senang
Cepat sekali sampai... Bentuk dan ukuran: Pas Aroma: 👍🏻 Daya tahan pakai: 👍🏻;senang
sepatu bagus cuma model alas terlalu tebal sih;senang
Bentuk dan ukuran: Bentuk nya bagus, menarik dan ukuran 43 Warna: Hitam;senang
mantap, elegan, brand lokal kualitas mantap, harga pas untuk mahasiswa;netral
jaitannya kurang rapih, harus saya potong sama di bakar dlu biar rapih, beda sama sepatu yang doraemonnya yang jaitannya msih rapih, trus juga gatau kenapa ukuran 43 aerostreet dan brand lokal lainnya itu sama kaya ukuran 44-44,5 ny brand luar, but kucing saya suka sama kardusnya jadi saya kasih bintang 3 and overall nice;senang
Suka banget sama ini produk karena sangat awet pemakaian hampir 3 tahun belum jebol sepatu akhirnya ketagihan pakai aero;senang
Bentuk dan ukuran: Pass Daya tahan pakai: Mantap Warna: Samaa;netral
Keren dan gk pernah kecewa pake Aerostreet  👍;marah
Baguss cuma jaitan kudu diperhatiin lagii bnyak benang² keluar;netral
bagusss bgt plisssss, nyamannn, pengiriman nya juga cepett bgtttt;netral
Daya tahan pakai: Oke Warna: Oke;netral
Bentuk dan ukuran: Sangat bagus dan rapih;senang
Gilakkk... Bagus banget sesuai iklan ini mahh 😍🔥🔥🔥;senang
Bentuk dan ukuran: ukuran pas, sesuai Warna: cakep;netral
Aerostreet Austin, Elegan, Cocok dipake kemana aja , mantab pokoknya.;marah
Sepatu aerostreet austin memang mantab keren ukuran pas bangt ngambil nomer 43;netral
Model bagus,pengiriman jg cepat.. Pembelian kedua,semoga awet kayak yg pertama beli.;senang
sesuai ekspektasi, alas tidak licin, pengiriman ok;netral
Kalo misal kan sepatu rijek jaggan di kasih ke customer saya tau kita harus support brnd lokal tapi niat dikit lah hadeh masa iya kita dikasih  yang kaya gini tolong perbaiki penyortiran nya;senang
sesuai gambar  bagus  kokoh  nyaman recomended;senang
Bentuk dan ukuran: Bagus Pengiriman cepat;senang
Barang bagus sesuai pict, size'y pas bgt.. Makasih Aerostreet..;senang
Nyaman saat digunakan, sejauh ini belum ada komplain. Terima kasih.;netral
Bentuk dan ukuran: bagus dan cocok Warna: hitam;senang
Bagus banget cocok untuk d pakai sehari-hari;senang
Kereeeeeeen Bentuk dan ukuran: Pas Warna: Oke sesuai gambar;netral
Udah langganan beli di Aero, ga pernah mengecewakan, bagus bagus Bentuk dan ukuran: Austin ukuran 42 Warna: Coklat tua;senang
gokss lahh. banyak finishing yang kurang rapi, tapi its okay masih worth to buy, kerennn;netral
Harga dengan diskon miring, sepatu nyaman banget dan mantel banget deh, klo mau beli sepatu di platform ini sangant worth banget;marah
Harga terjangkau kualitas baguss okee bngt;netral
Packingan mantep dus sehat wal afiat sampe di saya semuanya oke termasuk sepatunya,minesnyaaa gaada sticker dan sepatunya ga diplastikin lagi didalem box ya meskipun sepatunya gaada mines tpi kedepannya lebih Diperhatikan lagi aja min supaya sepatunya safe in box jdi customer makin puas....thank's🔥;senang
ini ke 4 kalinya beli sepatu nya Aerostreet.. dan smua nya puas & awet.  thanks;senang
Sesuai pesanan, kualitas mantap. Produk lokal yg gk pernah ngecewain.;netral
mulai dari warna sampai modelnya bagus, saya suka sekali. sepatunya juga tebel👍🏽;senang
overall bagus,pasti bakal order lagi rekomen bgt.... minus di packing pengiriman aj;netral
Min barng ny bagus, tp packing ny kurang rapi plastik ny aja udh sobek, kotak sepatu ny sobek, untuk kdepan pengiriman lebih rapi lgi ya...;senang
bagus bet gilaa ga ngotak Bentuk dan ukuran: pas di kaki Aroma: wangi cuyy;senang
barangnya udh nyampe walaupun kotaknya aga penyok, tpi ni austin keren parahhh bintang 5 pokonamah;senang
Selalu puas kalau belanja di aerostreet barangnya sesuai harga terjangkau dan pengiriman cepat bangett the best 👍👍;senang
mantap jiwaaa, look nya keren buat main oke acara resmi oke, bahan empuk alus nyaman 👍🏻 semoga awetttt;netral
Ukuran pas, dan sesuai foto, makasih gan!!!;netral
Bentuk dan ukuran: pas Warna: sesuai pengirimannya lama melewati estimasi;netral
Selalu puas dengan produk aerostreet,sudah punya beberapa sepatu,sandal,baju dan kemeja. Best lokal tak gentar;senang
Lebih dari yang ke 10x nya aku beli sepatu aero dari jaman suami lajang sampe punya istri secinta itu sama aero best banget produknya;senang
BAGUS BANGET!!!, tapi ya menurut saya jaitan nya kurang rapih aja. tapi Overall bagusss kokk;senang
Overall it's good, recommend seller..;netral
Mantul,kegedean ternyata harus nya 42 tpi gpp tetap keren,😁;netral
produk mantap sesuai deskripsi..... thanks gan;netral
Realpict..sesuai pesanan pengiriman jg cepat;senang
Bagus banget. Sesuai gambar dan empuk. Puas banget.;senang
Kualitas bagus. Hrg sngt terjangkau.;senang
Sumpah! Ga expect bakal sebagus dan senyaman ini dengan harga segitu. gabisa berkata kata lagii buat AeroStreet!!! Terbaikkk👊;senang
Nagus banget udah yg ke 2 kali beli sepatu disini selalu bagus ,harga juga g terlalu mahal ..;senang
Very  good ,good  design ,very  comfortable  ,i hope  strong  went  i  use in  long  time periode  tell to every one this shoes so very amazing stuff , Indonesian people can use this shoes  very  soon  make  aerostreet. Best  shoes in  the  world   win  against  Nike  Adidas.       Puma.   Rebook.;netral
mantapp cuma ada benang kurang rapi dipakein tali gendut nambah gudd🤤;netral
Asli mantap euy walaupun pengiriman nya agak lama #banggaproduklokal;netral
Sepatunya mantul cuman kerdusnya ad sobekan;netral
Nyampenya lama amatt, barangnya okelah suka. Tapi talinya panjang pendek😭;netral
sepatu model baru. lebih ringan dan lebih empuk.;netral
Udah sampai. Keren dan nyaman dipakai, mantap aerostreet;netral
Bagus sepatunya pas sesuai ukuran 🫰;senang
Bagus banget;senang
Untuk kesekian kalinya beli sepatu dari aerostreet ga ngecewain Model sepatunya juga bagus bagus #kembangkan produk lokal;senang
model nya keren, di pakai mewah harga miring nice sekali saya suka;senang
Pengiriman lebih cepat dari perkiraan,  Barang baguuuussss sol nya gak licin Beeeesttt koleksi ke tiga aerostreet ku Cm kali ini kardus dtg penyok Barang aman;senang
mantul sepatunya, gak nyesel pas rilis langsung co;netral
Nyesel beli disini,krn bikin pengen beli lagi. Mana tgl tua lagi,besok lh nunggu awal bln gw borong wkwk;senang
Udah langganan beli celana, baju dan sepatu buat suami di aerostreet... karna memang sebagus itu... next order lagi. Terimakasih;senang
worth it parah tinggal ganti tali sepatu yang gemuk;sedih
Mantappp enak bet di pake pas sekolah💓😁😹🫣🫣🫣🥳🥳🥳😍🤩🥰🥰;netral
Sudah langganan beli sepatu sllu disini Tapi ini saya salah ukuran harusnya 39 sya kepencet 38 alhasil gk kepakek sayang bngttt. Yang mau gantiin bisa hub sya lwt pesan 🙏;sedih
Sudah ke 3× belu sepatu di sini, selalu keren dan tahan lama. Bagus.;senang
Looks good 🔥 semoga kuat dan tahan lama 💯;senang
Bagus jahitan rapi sol empuk 👍;senang
Bagus barangnya okee, semoga awet;senang
Bagus dan empuq, cuma sz 40 terlalu ngepas next pesen uk 41;senang
Pertama kali beli langsung jatuh cinta gini ah;senang
Ko pola kanan atas miring beda SM yg kiri, gmna mau pake produk dalem bingung kl bgni jdinya.;marah
Tolong dong pekingnya yg aman  Takut di tuker sama sendal jepit;netral
Looks nya rapi dan simpel bagus bgt;senang
Kardus nya sobek kaya di banting gth 🤕  Dalam nya allhmdulillah GK knp² ..;netral
Belum dibuka karna untuk kado suami,semoga sesuai deskripsi;netral
Sepatu benjol satu sebelah kanan😭;netral
Sepatu nya bagus blom syaa coba semoga pas ya di kaki syaa,,  Terimakasih Aerostreet;senang
Barang Sesuai gambar dan datang pengirimannya cepat selamat...;senang
Real pic,insole 27 size 43 moga awet;netral
Produk oke suami suka selalu aerostreet pokoknya dr sepatu kaos dan jeans;netral
Please ini terlalu cakep sepatu nya 😻😻😻;netral
mantap banget udah belanja beberapa kali disini mulai dari baju sampai sepatu sampai udh beli 3 kali;senang
sepatu cakep bagus pas. semoga awet;senang
Bagussss cocok buat sekolah maupun untuk berpergian;marah
pengiriman cepat barang sesuai good lah;senang
Bagus produknya pengiriman cepat 🤩;senang
Barang bagus, semoga awet di pake;senang
makin cinta sama produk lokal🔥;senang
Cakep bgt sepatu nya gak nyesal beli di sini;netral
Luar biasa empuk nyaman dipakai;netral
Nyaman dipakai.. Empuk juga po;netral
Empuk enak buat jalan 👍🏿👍🏿;netral
dua kali beli disini and very worth to buy, #LokalPride;netral
Bahan bagus sesuai deskripsiij;senang
Kurang rapih buat jaitan outsoul nya min;netral
Keren anjay Bentuk dan ukuran: Pas;netral
Bagus. Kwalitas Mewah. Harga Pas.;senang
aerostreet tidak di ragukan lagi🥳;sedih
Barang sudah d terima Pengiriman super 🚀 cepat;senang
PELAYANAN MACAM APA INI! BELUM 24 JAM BARANG UDAH SAMPE  PERTAHANKAN PELAYANANNYA!;netral
Rapi, dan empuk dan cukup kokoh;netral
Recomended seller... Kurir nya mantap tepat waktu... 👍;senang
Nyaman banget. Kualitas mantabbbb;netral
Pengiriman cepat barangnya juga oke bgt;senang
Barang bagus sesuai dengan foto.;senang
Cocok dan sesuai lah ukurannya. 👍;marah
Bagus banget;senang
Mantap pokok nya mah terbaik aerostreet the best👍👍👍🥰;senang
kurang suka sama kualitas talinya;netral
Sangat bagus dan sesuai ekspetasi;senang
Mantapps nyaman pengiriman cepatt 👍;netral
Mantapl polll brand lokalll sekece ini ❤️;netral
suka ,, sepatu pas , next nanti order lagi;netral
Mantap ukuran pas 🌟🌟🌟🌟🌟;netral
Pola berbeda apa tidak ada kontrol/qc Pola berbeda jauhhh;netral
Sesuai ukuran pengiriman cepat;senang
built in qty nya bagus, makasih;senang
Sangat bagus utk stail anak muda👌👌👌;senang
Mantap paket sudah sampai...lgsg dipake;netral
Barangnya sesuai, sepatunya bagus;senang
Lokal pridee kecee parah 🤙🤙;netral
Juossss, Juossss, Juossss, Juossss, Juossss, Juossss, Juossss, Juossss;netral
Busa alas terlalu tebal, kurang nyaman, saya copot baru  nyaman;netral
Sepatu ini nyaman dipakai dengan desain yang sederhana namun tetap menarik, cocok untuk aktivitas sehari-hari. Bahannya cukup baik dan jahitannya rapi, memberikan kesan produk yang dibuat dengan perhatian terhadap detail. Ukurannya sesuai standar, sehingga pas di kaki tanpa terasa sempit. Sepatu ini juga mudah dipadukan dengan berbagai outfit, menjadikannya pilihan yang praktis untuk digunakan.;senang
Kualitas sepatunya gak perlu dipertanyakan. Yang minus cuma pengemasan langsung kotak tanpa bubblewrap jadi kotaknya penyok kiri kanan, mungkin lebih bagus kalau pengirimannya di bubblewrap biar kotaknya lebih aman.;senang
Bentuk dan ukuran: 42 Warna: Hitam;netral
Barang sesuai dan ukuranya sayang banget gak ngukur kaki saya dulu ternyata ukuran kaki saya 41 saya ambil 40 agak mau dempet tapi masi ga sesek overall ok brand lokal sepatu terbaik si ini topp;senang
bahannya bagus, hangat, dan keren. tapi pada bagian dalamnya ada cuttingan yang kelebihan;senang
barang bagus,tapi sayang ada beberapa yang kurang lem tapi cuma sedikit.untuk ukuran pas, pokonya mantap lah semoga aja awet;senang
Bentuk dan ukuran: Pas, cocok Daya tahan pakai: Kuat Warna: Sesuai, keren;marah
Nyaman dipakai, kualitas bagus, overall sangat puas dengan produknya;senang
Keren banget sepatunya, mantul aerostreet.;netral
order untuk anak. pilihan sendiri. katanya lebih baik lokal tapi asli daripada produk luar tapi palsu. quality bagus, respon cepat.;senang
Bentuk dan ukuran: 41 Ternyata kekecilan apakah bisa di kembalikan  Sepatu nya oke sih nyaman di pake ya ngga terlalu berat;marah
Bagus kualitasnya, ukurannya juga pas gak longgar atau sesek, gak sia sia nunggu barangnya bagus;senang
sepatunya bagus, meski kardusnya lecet dikit karena ekspedisi;senang
Produk mantap real👍 Terima kasih;netral
Real Video... Nyaman dipakai, pokoke sepatu ini the best untuk dikelasnya..... Cintai Produk Indonesia.... Bentuk dan ukuran: Pas, sesuai ekspetasi.. Daya tahan pakai: Semoga Awet Warna: Perpect;senang
Barangnya sudah sampai dan sesuai dengan pesanan terima kasih;netral
cakep. tapi boxnya penyok;netral
Sesuai Dan bahan ny bagus dan nyaman du gunakan;senang
Mantap banget..  Pengiriman cepat sekali Bentuk dan ukuran: Sesuai Daya tahan pakai: Awet bnget Warna: Sipp;senang
Minta tolong packingan lebih rapi lagi ya mind..tiap pesen sandal sepatu selalu aman pesen ini tadi asli packing rusak parah ...kalau bisa plastik agak tebal lagii...sepatu ke 6🥰 tetap the best sih Aero;netral
yah desain bagus dan yang lainnya bagus, saran saya sih disini untuk packaging itu harus di perbaiki lagi minimal di bungkus lebih tebal untuk melindungi sepatu, soalnya saya waktu paketnya datang itu kotaknya udah basah karena plastik packagingnya sobek terlalu tipis;senang
Untuk harga 170k ini worth it dan bagus sekali. Bahan nya kerasa kokoh, kuat, ga ringan tapi bukan yg berat di buat jalan.;senang
Bagus, Rapi, Ukuran Pas, Sesuai Deskripsi Tapi agak berat kek ciri khas sepatu aerostreet;netral
Oke ukuran pas, ternyata modelnya gemuk kayak sepatu skate ya, pengiriman cepat;senang
gak pernah kecewa..mantap,udah ke 5 x order selalu mantap;netral
gausah bukti foto, produk lokal paling keren. gak bikin kalian nyesel beli disini;netral
respon seller baik, pengiriman cepatt, packing baik, produk sesuai dan aman. semoga awet. recommended seller 👍;senang
Aih ... Memang bener bagus produk nya. Kotak nya pun bagus. Sangat2 rekomendasi produk lokal 1 ini.;senang
Barang Baguss... Pengiriman cepat;senang
Sesuai ekspektasi, cocok dan nyaman dipakai;marah
Bagus tapi aga kegedean.;senang
manteppp tapi ada beberapa beberapa kekurangan nya yaitu bahan yg kelebihan jaitan yg kelebihan ga di potong;netral
CAKEP UDAH GAUSAH DI RAGUIN LAGI;netral
mantap.., cuma talinya kurang kokoh bang, saran perbaiki di bahan tali sepatunya saja;netral
lokal yg sangat mengagumkan!! seriuss!! kereeeeennnn bgt;senang
Bentuk dan ukuran: sesuai Aroma: bau sepatu baru Daya tahan pakai: belum teruji Warna: sesuai;marah
Bentuk dan ukuran: Pas Aroma: Biasa Daya tahan pakai: Lama;netral
Barangnya bagus, kualitas oke. Cuma tali sepatunya masih jelek. Overall sih oke apalagi dgn harga segitu kualitas spt harga 300an. Mungkin harus sedikit diperhatikan CQ nya sebelum dipacking, soalnya sepatunya sedikit berdebu.;senang
Bentuk dan ukuran: Barang bagus, dan ukurannya pas;senang
untuk harga segini ya lumayan worth it untuk dibeli, sayangnya finishing nya masih berantakan ada beberapan yang jaitan nya tidak rapih;senang
Bentuk dan ukuran: Ok Daya tahan pakai: Ok;netral
Disain sangat menawan di harga ramah kantong, di pakai juga nyaman😍😍;senang
Barang bagus , model bagus ukuran sesuai dan mantaappp is the best;senang
Bentuk dan ukuran: 40 Aroma: Eee Daya tahan pakai: Bagus;senang
Mantap  Keren pokoknya enak banget di pake nyaman;netral
produk bagus tp sayang ukuran 40 nya kekecilan;senang
Kedepannya QC diperhatikan ya, alasnya yang didalem, tempelannya ga sesuai pola, ga nyaman jadinya;netral
Bagus tapi berat sepatu nya Sama tali nya jelek;marah
Harga terjangkau, nyaman dipakai, semoga awet;netral
Bentuk dan ukuran: pas Warna: Oke Daya tahan pakai: Klo bagus nanti di review;senang
Bentuk dan ukuran: Sesuai dengan pesanan Daya tahan pakai: Bagus semoga awet Warna: Hitam Aroma: Baru dari gudang;senang
keren sepatunya, walaupun masih sedikit kebesaran;netral
Sesuai pesanan mantap tebel lagi,ukuran pas;netral
Kekecilan, serasa sesak samping dan atas, Kurang nyaman dipakai, untuk panjang kaki sesuai dengan sepatunya.;netral
bagus banget barangnya 👍🏻👍🏻;senang
Mantap, bahan bagus dan sesuai pict. Semoga nyaman untuk di pakai. 👍;senang
Maaf baru kasih ulasan, bagus banget sepatunya,no 44 nya muat di anakku,gak nyesel belanja di sini puas banget pokoknya,makasih juga sama Abang kurirnya🙏;senang
bahan nya bagus ,dipakenya nyaman kuwalitas ok;senang
Bentuk dan ukuran: Beli ukuran 42 dan pas banget dikaki saya suka Warna: Warnanya bagus dan gak norak banget. Maantapp aerostreet..;senang
Bentuk dan ukuran: bentuk nya bagusss bangett tapi ukuran nya sempit padahal size saya ukuran nya 38😔;netral
Sepatu keren dan pas hrganya oke dan tdk murahan;netral
barang bagus, fast respon.. cmn kurirnya aja lelet. terimakasih;senang
Mantap pas bener sesuai harapan solnya tebel kualitas top 👍👍;netral
Bagus semoga Awet aja ya ,,size 41;senang
baguss;netral
Enak di pake;netral
Gw kira panjang, panjang telapak kaki 24,5 udah gw CO yang ukuran 40 panjangnya 25,9 pas dateng kok kecil banget, ngepas banget sama kaki gw Bentuk dan ukuran: Kekecilan, ukuran tak sesuai pas makenya, terkecoh sama ukuran jadinya;netral
Sangat suka produknya, nyaman dan empuk di kaki.;senang
Gacor parah ini looknya gokill, nyaman juga kmaren pake ngonser amann;netral
Tidak pernah gagal beli di sini selalu ok produk nya berkualitas semua;sedih
Sepatunya baguuuss...pas di kaki...nyaman dipakai...terimakasih semoga sukses selalu;netral
ORIGINAL;netral
Ukuran pas dan nyaman di pakai.. sudah 2 kali beli.. produknya bagus dan gk mengecewakan..;netral
kurang besar dikit di ukuran 39 empuk juga oke;netral
Buat sy pribadi ini Keren,  Barang yg dtg ssuai harapan, dan pas smuanya. Semoga barangnya bisa bertahan lama. Aerostreet mmg luar biasa.  Wktu pengirimannya jg cepat.;senang
Bentuk dan ukuran: Bagus dan pas Warna: hitam;senang
barangnya bagus sesuai gambar;senang
Alhamdulillah paket sudah sampai dengan selamat... Sepatu bagus bgt untuk harga segitu worth-it sekali terimakasih ka...;senang
Istimewa barangnya ,  Tetap selalu konsisten , supaya makin terus maju usahanya ... Terima kasih;senang
NEXT TOLONG PILIH JASA PENGIRIMANNYA YG BAGUS .. BARU KALI INI KECEWA KARNA KARDUS UDAH ROBEK SEPERTINYA SUDAH DI BUKA .. untungnya sesaui ukuran sepatu dan ukurannya.. terimakasih..;netral
Kueren poll mantap luar biasa amazing joss gandoss;netral
Bentuk dan ukuran: Pas Aroma: Baru Mantap;netral
SUDAH BERULANG KALI BELI PRODUK AERO MURAH AWET  KUALITAS TERJAMIN;netral
Bentuk dan ukuran: Pas sesuai yg di deskripsi semoga awet;netral
Warna:Hitam Hitam Ukuran:40  Kualitas:okh  Rekomen bnget cocok buat sekolah,buat kumpul' santai juga okh pokoknya rekomendasi bnget;senang
Sepatunya bagus,tapi minus dijahitannya aja;netral
Sangat sesuai, ukuran juga pas terbaik lah memang aerostreet ini;senang
Bentuk dan ukuran: Sesuai dan Pas Warna: Sesuai dengan di gambar;netral
Bentuk dan ukuran: pas Warna: cakep simple;netral
Terlalu bagus si ini dengan harga di yang sangat worit sangatttt puas banget;senang
Kualitasnya bagus. Walaupun murah tp barangnya tak murahan. Aku akan terus langganan disini. Ini dah yg ke 2x belanja disini. Puas bgt;senang
Ukuran pas sesuai kaki org indo, pas dicoba jg insole nya empuk diluar expektasi dgn hrga sgtu worth it bgt. Good job aerostreet austin👍🏻 Next mo beli yg wrna putih nya;netral
Barang di terima cepat Sesuai dengan orderan Nyaman empuk sol nya;senang
Barang datang cepat dan dalam kemasan yg rapi serta sesuai orderan;senang
Produknya oke dengan harga segitu, terutama pelayanannya, minta cepet buat datangnya dan Puji Tuhan sebelum tanggal 13 udah sampai duluan (cuma 2 hari) Thank you, semoga awet dan cocok selama pemakaian! 🙌🏻;senang
sepatunya bagus dan lumayan enteng,benar benar beda dgn seri lama;senang
Bagus untuk harga segini, salah ambil ukuran jadi kekecilan;netral
Bentuk dan ukuran: ukuran 39 Warna: coklat tua dan hitam pekat bagusss bangett sumpah!!!,ngga nyesel sama sekaliiii bakal awet sih ini, BAGUS BANGET GA BISA BERKATA KATA LAGI!!!,kalo bintang nya ada 100 aku kasih bintang 100 sumpah😍😍;senang
Bentuk dan ukuran: Sesuai gambar lawan klise Mantap kd jera ditukar;marah
No komen pokoknya bagus banget,yang mau beli langsung aja di co🫵🏻👍🏻👍🏻 Bentuk dan ukuran: Pas Aroma: Sepatu baru Warna: Bagus,hitam;senang
Lokalan tpi kualitas expot;netral
Barang nya mantap sesuai trus pengiriman cepat sekali;senang
gk pernah nyesel beli disini selalu kualitas bagus banget;senang
Not bad biasa pake size 39 pesan pertama kekecilan ini pesanan ke 2 size 40 pas dikaki untk kenyamanan biasa aja maaf gk sempat di foto lagi males;netral
terimakasih barang sudah sampai. model markotop cocok di segala aktifitas, keren dan nyaman dipakai.;marah
Sepatu lokal pride, desain menarik, elegan, dan mewah waktu dipakai.;senang
Barang sudah sampai dan sesuai, tapi mines paketannya sudah terbuka pas diantar kurir;sedih
Keren sepatunya bagus bget,👍;senang
Bagus, sesuai pesanan & pengiriman jg cepat 👍🏻;senang
Aroma wangi dan warna sesuai dengan di foto sama ukuran jugak pas;netral
istimewa... harga nya murah dinpake nya nyaman abis   jadi senjata harian neh;senang
pesen coklat tua malah yang dateng putih, hadeehh gimananih aerostreet, gapapa dah bagus sepatunya ukurannya juga sama, approve.;senang
Serius,dgn harga tertera ini Murahhhh sekali dg model n kualitas yg bagussss.. Ini aerostreet bukan jualan tp bersedekah..;netral
Keren Bentuk dan ukuran: Pas Warna: Mantap sesuai gambar;netral
Bentuk dan ukuran: Barang datang sesuai pesanan;netral
Kalo beli usahakan size nya lebih besar dari biasa nya;netral
Bagus, emang sebagus itu sepatunya, the best;senang
Barang nya bguss , cepet pengiriman , aman daaan alhamdulillah adek aku sukaa , btw ini orderan q yg ke 2 , next mau CO lagiih 🤩🤩🥰;senang
sudah sampai bagus,, keren abis;senang
mendarat dengan mulus dan terkendali;netral
barang sesuai deskipsi;netral
Mantap;netral
Alhamdulillah...sesuai pesanan.;netral
Bahanya bagus nyaman di pakai semoga awet;senang
Mantap sepatu nya apalagi kalo tali nya hitam makin mantep;netral
Saya ingin pengembalian satu produk diantara ke3 produknya alasan (Kekecilan);sedih
Good;netral
Barang aman, ukuran sesuai, mantaplah 👍;senang
Barang biasa aja, sesuai harga. Catatan perbaiki layanan Customer Service saja.;senang
Bangus banget woyy jangan dah beli sepatu sepatu kw lagi mending ini aja;netral
peoduk nya bagus tapi pengiriman nya agak lama;senang
dahlah  bangke,, stlah gw beli lah ukuran 39 bru ada😌;netral
Maaf baru kàsih ulasan, sepàtnya bagus dan tebal Anakku suka;senang
Bentuk dan ukuran: Sangat pas;senang
saya chat untuk menanyakan apa bisa tukar size hanya di baca saja;netral
Sorry Baru sempat kasih ulasan g nyangka sebagus ini gays,pket Nya cepat juga sampe nyaa kurir yang ramah,toko nya amanah next aku bklan order lagi.;senang
Harus kardus lebih bagus paking juga harus bagus, jangan di kasih sobek;senang
Cakep model sepatunya...Nex order again;netral
bagus tapi belom di coba gak sempet nyobanya;netral
barang sudah diterima, minusnya cuman di ekspedisinya aja ada problem;netral
real pict bgt deh, gk nyesel beli langsung gw pake ngampus;netral
produk sesuai.. sangat memuaskan sekali..;senang
Barang bagus tida ada cacat sedikit pun;netral
Keren barang dari aerostreet GK bakalan gagal tankyu;sedih
bagus bgt sepatu nya, warna nya jga cakep;senang
Pas pie keren gak terlalu sumpek empuk lagii;netral
mantab nie brandlokal. sepatu nyaman utk kerja harian;netral
Penilaian sesuai bintang Terimakasih atas pelayanan nya Paket aman, kualitas bagus Nanti pesan disini lagi;senang
Sepatunya bagus pas di kaki;senang
Sepatu bagus sesuai dengan iklan mantap🔥;senang
Sepatunya bagus,udah berapa kali beli dan bagus semua;senang
Bagus g pernah ngecewain, hrgaaa juga ok udh 2x beli disini;senang
Ukuran gak sesuai chart n gak normal. Minta ganti naik size gak dikasih. Gilax, brand suram.;marah
sesuai ekspektasi dan nyaman dipakai;netral
Produk sesuai deskripsi;netral
jahitannya masih keluar tapi udh bagus;senang
bagus sesuai dengan pesanan pengiriman cepat next order lagi 👋;senang
Bagus 🙏🏼🙏🏼 Sesuai dengan pesanan, tidak mengecewakan;netral
Bagus tapi ukurannya kekecilan 😭;senang
Barang sesuai pesanan;netral
nyaman dan sesuai;netral
SEPATUNYA MANTAB JIWA tapi kenapa ya Aero street memilih outsOL COKLAT TUA kenapa ya? kenapa Keren Banget;senang
barang sesuai, bagus, original.;senang
Bagus...realpik asli yg datang ny sesuai gambar;netral
Nice 🔥🔥🔥 tidak mengecewakan;marah
barang bagus, sesuai pesanan;senang
Selalu menjadi plhan no 1;netral
superr mewah mantap min;senang
Udah ke sekian kali beli produk ini , sumpah ga ngecewain . Yang ada pengen nambah koleksi terus 😍;senang
Kereennn 😎😎 suka dengan desain nya, emang aero tidak mengecewakan;marah
Tidak mengecewakan puas bgtt ga gagal pokok nya..;sedih
Bentuk dan ukuran: Bagus dan pas;senang
Suka banget Aero Ini, udah 3 X cadi candu;marah
Mantap keren lokal tak gentar;netral
Kualitas jaminan;netral
Old tapi keren dan bagus;senang
Bagus sesuai di foto dan di deskripsi;senang
Bentuk dan ukuran: Pas dan sesuai gambar;netral
keren;netral
Bagus banget nyaman lagi di pakenya;senang
Paket sudah sampai dengan selamat🙏 terima kasih min 🤍;netral
Bentuk dan ukuran: Pas dan sesuai;netral
bagus bgtt, bisa jadi salah satu pilihan sepatu warna item tp ga pasaran modelnya;netral
Potongan outsolenya kurang rapih;netral
Pengiriman cepet buanget, 1 hari sampai, dapat voucher pembelian pertama di tiktok jadi tinggal 91rb, waaah beruntung banget! GOOD!;netral
Bahannya bagus tidak mengecewakan;netral
Bahan gokil harga miring.. shalute;marah
kualitas bagusss bgttt;netral
Pas ,bahanya bgus dan insyallah kuat;senang
Bentuk dan ukuran: Bagus Aroma: Baru;senang
Modelnya keren! Pas di badan dan nyawan waktu dipake beraktivitas. Bahannya tebal tapi nggak gerak, kok.;netral
Puas lah. Puas dengan barang sama pelayanannya kurirnya. Hanya kotak aja sedikit rusak ngak bisa dipake lagi. Kedepannya kalo bisa dibuat buble min sekedar saran aja 🙏. Thangkiu;senang
Bahannya bagus, ukurannya juga pas sesuai sama yang di list;senang
modelnya keren, ukuran pas 39 nya. pengiriman si cepat kilat 2 hari sampai. packagingnya bawaan sepatu terus di kasi plastik aman isinya dan transparan. bahan solnya empuk dan enak;senang
mampir ke Reseller Resmi Aerostreet di Tokopedia.link/sendlapkan untuk bisa dapetin Sepatu Aerostreet dengan Harga Retail dan 99K Modelnya keren! Pas di badan & nyaman waktu dipake beraktivitas. Bahannya tebal tapi nggak gerah, kok.;netral
"mampir ke Reseller Resmi Aerostreet di  Tokopedia.link/sendlapkan   untuk bisa dapetin Sepatu Aerostreet dengan Harga Retail dan 99K  Modelnya keren! Pas di badan; nyaman waktu dipake beraktivitas. Bahannya tebal tapi nggak gerah, kok.";netral
"mampir ke Reseller Resmi Aerostreet di  Tokopedia.link/sendlapkan   untuk bisa dapetin Sepatu Aerostreet dengan Harga Retail dan 99K  Modelnya keren! Pas di badan; nyaman waktu dipake beraktivitas. Bahannya tebal tapi nggak gerah, kok.";netral
"mampir ke Reseller Resmi Aerostreet di  Tokopedia.link/sendlapkan   untuk bisa dapetin Sepatu Aerostreet dengan Harga Retail dan 99K  Modelnya keren! Pas di badan; nyaman waktu dipake beraktivitas. Bahannya tebal tapi nggak gerah, kok.";netral
"mampir ke Reseller Resmi Aerostreet di  Tokopedia.link/sendlapkan   untuk bisa dapetin Sepatu Aerostreet dengan Harga Retail dan 99K  Modelnya keren! Pas di badan; nyaman waktu dipake beraktivitas. Bahannya tebal tapi nggak gerah, kok.";netral
"mampir ke Reseller Resmi Aerostreet di  Tokopedia.link/sendlapkan   untuk bisa dapetin Sepatu Aerostreet dengan Harga Retail dan 99K  Modelnya keren! Pas di badan; nyaman waktu dipake beraktivitas. Bahannya tebal tapi nggak gerah, kok.";netral
"mampir ke Reseller Resmi Aerostreet di  Tokopedia.link/sendlapkan   untuk bisa dapetin Sepatu Aerostreet dengan Harga Retail dan 99K  Modelnya keren! Pas di badan; nyaman waktu dipake beraktivitas. Bahannya tebal tapi nggak gerah, kok.";netral
barang sampai dengan selamat, kualitas seperti biasa sangat recommended, sudah pernah beli tapi kali ini dapat yang kurang rapi, but overall good;senang
barangnya sesuai deskripsi , ukuran sesuai , enak di kaki pda saat jalan;netral
Pengiriman cepat, barang sesuai pesanan, tapi packing kurang kardus basah kerna packing kurang, tapi sepatu aman  Terimakasih;senang
Ukuran pas kualitas oke sesuai dengan pesanan;netral
Nggak sebagus + tebel kaya produksi lama, jujur agak kecewa sama produk yang sekarang;netral
Barangnya sesuai pesanan. Sepatunya lembut nyaman dipakai. Dan warnanya netral jadi bisa pakai untuk baju warna apa aja. Sepatu ini punya abg saya,dan abg saya suka dengan modelnya.;senang
Bentuk dan ukuran: Pas Warna: Sesuai Seneng banget, barangnya ok, semoga awet;netral
Kualitasnya bagus untuk ukuran sepatu seharga ini;senang
Pesanan sudah sampai, barang sesuai pesanan, packing aman, pengiriman lumayan cepat, pakai voucher diskon jadi lebih murah, terimakasih;senang
sepatu bagus modelnya keren cocok untuk anak aku senang sekali. cuma pengiriman nya agak lama dari ekspeynya;senang
Barang sampai dengan selamat varian nyaa baguss dan kerenn tapi minus nyampe barang ada penyok nya;netral
Alhamdulillah, pesanan sudah sampai dengan selamat🥰 mudah²an awet untuk anak sekolah🥰 sejauh ini barang nya bagus,tidak ada cacat sama sekali🥰 next order yg lainnya🥰🫶;netral
Barang diterima dgn baik,ukuran pas sesuai pesanan;netral
Barang original,bahan bagus ,motif keren ,awet pastinya  Beli size 42 Dateng pas di kaki 🥰;senang
Bagus dan pas dipake. Insolnya juga enak gak licin.;senang
sepatu nya bagus banget, sesuai sama gambar nya, tapi untuk packaging box nya mungkin bisa di double in lagi box nya, karna pas sampai di rumah box nya penyet;senang
Sepatu nya bahannya tebal,bagus desainya,anaku suka,gak nyesel deh pokoknya,semoga saja awet KRNA baru pertama kali beli merk ini;netral
Bentuk dan ukuran: Sesuai dengan deskripsi Daya tahan pakai: Sangat tahan lama Aroma: Wangi Warna: Hitam yg aku suka;senang
look bagus, bahannya tebel, jahitan rapii juga. tapak nya ga terlalu berat bisa dipake buat harian, rekomen deh👍;netral
Bentuk dan ukuran: 41  ukuranya pas Daya tahan pakai: di bawahnha gak karet dan gak lentur Warna: warna sesuai Aroma: Biasa cuman di bawah sepatunya kurang lembut dan lentur  dan gak karet tapi semunya bagus dan oky  saya kasih Bintang 4 Bismillah semoga Awet 🙂👍;senang
Bagus, sesuai pesanan Barang ori;senang
barang terkirim dalam keadaan baik seller fast respon ukuran pas;senang
Bentuk dan ukuran: sesuai Aroma: sepatu baru Daya tahan pakai: sangat bagus barang sampai dengan baik dan realpict;senang
Gk nyangka barang bagus enak di pakai dan nyaman;senang
Pengiriman cepat, barang sesuai pesanan. trmksh;senang
alhamdulillah masyaAlloh akhirnya nyampee dengan cepat dapat harga promo cuma 85rb an mkasih aero 💛👌🏻;senang
Barangnya sudah sampai kk ternyata yg di poto sama dengan aslinya barangnya bagus dan kualitas produk menarik sekali lagi terima kasih atas barangnya kak❤️🥰☺️🙏;senang
Bentuk dan ukuran: Pas tidak terlalu sempit Warna: Hitam putih Mantap sepatunya;netral
Review jujur lengkap di YouTube (Asper Rando TV) Udh oke bgt sih sebenarnya 🙏;senang
barang sudah mendarat dengan mulus sesuai dengan gambarnya pas banget.;netral
Sepatunya keren , belum di coba sih ukuran nya pas atau nggak.;netral
Bagus bgt,sesuai deskripsi,estimasi sesuai,puas bgt pokokke...;senang
Terbaik emang aerostreet, produk lokal gak kalah saing;senang
Keren sesuai sama di foto tpi belum tau ketahuannya tpi jahitan rapi banget;netral
bagussss bgt sesuai sama ukurannn dan ga lamaaa ngirimnya;netral
Paket telah sampai ketempat tujuan dengan selamat. Mantap...barang nya sesuai dengan yang dipesan pokok nya sipp banget lah...👍👍;netral
Sepatu nya mantap, udah yg ke 3 kali nya saya belik,gak pernah kecewa sama sekali, produk lokal memang mantap;marah
mantap, nyaman dipakai, ukurannya pas;netral
ok, bro .... barang bagus dan cepat sampai ke alamat;senang
Alhamdulillah paket cepett bnget sampainya , barng amaaan .. daan pak suu sukaaa bangett spatu nyaa 😍😍😍;netral
mantap,baguss bangett sukaa pokoknya;netral
Sangat kece dan Feelnya sangat solid.;senang
Warna: hitam Bentuk dan ukuran: 41 (pas);netral
Aerostreet gak pernah gagal produknya;sedih
KEREN, MANTAP, NYAMAN...👍🏻;netral
Produk lokal paling rekomen, Produk yang di terima sesuai dengan deskripsi dan foto, kualitas bahan pun sangat bagus, semoga awet Warna: Sesuai foto Bentuk dan ukuran: Sesuai deskripsi yang di sampaikan di deskripsi produk Daya tahan pakai: Bahan tebal dan nyaman di pakai;senang
Bentuk dan ukuran: pass Aroma: harum Daya tahan pakai: awett karena pakai injection mould Warna: hitam pekat cuman agak sayang dibagian plong mata ayam tempat buat tali agak sedikit miring dibagian depan tapi its okee masih bagus,,btw ini pembelian sepatu aero yang ke 9;netral
Bentuk dan ukuran: Bentuk Terkini, Ukuran Pas.. Daya tahan pakai: Pasti Awet karena ini sudah yang ke-8 kali beli produk Aerosteet Cintailah Ploduk-ploduk Indonesia;senang
Bagus,bahan tebel, nyaman dipakai,the bestt;netral
keren banget sepatunya, nyaman dan sesuai ukuran, bahannya high quality, mantep Aerostreet👌🏻;netral
Produk Aero Street emang the best quality,untuk yang kesekian kalinya beli produk ini dan selalu puas,anakku seneng banget,warna dan ukuran cocok,pengirimannya cepat,packing aman.Makasih seller,semoga semakin laris manis.Aamiin;netral
bagus sepatunya, bahannya ebak dipake, insole juga padet tebel gitu, buat dipake buat seharian gk ada gangguan sama sekali, puas beli disini;senang
Cepet banget sampenya, Produk original,sesuai pesanan, Ukuran pas, 👍 Warna: Hitam Bentuk dan ukuran: Sesuai Aroma: Baru Daya tahan pakai: Lama;netral
kotaknya penyok karna tidak ada tambahan buble warp/kemasan tambahan;netral
Kualitas oke, lumayan cepet nyampe juga, awalnya takut gk muat karna kaki UK 40 tapi order UK 41, ternyata pas lebih dikit aja, kotak nya penyok mungkin kejepit/ketimpa selama perjalanan  4 star dulu ya min, tapi overall worth it;marah
modelnya bagus, nyaman, solnya gk selip, cuman sayang, solnya ketebelan, jadi pas make agak gimana gitu;senang
Kualitas bagus, rapi, nyaman di pakai, cuma kurang presisi aja kiri dan kanannya, tapi yang lain nya udh oke banget;senang
seperti biasanya  ukurannya pas, kualitasnya bagus packing rapih banget pengiriman juga cepet;senang
Bentuk dan ukuran: bentuk nya bagus. ukuran 40 pas di kaki Warna: hitam putih cocok untuk kerja,sekolah,maupun jalan jalan PRODUK DALAM NEGERI JOSSS MANTAP;senang
bagus sih sepatunya, tapi ada minus dikit di outsole ada sobek kecil jadi kalo dipake jalan kyk keluar angin gitu, tapi gpp lah maklum, untuk evaluasi aja kedepannya moga lebih baik lagi;senang
Sepatunya bagus, bahannya empuk, pengiriman juga super cepat. semoga tahan lama dan bisa buat nemenin aktivitas. Beli sepatu buat tes UTBK;senang
sangat baguss, cocok dipakai, ukurannya pas dan wanrnanya hitam pekat bagus sangat baguss;senang
Kedua kalinya pesen sepatu di aerostreet..bahan masih yang bagus dan nyaman dipakai;senang
makasih paketnya udah Datang,dengan amanah,barangnya original,proses nya cepat,pengiriman ya cepat,sampai tujuan,bisa buat Langganan klau beli lagi. buat toko nya amanah tak doakan Selalu lancar rezekinya amin.;senang
Sesuai deskripsi Jujur produknya bagus dgn harga segitu , saran aja bagi yg mau beli baiknya ukuranya dinaikan dikit Dari ukuran kaki , biar lebih nyaman saat pakai kaos kaki;senang
Bentuk dan ukuran: Ukurannya pas kualitas juga bagus;senang
Promo 9.9 dpt harga 97K sudah termasuk ongkir, barang hanya 1 hari cepat sampai, ukuran pas dan cocok dipakai buat kerja/sekolah/jalan-jalan 👍;senang
Bentuk dan ukuran: Desain nya lumayan bagus dan oke tapi ukurannya agak sempit sedikit aja padahal ukuran 42 🤣 Warna: Hitam pekat bagus;senang
Varian :hitam putih 41 Bahan bagun empuk bahan kanpas ringan di paken ke mana mana,pake sekolah bisa,kerja bisa  Pokonya debes👍;netral
Pengiriman cepat, dan barangnya bagus dipakai juga nyaman;senang
terima kasih barang nya nyampe dengan selamat, mungkin next nya minta pake bublewrap kali yak biar ga gonjreng banget gt cm masih aman sih untuk musim ujan kek hari gini, bahan nya cakep, nyaman juga, model ya cakep dah, sol manteb dan mudah2an awet ampe tipis nanti 🤣, ukuran ngepas aja tuh masih ada napas buat si jempol gerak2, jadi ga kegedean ama ga kekecilan juga pas nyobain, terima kasih min dan abang kurir, sukses dan sehat selalu min 🙏🏻;senang
Barang bagus Bentuk dan ukuran: Bagus rapi,pas;senang
"model nya standar, build quality nya pemakaian 3 hari masih normal, tadi ga sengaja kakin ketekuk pas pake sepatu ini tapi pas cek kondisi masih aman dan nyaman dipake, di area genangan air sampe area tanah basah/licin masih nyaman... bagian bawah basah juga gak bikin sepatu licin.  sama kalo boleh masih saran mending logo ""local pride"" nya ganti aja sama logo yang bikin value ni brand makin bagus";senang
Mantab barang keren ori gak kecewa saya udah beli ke 2 kalinya.  Saran aja sich pakingnya kasih Bablewarp biar lebih aman dusnya overal MANTAP TOP BANGET Bentuk dan ukuran: Ok Aroma: Bau sepatu baru Daya tahan pakai: Awet;marah
Daya tahan pakai: sangat cocok Warna: bagus Aroma: harum Bentuk dan ukuran: baik;senang
keren mantapp desainnya oke, gak berarti dan nyaman dipake nya;netral
Cihuyyy bgus bet nih sepatu produk lokal emng ga kalah ama produk luar dri segi bahan dan tampil kece sih😁😋;netral
Bentuk dan ukuran: pas dikaki Aroma: tidak ada Daya tahan pakai: aman buat daily Warna: keren;senang
Produk bagus, makin bagus dari yg versi sebelumnya;senang
memuaskan seperti biasa. ukuran pas. kualitas mantap. harga ramah dikantong. model keren.;senang
Sesuai dengan pesanan cuman kemasannya agak kurang aman tapi ok;senang
Bentuk dan ukuran: bagus sesuai Aroma: wangi Daya tahan pakai: semoga awet Warna: bagus;senang
harga murah kualitas kelas atas,bagus gk nyangka moga awet,asli cakep keren;netral
Pengirimnan cepat, packing rapih, ukuran pas, kualitas mantapnyooohh;senang
barang datang dengan aman dan cepat kualitas sepatu sesuai dengan deskripsi mantap kak semoga awet untuk jangka panjang;senang
Pengiriman cepat, barang lumayan bagus, cuma sedikit kurang rapi dalam pengerjaan finishing sepatunya;senang
bagus tapi sayang ny Peking ny kurang harus di bungkus ny hitam tapi ini transparan banget;senang
Recommended seller respon cepat barang sesuai pesanan;senang
"sudh sampai, cocok banget di kaki, jarang"" ada ukuran yg besar tapi nyaman";marah
kereen ternyata aslinya.  murah tapi ga murahan.. terima kasih aerostreet;netral
pesanannya sesuai yg diinginkan..bahannya bagus..respon penjual cepat..pengiriman. tepat sesuai estimasi overall keren puolll;senang
Bentuk dan ukuran: 44,sesuai Warna: cocok untuk anak sekolah SEMOGA AWET;senang
Baguss ada noda dikit gpp;sedih
Warna: Realpick sesuai gambar Bentuk dan ukuran: Pas bngt dipakai! Nyaman,, Pengiriman! Satset;netral
keren sesuai sama yg di gambar;netral
Dengan harga segitu oke sih, tapi perlu di perhatikan lagi soal quality nya ini bagian outsole sobek tapi masih bisa lolos sampai kejual🥲;netral
Bentuk dan ukuran: Pas nyaman di pakai Aroma: Harum Sesuai pesanan, 👍  Bagus banget gilaa;senang
model bagus , alas tebel , pengiriman cepat sampai lebih cepat dari estimas;senang
Warna: Ok sesuai yang dipesan Aroma: Baunya sepatu baru ori;marah
Pembelian kesekian kalinya Seperti biasa dus penyok, tp sepatu keren, pengiriman cepatt, ukuran cocok. terima kasih;marah
model casual, alas kaki empuk, jahitan rapi;netral
Paket nya sesuai dan sangat bagus, ukuran nya juga sesuai;senang
Aerostreet terbaik lah Bentuk dan ukuran: Bagus dan pas Aroma: Santan kelapa wkwkwk Daya tahan pakai: Belum diuji karna baru dateng Warna: Hitam putih;senang
Barang sampai dengan baik tidak ada kerusakan ukuran produk sesuai dan sangat memuaskan, terimakasih aerostreet semoga semakin jaya kedepannya.;senang
Bagus desain nya juga mantap cocok lah buat yang mau pegi liburan... Tpi ya agak kegedean dkit sih gpp lah saya juga yg salah mesen nomer😅😅;marah
Ukuran pas, di pakai nyaman, model keren...;netral
Barang sudah sampai pengiriman cepat pesan kemarin hari ini udah dateng, dan sesuai deskripsi, ukuran pas;senang
Bentuk dan ukuran: bagus dan pas Aroma: harum;senang
Bentuk dan ukuran: Sangat pas Warna: Bagus Produk Aero street memang bagus. Toko favorit dan langganan saya, Bangga produk lokal 💪💪👍👍;senang
Pemesanan yg ke 5, selama ini tidak pernah mengecewakan.  Alas yg sekarang tipis bgt... Sampe datang kondisi sudah bolong. Klo gini kena air dikit mresep dong...;marah
selalu bagus produk dari aerostreet 👍🔥 Bentuk dan ukuran: keren, pas juga Warna: hitam, bagus;senang
Bagus cuma samping” sol sisa” kurang di cut biar tapi;senang
ok lah , cuma minus jahitannya keluar keluar + ini jahitan di sol nya gimmick;netral
Sepatu ini melebihi ekspetasi saya,size nya fit bnget di kaki,sesuai selera saya,sepatunya juga bner2 nyaman bro;netral
ukuranya pas di aku yang biasanya pake 39 barangnya bagus, ga ada kerusakan, realpict 🙌👍;senang
modelnya keren. karetnya empuk. alasnya empuk. bahannya lebih lembut. cepet juga pengirimnya;senang
kualitas mantap, sesuai sama harga, ukuran nge pas wkwk untung ndk salah pilih nomor;marah
pengiriman si cepat terus barangnya sesuai pesanan;senang
cakep buat ootd. ngafe atau main.kmn. dgak kalah ama merk v*ns thanks;netral
Pengiriman cepet, suka sama sepatunya, kardusnya agak penyok tapi gamasalah ❤️❤️;netral
Bagus sepatunya sesuai pesanan,ukuran pas;senang
keren banget pas di kaki harga terjangkau dan gratis ongkir ke kalimantan, mantap 👍;netral
Ukuran pas desain bagus mantap aerostreet;senang
Diluar ekspektasi ssihhh, selaly support produk lokal ya gusy;netral
baguss, ringannn. mantappp pokok nya mah klo soal produk lokal satu ini;netral
Warnanya pekat, bagus. Cocok untuk kerja ataupun buat hangout dan outfit casual;senang
Bagus, sesuai ekpetasi nyaman lagi, ga mengecewakan dah;netral
baguss bgttt, hadiah buat adekkkuu nexttime bakalan order lg disiniii thankyouu❤;senang
Seperti biasa , Aerostreet gak pernah ngecewain,, pas mantab dan keren cuma paking nya gak ada buble warp skrg😌 tapi ya sudah lah yg penting aman sampe tmtp no cacat;senang
Bagus banget sepatunya mantap bang👍;netral
Alhamdulillah ini k2x beli sepatu d toko ini.. selalu suka sama alasnya yg tebal.. barangnya juga bagus, harga nya yg murah.. recommend deh pokonya;senang
Biasanya anak pakai 37 ini sengaja beli 38 kirain kegedean ternyata ngepass bgt;senang
Alhamdulillah sepatu Aerostreetnya sudah sampai,sepatu nya bagus banget buat sekolah apa lg buat jln2 bagus banget, anakq suka banget ini beli yg kedua kali nya;senang
Aku suka lokalan punya bahan adem, tp nyesel beli nya terburu2 payment di 257rb.. ehh bsok nya beli 3barang yg sama cuma 237rb😭;netral
Alhamdulillah puas...... Barange ori, semoga awet....;senang
tepat waktu datang nya,,barang nya pun lumayan;senang
Sepatunya Bagus Dan Bahannya Juga Oke Cocoklah Untuk Dipakai Jalan Jalan mantap untuk Aerostrett;senang
Bentuk dan ukuran: Bentuknya bagus, ukurannya kurang pas dengan kaki saya Daya tahan pakai: Bagus Warna: Bagus;senang
Sepatu nya keren udh nyampe bagus.. Nyaman jg di pakai... Pasti beli lg ah..;senang
Pengiriman sesuai jadwal produk sesuai deskripsi seller amanah Bentuk dan ukuran: Pas Warna: Variatif Daya tahan pakai: Semoga awet;netral
"Perdana makee sepatu Aerostreet,barang datang sesuai pesanan 😍,inimah sepatuu rasaa 500k😍,hargaa 150k udahh dapett spekk mewahhh dimana lagii kaloo bukan dii Aerostreet,inii sii bakal jadii langganan 😍, yang mau beli jangan ragu"" produk tidak mengecewakan dijamin😍😍😍";sedih
overall bagus, ukuran pas, bentuknya keren, dan yang paling keren, proses dan pengirimannya cepat, baru beli jumat, sabtu sore sudah sampe rumah, keren aerostreet;senang
Bagus bangett walaupun ukuran 39 biasanya aku 40-41 tpi masih tetep muat dan masih ada ruang buat kaki ehehe;senang
Agak kecewa nih sama yang sekarang kualitas menurun, sepatu belum 1 bulan udah pada copot lemnya Daya tahan pakai: Kurang banget pada copot lemnya;sedih
Kualitas sesuai dengan harga, sudah cukup bagus namun ada beberapa yg sedikit lagi diperbaiki pada bagian finishing, masih ada yg belepotan, seandainya itu diperbaiki beh ni sepatu keliatan nya pasti rapi, bersih.;senang
Produk ok banget dan nyaman dipakai, hanya saran tolong packing nya lebih rapi dan kasih bubblewrap, karena bagian belakang kardusnya saya penyok banget. Tapi Alhamdulillah produk didalamnya masih aman dan bagus.  Thanks;senang
Bahan bagus Untuk sisi samping kurang rapih Tapi masih oke lah Semoga kedepannya lagi bisa lebih baik lagi;senang
Modelnya keren! Pas di badan & nyaman waktu dipake beraktivitas. Bahannya tebal tapi nggak gerah, kok.;netral
Modelnya keren! Pas di badan & nyaman waktu dipake beraktivitas. Bahannya tebal tapi nggak gerah, kok.;netral
Modelnya keren! Pas di badan & nyaman waktu dipake beraktivitas. Bahannya tebal tapi nggak gerah, kok.;netral
bahannya bagus jahitan rapi,, ukuran pas sangat cocok;senang
Sepatunya bagus, jaitannya rapi untuk harga segitu oke banget, sayang paketnya ngga di pakein bubble, untung paketnya gpp, thx seller;senang
Untuk bahan ok tapi ada sedikit kain kurang rapih dikit,tapi bagus kok untuk harga segini;senang
sepatunya bagus , ukurannya pas dikaki size 42.cuma pas masuk agak susah aj.bahan kanvasnya agak kasar tp okelah dg harga segitu.detailnya kalo bisa diperbaiki ada bagian sol yg mbleber;senang
Bentuk dan ukuran: size 41 sebenernya kurang leluasa pas di pake tapi overall cakep dan keren banget sepatunya, mungkin kalo mau checkout lagi yg model lain bisa ambil yg 42.. thank's AEROSTREET;netral
Bentuk dan ukuran: Pas Aroma: Pas Daya tahan pakai: Pas Warna: Pas;netral
Kualitas baik, ukuran sesuai, dipakai nyaman, pengiriman cepat;senang
sepatunya enak dipake insole empuk presisi kokoh pokonya mah next order lagi , semoga awet dan pengiriman nya mantap cepet banget cuma sehari haha , terimakasih seller tingkatkan dan pertahankan kualitasnya  🔥;netral
Model bagus dan nyaman, bentuk dan warna yg elegan. cuma sayang, ukuran 41 nya rada kecil. Tp sepatu ini sangat bagus. D rekomendasi kan utk beli.;senang
Mantap, ukurannya pas, saat dipakai, alas pijakan kaki nya lembut, Design nya pun sesuai dengan gambar. 👍;senang
Sesuai sih tapi kardus a penyok🤦‍♂️;netral
Merk ini mah gk pernah gagal Udah langganan banget beli merk inii pengiriman cuuepeet banget pulaa shiip;sedih
offer all ok sih.. untuk outsol bagian dalam klo bisa rongga nya d tutup atau insol nya di sesuaikan;netral
Ini gua dpt produk cacat atau emng kualitasnya jelek ya?? . Dibagian midsolenya bleweran begini ?? Trus baru dipake 2 hari udah lepas sebagian gini??? Hadeuhhh quality controlnya gimana ini??;marah
Bentuk dan ukuran: Pas Aroma: Wangi Daya tahan pakai: Kuat Warna: Sesuai Barangnya bagus;senang
model nya keren,,nyaman,,cuma untuk ukuran saya terlalu gede,,biasa size 42,,harus down size ke 41,,,tpi oke banget,,thx seller;netral
Bagusss bangettttt sesuai banget sama ekspektasi 😍;netral
2021 beli jhosse, 2025 ganti baru ke massive;netral
Pengiriman cepat sepatu bagus sesuai foto Tapi kurang rapi dikit;senang
enak bagian tumit ga sakit dan ukuranya pas;marah
Mantappp, sesuai ukuran..joss pokoke;netral
modelnya bagus,nyaman di pakai,ukuran sesuai,packing rapi;netral
Bentuk dan ukuran: Pas Aroma: Wangi Daya tahan pakai: Kuat Warna: ☀;senang
Mantap lh yg di bagian tumitnya pun udh gak ada kata²;netral
Sayang harusnya nomer 42 emng boleh tukar nomer kak;senang
model bagus dan sesuai gambar, pengiriman sesuai harapan dan pengemasan produk rapih;senang
Paket sudah sampey pengiriman cepat pengepakan lumayan barang sesuey expetasi;senang
Bagus pengiriman cepat, box tidak lecet;senang
Keren bgt sepatu nya, nyaman bgt di kaki, sangat reccomended..  Tq seller, tingkatkan lagi kualitas & pelayanan nya;senang
Datang dg selamatt aman,cepat, pokoknya the bestt untuk mas kurirnya sama seller, thxx;netral
barang bagus, nyaman dipakai, minus di packing aja;senang
mantap sesuai dengan ekspektasi ku, nggak kekecilan;netral
barang nya sesuai ekspektasi🤩 dateng nya juga cepet banget, pesen malem siang nya Dateng the best lah👍😻;netral
Gua udah beli ini yang warna putih sebelumnya. Enak dipake jalan.;netral
Barang nya bagus, paling ya paketnya rada lama nyampe aja sisa nya oke banget;senang
model bagus, ukuran pas, enak dipakai, solnya empuk;senang
Barang bagus cus anak ku suka dan pas ukuranya semoga awet👍;senang
Keren bgt nih ok gk kaleng² lah Aroma: Wangi baru Bentuk dan ukuran: Kiri pas kana agak seret;netral
Ringan Bentuk dan ukuran: Bentuk kece ukuran pas Warna: Bagus;senang
Kualitas nya bagus banget,jahitan rapih , pengiriman nya cepat,gx pernah kecewa sih kalo beli di Aerostreet;netral
Warna: hitam Bentuk dan ukuran: 41 harga ramah kualitas gak main main, emang gak nyesal belinya;senang
Sepatunya bagus banget ringan ndak berat tampilannya pun keren.;netral
Sepatu sudah diterima dan kondisi baik, ukuran pas, semoga enak dipakai dan awet;senang
Bagus dan sesuai dgn realpick ,ukuran nya pas dan nyaman dipakai;senang
model keren.nyaman dipakai.model sesuai dan ukuran pas.;netral
Mantap! Pas sesuai. Pengiriman cepat. Tengkyu!;senang
Okelah mantap, saran aja buat adminnya supaya ukurannya kalo bisa kayak di +1 gitu. Soalnya kemarin saya beli sepatu degan ukuran yang sama dia itu besar, sedangkan ini malah ngepass banget;netral
Pengiriman cepat, kardus tidak penyok, dan sepatunya pas buat panjang kaki ±25cm.;senang
Bentuk dan ukuran: Ukuran pas Aroma: Wangi karna blm di pake Daya tahan pakai: Semoga awet Warna: Hitam Putih Mantap udh 2xco tidak mengecewakan😋;marah
Bentuk dan ukuran: Pas Daya tahan pakai: Awet Warna: Hitam Aroma: Sepatu baru 🥳 Ayo beli, gak nyesel;netral
Mantap, harga murah tp ga murahan tp kualitas premium.;netral
model nya kren,cocok sekali d pke nya,ukuran nya pas banget;netral
Sesuai pesanan💯👍 Bentuk dan ukuran: Modelnya bagus ukuran pas;senang
Daya tahan pakai: awet banget Warna: bagus Bentuk dan ukuran: sesuai;senang
Sepatunya bagus, bahan nya juga bagus. Semoga awet;senang
Bentuk dan ukuran: Sepatu nya bagus warna karakter nya sesuai ukuran nya pas di kaki;senang
cocok pas di kaki, nyaman dan datang sesuai pesanan;marah
Bagus sepatunya, ukurannya juga pas. Semoga awet, terimakasih.;senang
Sangat puas, harga murah barang istimewa. terimakasih next beli lagi.;senang
selalu puas belanja disini. harga murah kualitas ga murahan;senang
Modelnya keren, pas di kaki dan bahanya tebal, pengirimanya cepat. Brand lokal rekomended 😁;senang
Cepat, kualitas bagus, tepat waktu, sesuai pesanan, keren pokoknyaa;senang
Dari jaman kuliah 2019 massive versi pertama masih ada, skrng versi 2 top smoga sama awetnya 👍🏻;netral
Bagus, paket sampai dengan baik Ukuran pas;senang
Seneng banget deh sesuai ekspektasi, gak nyesel deh pesen Aero,, pengiriman juga sat set kemarin pesen hari ini datang;netral
barang sudah sampai dan kualitas sesuai harga tapu cukup bagus dengan lokal pride;senang
barang cepat sampai, ukuran dan model sesuai yg dipesan, 1 hal saja yg saya keluhkan, insole sepatunya terlalu tinggi sehingga membuat sepatu terlalu pas pasan di saya;senang
PKT udh DTG..biasa pke no 42..trnyata trllu ngepas dkaki..hrs nya dlebihin no 43 Bentuk dan ukuran: Ssuai Daya tahan pakai: Blm dcoba Warna: Hitam plat putih Aroma: Tdk brbau;netral
ogheee mantap insole dan outsolenya empuk parahhh😋;netral
Mantap, barang sampai dengan selamat kualitas ok ukuran pas cocok banget...;marah
Bagus Bentuk dan ukuran: 31 Warna: hitam putih baguss banget sesuai banget sama di online cepet lagi Topp dah Aero street 😹;senang
bagus sesuai ekspektasi. produk lokal ter dabest, barang buat kado jadi gada fotonya wk;senang
Intinya bagus, sesuai sama pesanan, ukuranya pun sesuai dengan pesanan, tidak ada cacat di sepatunya, mantap lah aerostreet, terimakasih 🙏 Bentuk dan ukuran: 42;netral
sangat puas dengan sepatunya kualitas tidak diragukan lagi,sukses terus aerostreet;senang
bagus, pengiriman tidak lama, kualitas oke;senang
Mantap Bentuk dan ukuran: Pas Warna: Bagus dan rapi;senang
Produk dalam kondisi baik, real pict dan sesuai pesanan..;senang
Baguss banget sepatunya tapi sayangnya box nya hancurr sedih banget🥲;sedih
Aroma: Wangui Daya tahan pakai: Awet tt Warna: Hitam Keren cepat pula;senang
Pengiriman sangat cepat sekali, barang bagus;senang
Oke keren gak pernah nyesel. Udh yg ke 2xnya beli. Sukses trus buat produk lokal. Tingkatkan trus kwalitasnya. Untuk kaki yg biasa 37 makan 1 tingkat pasti pas🙏;netral
Alhamdulillah pesann udah nyampe,realpick,amn pengiriman,cocok,puas bgt.bagus sepatu nya;netral
Alhamdulillah paketnya cepet datang dan bagus bgt, semoga awet, terimakasih seller, terimakasih tiktok;senang
top pokonyaa cuman minesnya kasi kaos kaki gratis dong min haha😹;netral
barang bagus sesuai deskripsi, pengiriman tepat waktu;senang
pengitiman cepet g sepatuny ngecewain dah pokony Bentuk dan ukuran: bagus pas;senang
mendarat dengan aman barang bagus pengiriman cepat ukuran pas;senang
bagusss.. nyaman kayanya kalo dibawa jalan. pijakan nya lembut 👍🏻;senang
Paket sudah mendarat min Recoment si buat harga segitu udh bagus bnget dan nyaman Warna: Warna.a hitam.a juga bagus, rapi;senang
Sepatu nya bagus jahitan nya jg rapi. Mantap;senang
Di terima dg baik, kualitas aerostreet emang ga mengecewakan. Tapi pekingannya rusak, kurng estetik pas nyampe;marah
Sesuai yang di deskripsi, rekomended buat cari sepatu sekolah tapi masih keren;netral
baik sampai dengan selamat tidak ada yg cacat , pengirimin juga lumayan cepet;netral
Sepatunya kerenn,,pengirimin cepat,,baru pertama nyobain aero street semoga awett🙂;netral
Bentuk dan ukuran: mantap pas keren lah pokoknya;netral
Dari bahan bagus nih Aero street udah d sol jugaa;senang
Bentuk dan ukuran: Stylish dan ukuran pas Warna: Hitam;netral
Pengiriman lama Packinganya kurang rapi kardus nya sobek²dan penyok Barangnya sesui;netral
Mantap 👍 👍 👍 sesuai dengan yg di vidio.sukses terus buat tokonya;netral
GK BISA MOVE ON DRI AERO STREET.  Ini gue beli ke 5 kalinya, sepatu gue aeo stret berjejer di rak sptu anjayy krenn krenn sumpah makasih loh udh murahhj bangtt tapi kualitasnya gk kaleng kaleng dan superrr elegan banyak macamm, sampai saat ini ini produk yg jauhhh lebih gilaa kreenn pake bangtt.;senang
ukuran sesuai, warna dan type juga sesuai, terimakasih, smoga awet;netral
bguss size 41 kekecilan ternyata di aku;netral
"Bagus sekali, alasnya empuk, brand lokal tapi gk kaleng""👍";senang
pembelian kedua, bagus, cepat pengirimannya;senang
Bentuk dan ukuran: Pas Warna: Sesuai;netral
Goodddddd 🥰🔥🔥🔥 Shape and size: 41 Color: Massive black;netral
barang bagus, sol bagus. semoga awet dan tahan lama.;senang
sepatu sudh sampai dengan baik best dah;senang
Bentuk dan ukuran: Keren dan pas sizenya Warna: Sesuai;netral
ukur kaki dulu pakek penggaris klo bisa lebihin 2cm anggar longgar;sedih
Barang bagus sesuai dengan harga segitu sangat worth it👍;senang
langsung aku pake kerja tapi ngepres bnget uk nya saran ku yg mau beli tambahkan 1 ukuran misal biasa zize 40 ambil zize 41;netral
Bagus bgt kwalitas nya 👍👍👍👍 dah pesen beberapa kali;senang
Mantap paket cepet sampe barang sesuai pesanan seller gercep kurir juga cepet Makasih ya;netral
Thx you barang sdh sampai ya packing rapih, pengiriman juga cepat dan sesuai pesanan size 41;senang
Barang sudah sampai dan barang bagus sesuai dengan pesanan;senang
Diterima dangan baik, kwalitas ok;senang
Barang bagusnya dan pengirimannya cepat Mantap👍👍👍👍;senang
barang sampai berkualitas dan anak suka trima kasih;senang
Sudah langganan dengan sepatu produk aerostreet,sepatunya bagus2,awet tahan lama.;netral
Barang ke 4 dan Sepatu ke 3 beli d sini moga awet SPT yg kmr²;netral
barang sesuai dgn gambar. sepatunya bagus fan semoga awet;senang
mantap,tidak pernah mengecewakan. barang mendarat dengan sempurna, barang dan jumlah sesuai dengan pesenan, makasih seller dan kurir;netral
mantap sesuai order ,penjual sat set order pking kirim , terima barang ok;netral
Ga sesuai pesan warna hitam yang datang navy untung ukuran masih sesuai;netral
DI PERBAIKI LAGI YA AERO MASA 3 X PAKE DAH LEPAS LEMANYA;senang
Enak nyaman dipake. Pas lagi dikaki.;netral
Sesuai gambar;netral
nice barang sampai sesuai harga lah ya, model nya juga good;netral
untuk ukuran pas, cmn minus mimin nya aja. orang mau nambah yg d beli makanya mau d batalkan dlu. eh gk di setujui.  Alhasil y saya cmn beli 2 barang doank d sini. untuk lain kali kalo customer udah jelas alasannya ngapain mau d batalin. y tinggal d setujui aja apa susahnya. Barang ini adalah terakhir kalinya saya beli produk Aerostreet. males sama mimin nya gk mau ribet.;senang
wahh keren nih buat harga seratus ribuan, cakep solnya lumayan empuk, tinggi. Beli ukuran 40 pas banget di kaki gw yg panjangnya 25cm. Cintailah ploduk Indonesia ☝🏻;senang
Alhamdulillah pas, sepatu nya bagus, anaku suka... 🥰;senang
Semua produk aerostreet the best pokoknya;netral
Barang sudah di terima dengan sungguh sungguh haha mantab min bangga produk indonesia;senang
Bagus dan lembut enak di pakai terimakasih..;senang
luarrr biasaaa memuaskan, ukuran pas, semoga awet, so far so good;netral
keren banget sesuai pesanan dan ga nyesel next bakal order model lain nya 🥳;netral
Alhamdulillah paketannya dah nyampe...  Maaf telat ngasih ulasannya karena sibuk...  Sesuai pesenan sepatunya is the best 👍;netral
Bahan bagus dan nyaman, kualitas OK;senang
lupa ngevideo, tapii aslinya bagusss polll kokkk😻😻👍🏻👍🏻;netral
Alhamdullilah barang sesuai  Terimakasih;netral
Bagus barang nya sesuai cepat di antarkan;senang
Bahan sepatu keras gak nyaman di pakek;marah
Alhamdulillah paket sudah datang kemarin , cepet banget datengnya 🥰, terimakasih seller;netral
Bagus bangettt sepatunyaaa ini pembelian ke 2x. Dulu dh beli 2th yang lalu buat suami sampe skrg masih bagusss, ini beli buat adek semoga awettt;senang
barang nya bagus udah di coba empuk  semoga awet;senang
sesuai difoto nyaman dipakai ukuran las;netral
Sepatu nya bagus. Recomended banget. Makasih kak;senang
Barang rekomendet,bagus⭐⭐⭐⭐⭐;netral
Barang telah sampai tujuan, sepatunya bagus banget semoga cocok buat kerja;senang
Paket sudah sampai,pengiriman cepat,bagus👍👍;netral
real cuyy aero street pas ukuran nya mantap lah;netral
sip sesuai keren, nyaman jg d kaki;netral
sumpaaa sayaa sangattt sangat kecewaaa masaa sepatuu kayaa ginii kaliann gaa belii aduh rugi bangett 😫dan sepatuu ini keren bangett (TERIMAKASIH AERO STREET)🙏;senang
Lumayan kecewa sih saya tergocek awal beli harga 159 terus pas udah beli harga 137 dan itu pun aku lumayan sesak saat ku pakai karna aku udah nungu 2 bulan trus masi ga restock restock saya pun terpaksa beli ini;marah
Sepatunya bagus, Cuman pengiriman nya gagal terus jadi lama datangnya!;senang
bagus tpi depanya cacat engga mulus;netral
Barangnya pas, nyaman. Semoga awet..;netral
Ada yang menguning di bagian solnya;netral
Bagus, nyaman juga di pakainya;senang
Sepatutnya mantap, empuk, enak di pakai.;netral
Warna: Sesuai Bentuk dan ukuran: Pas;netral
Alhamdulillah yg Dateng sesuai pesanan ... Sesuai dengan picture nya ... Terimakasih seller;netral
Sepatu lumayan bagus..ukuran dan warna sesuai pesanan;netral
Dan Yap, pasti kardusnya penyok.;netral
Sesuai pesanan. Untuk anak sekolah. Semoga Awet;senang
Ukuran pas warna juga hitam pekat moga awet baru pertama kali beli;netral
Baguss banget.... Langsung beli 3 buat sekeluarga..;senang
pengiriman cepat sampai ditujuan, semoga awett dan tahan lama;senang
Bagus sesuai pas dikaki pengiriman cepat;senang
Alhamdulillah barangnya udh smpe guys, mantul pkonya 👍😎;netral
Produk lokas GK pernah salah,, mantap guyss. Jangan lupa beli, worth it bgt !!!!!;marah
sepatunya bagus dan berkualitas;senang
Alhamdulilah so far so good, sukses utk aerostreet;netral
Pas bagus sekali untuk pesanan ini;senang
Produk, sesuai pesanan, kurir ramah👍;senang
d kaki pas nyamn d pkek rekomen bagus;senang
Real pict... Pengirimanx juga cpt bgt...;netral
sangat baguss cocok buat anak sekolah;senang
sangat memuaskan tidak pernah kecewa;sedih
Barang sesuai ,bahan bagus;senang
bagus, desain keren adik saya suka;senang
Bagus , suka . Ini ke 2 kali nya beli aero;senang
Kece Badaii...,ganteng banget sepatu, next mau order lagi;netral
Alhamdulillah sepatunya sudah sampai sesuai pesanan, Adik minta beli ke2 kalinya soalnya sepatu yg 1 sdh robek. Terus berkarya. Terima kasih;netral
modelnya bagus seperti di gambar;senang
Barangnya bagus..sesuai dengan digambar;netral
Cakep bangeeeeettttt.... Iiihhh kereeennn.. makasiiihhh,, mau langgganan deh;netral
worth it untuk harga segini, dan semoga awett;netral
Design sepatu nya bagus, minimalis;senang
Keren kak sesuai dengan yg dimauin anak , berkah sll & smg awet barangY....👍👍🥰;senang
Mantab Mantab Pokoknya Mantap Kualitasnya;netral
Barang bagus sesuai, 👍👍👍;senang
Enak di pakai jahitannya rapi lagi;netral
keren banget sepatunya, bahannya bagus, nyaman di pakai untuk kerja, dengan harga yangg murah dapat kualitas sepatu kayak brand luar yang harganya jutaan;senang
mantap, tpi kotaknya remuk🗿;netral
Bentuk dan ukuran: Pass Warna: Hitam;netral
keren bagus mantap pokonya modelnya........;senang
Bentuk dan ukuran: Bagus ukuran pas Aroma: Wangi masih baru Daya tahan pakai: belum tau Warna: Sesuai gambar (sesuai ekspektasi);senang
Pertama kali lihat sepatunya, memang terlihat bagus, ternyata emang sebagus itu, pas dipakai juga enak, outsolenya itu kerasa ngerekat bgt di lantai jadinya ga kerasa licin;senang
Nice langsung aku pakai mantapp banget, dan Next beli lagi;netral
Mendarat dengan selamat, sol cukup tebal, bagian dalam bertekstur halus, nyaman digunakan;netral
Bentuk dan ukuran: sesuai,pas;netral
Sepatu sudah saya terima dengan cepat dan aman, masih agak keras pas dicoba pakai tapi ya namanya juga sepatu baru. Design cukup keren, tidak kalah kalau dibandingkan dengan brand-brand lainnya. Pengiriman cukup cepat dan sesuai dengan perkiraan namun pas saya terima boxnya agak remuk tapi sepatunya masih aman. Sepatu yang saya terima juga sesuai dengan spesifikasi yang diberikan oleh seller. Recommended seller.;senang
Sepatu nya bagus tapi ada sedikit masalah di bagian insolnya gak ke lem semua jadi aku kasih bintang 4;senang
Sesuai ekspektasi, nais👌;netral
Bentuk dan ukuran: ukuran sesuai,bentuk desain bagus sih Daya tahan pakai: cukup awet Warna: bagus warna hitam pekat;senang
overall enak dipake, cuman sol sepatunya keras. mungkin terkait sol dibuat lebih empuk didalam dengan nambah ruang dikit aja biar bisa ditambah busa atau apa gitu biar empuk. soalnya kalo jalan rasanya kurang convenient lama lama pegel.;marah
Barang sudah sampai dengan aman mungkin karena bahannya yang memang sedikit tebal jadi sesak padahal sudah saya lebihi. Sedikit saran untuk yang mau pesan dilebihi 2/3 cm. Dan juga untuk packaging mungkin bisa di beri bubble wrap karena box penyok meskipun isi di dalamnya aman.;senang
Barang Bagus, Sesuai dan Pas;senang
Kalau dari kualitas bahannya, mungkin aerostreet nggak bisa diragukan lagi. sayangnya, ada ketidakselarasan antara stok yang tertera di aplikasi sama di gudang. sehingga ketika pesanan sudah dikonfirmasi, baru diinfokan kalau stoknya tidak ada. menurut saya itu fatal, karena sebelumnya pasti kita sudah mencari-cari sepatu dan membandingkannya sebelum membeli.;sedih
Spatunya nyaman enak di pakai belum di coba pakai seharian , keseluruhan oke, pengiriman cepat fast respon;senang
Barangnya bagus hanya saja untuk lapisan paling bawah ada alasnya double ditelapak kaki;netral
Ukuran dari sana sam ukuran kaki beda sengaja mesen 41 karna sering make 40 eh malah kekecilan banget, dari sepatu nya si bagus banget;senang
Warna: Sesuai Daya tahan pakai: Kuat Bentuk dan ukuran: Sesuai;senang
100%ori mantap packing rapi pengiriman cepat;senang
Bentuk dan ukuran: bagus Daya tahan pakai: bagus Aroma: bagus;senang
Bentuk dan ukuran: pas Daya tahan pakai: kuat Warna: matching;senang
Recommend banget sih dngan harga murah tapi kualitas ga murahan, nyaman banget di pakai;netral
Bentuk dan ukuran: Bagus Aroma: . Daya tahan pakai: Sangat tahan;senang
Produk lokal nggak kalah baguss nyaman tampilannya juga keren semoga awett;netral
sedikit kecewa,yg dipesan warna hitam tapi yg datang biru Tua,gatau ini apa mksd nya! mohon lebih teliti lagi,karna kepuasan customer no 1. sekian terimakasih;senang
geeloooo goks gini brok sepatu Nya next time co lagi;netral
Barangnya sesuai minesnya cuman ada lem sikit yg lengket di depan 😅;netral
Sepatu y bgus rekomend dengan harga segitu;netral
sebernernnya kurang puas karena packing nya penyok² tapi gapapa tetep bagus kok sepatunya😇🤩;senang
Nyaman dipakai dan ngga kalah ama brand luar;netral
Sangat cocok, bagus sekali;senang
barang dah sampai,  bagus mantap;senang
bagus, dengan harga segini. puas. mudah²an awet.;senang
Baik Bentuk dan ukuran: Pas Aroma: Baik Daya tahan pakai: Semoga awat Warna: Sesuai;senang
baguss sesuai gambar,tapi sayang kardusnya rusak gara² kehujanan untung isinya amann;sedih
All goods were received well. fast CS response and fast order process 👌;netral
cepat sampai,dan saya suka skali sepatunya;senang
No 42 nya terlalu pas dikaki anak saya, mungkin kedepannya kl beli hrs up 1 nomor, kl untuk kualitas sepatunya ok banget;senang
Bentuk dan ukuran: Oke Sepatunya ringan, enak di pake;netral
Bagus cuma kekecilan, kayanya size kecil ini;senang
bagus, cuman kardusnya aja yang rada penyok sedikit;senang
Baru pertama beli sepatu aerostreet. Cuman banyak bola yang keluar jdi kurang rapih;netral
Keren bagus, pengiriman cepat jugaa;senang
Barang Kualitas bagus, bangga product lokal Dan tetap jadi langganan;senang
Barang sampai sesuai waktu, sesuai pesanan, barngnya toop bagus, pas, nyaman dipakai;senang
Ukuran pas warna sesuai bahan oke puas sekali;senang
Bentuk dan ukuran: 41 (pas);netral
Sepatunya oke banget! Kualitas bagus, desain simpel tapi tetap stylish. Cocok juga dijadiin kado, recommended!;senang
Alhamdulillah ORI eyy;netral
Keren.. bagus.. pengiriman cepat..;senang
Alas kaki terlalu empuk, ada harga ada kualitas;netral
Mantap sesuai pesanan barang bagsu;netral
Bagus cuman agak kekecilan padahal udah ditambah size biasanya;senang
"plis bgs😭 real pict gd lecet kotak ny jg g penyot"" pling cmn dkit aj gd rusak😭";marah
sesuai pesanan,,, sudah langganan sejak anak Ku kelas 1 sd sampai sekarang kelas 6,,,,sepatunya terbukti benar2 awet, solnya kuat gk mudah lepas, sekarang bli lg Mao model lain, nex bakalan order lg, model yg lainnya, lokal tak gentar💪💪💪;senang
selalu bagus.. hampir semua sepatu di rumah merknya aerostreet, mulai dari yg dipake kerja sampe yg dipake sekolah. modelnya bagus, dipake juga nyaman, udah mana muraaahhhh yaampun sukses deh buat yg nyiptain ini..❤️‍🔥;senang
Bentuk dan ukuran: Pass Bagus sekali 👍👍 Paket sampai dengan selamat dan aman di tujuan. Terimakasih;senang
Produk bagus sesuai di gambar;senang
mantaaap si okelah diskonnya  yang pasti pasti pasti pasti;netral
dri kualitas aero gk pernah boong kuat cuy jgn ragu browh;netral
Barang oke, pengiriman cepat, checkout Minggu pagi, Senin sore sampai, besoknya langsung dipake sekolah;senang
Bentuk dan ukuran: Ok Aroma: Ok Daya tahan pakai: Awet Warna: Hitam;netral
nyaman.. pas sesuai ukuran kualitas jg sesuai ok..;netral
Keren sumpah bagus bngt bahan nya bagus jahitan nya rapi;senang
Sepatu nya nyaman , sesuai ukuran dan desain bagus;senang
3M (Mewah,Murah&Mantap);netral
Bentuk dan ukuran: Pass Aroma: Wangi Daya tahan pakai: Semoga awet Warna: Sesuai;netral
Sepatu lokal yg murah, modelnya simpel rapi tpi classy, insole lembut dan tebal, hanya saja sole luar nya kurang dapat grip nya di lantai keramik, agak licin jika bermanuver mendadak di keramik;senang
brand lokal rasa luar;netral
Udah sering beli paket aero street bahan awet banget ,kalau kualitas ga usah di raguin;netral
Sesuai dengan yang di iklankan, pengiriman cepat, agak berat sepatunya, dan kasar didalamnya;marah
Mantap,barang sudah sampai dg aman;senang
Bentuk dan ukuran: Pas Aroma: Wangi baru Daya tahan pakai: Mudah2hn awet Warna: Sesuai;netral
bagus.. produk sesuai original juga makasih banyak;senang
cek out tgl 1 baru terima tgl 22 . pake minta di selesaikan dulu biar bisa retur . otak dangkal. retur pke sok²an di rijek lg. udah salah sok² an;marah
Pengiriman cepat.. nicee Diaku masih kesempinan tapi sofar worth it buat harga segitu. Makasih yaa;senang
Brand lokal paling ga bisa di raguin, joss lah;netral
Sesuai dengan ke inginan anaku, dia suka;sedih
Bagus tampilanya, empuk sagat nyaman dipakai;senang
Bentuk dan ukuran: Cocok Sesuai ekspetasi;marah
Barang sesuai,,,nggak expect bakalan secepat itu nyampe kerumah nya, cuma satu hari aja, padahal beda kota. awalnya takut karena pembayaran COD,tapi Alhamdulillah nyampenya cepet jadi nyampe pas libur kerja,,puas banget.🥰..;netral
Mantap,,,  sesuai pesanan,,,;netral
Recommend buat kamu kamu sekalian yang pengen sepatu keren, kualitas terjamin harga terjangkau  Makasih seller, best pokok e;netral
sebenarnya lokal gk kalah bagus tapi kurang di finishingnya aja yg masih berantakan. ya semoga improve terus, kalok rapi sih pasti langganan;senang
Barangnya bagus. Nyaman dipakai. Baru kali ini nyoba sepatu lokal, dan spertinya akan lanjut hahahha..  Lokal tak gentar !!;senang
Ternyata 43 masih kekecilan di kaki adek ku wkwkw. Tapi sepatunya baguss;netral
ga ada yg diraguin lg dehh pembelian ke 4..;netral
Bagus kualitas..reaksi cepat..pengiriman jg cepat;senang
Mantap pengiriman sangat cepat dan sesuai, tapi sayangnya packingannya tidak aman;senang
Bagus, sayang nya salah ukuran, kekecilan;senang
Bagus sepatunya anakku suka;senang
Bagus;senang
barang sesuai bagus sekali nyaman di pakek😊;senang
Bagus sepatunya sesuai sama pesanan,kualitas oke harga murah tapi kualitas bagus puollll,next order lagii dehhh pokoknyaaa;senang
Ukuran pas, bagus;senang
Produk bagus, cepat sampai. Yg biasa pakai size 44, di aerostreet cukup di size 43. Size nya lebih besar 1 nomer dari ukuran biasa.;senang
Bagusss sepatu nyaaa, harga nya terjangkau kualitas bagus;senang
Bentuk dan ukuran: 43 pengiriman cepat, lagi diluar tau-tau dah nyampe, untuk barang aerostreet udaa pasti mantap, semoga tetap selalu jaga kualitasnya namun dengan harga yang terjangkau #lokaltakgentar;senang
wkwk kekecilan (salah pesennya? tapi kaki masih bisa masuk;marah
mantap ukuran pas dan sesuai di foto ya, tidak menggecewakan;netral
kotak banyak penyok dan plastiknya sobek”;netral
"Barang berkualitas keren empuk sangat rekomendasi bagi anak"" sekolah atau buat main juga oke";senang
modelnya keren, pas, nyaman dipakai😁 barang mendarat aman sampai tujuan😁;senang
barang sesuai deskripsi produk recommended 👍👍 thanks seller thanks kurir pokoknya belanja di sini di jamin PUAS 👍👍;senang
barang dalam keadaan baik, yang jadi masalah adalah kurir yang sangat lama, berminggu-minggu sampai lewat estimasi waktu terlama, setelah dikomplain baru diantarkan.;sedih
Mntap bgus n berkualitas;netral
Bagus ssesuai ekspektasi, jahitan rapi👍;senang
bagus barang nya , tp kurir tolong jangan pake sicepat lagi , gak cocok di sebut sicepat;senang
Yg dikirim spatu ccacat 👎👎👎 emg gada pengecekan apa gmna ya;netral
Original, sesuai pesanan, pokoknya puasss banget,yang belum cek out buruan cod👍👍👍;netral
Untuk produk dengan harga segini termasuk bagus, namun seller buru2 bgt mengirimkan stock lain ketika pesanan yg di order tidak ada sebelum sepakat dengan pembeli karena alasan batas waktu yg tidak lebih dari 1x24 jam. Maka setelah barang diterima, pembeli harus mengcomplain barang dan mengembalikan barang dengan ongkir yg di tanggung pembeli. Lalu setelah memilih barang lg yg ada di toko dan sudah terkonfirmasi ke adminya, ternyata barang yg diterima salah ukuran harusnya 43 jadi 42.   Sangat di sayangkan jika brand lokal ternama rusak dengan pelayanan nya.   *Kritik membangun bukan menjatuhkan;sedih
Paketan gk kayak biasa nya, klu bisa d bungkus bublewarp;netral
Bagus walau agak kaku dikit;senang
selalu suka barang aerostreet, murah ga murahan bagus!;senang
Best emng ini barang. Ini pembelian ke 2. Udh 1 tahun pemakaian buat kerja kurir jalanan panas , becek , ujan , blablabla tau jalanan gimana pemakaian setiap hari tpi gilaaa AWETTT PARAH SAMPE SETAHUN🔥🔥🔥🔥🔥🔥;marah
Alhmdulillah..real pict Toko amanah..barang sangat bagus Recomended lah buat kawan tiktok semua👍;senang
simple desainnya , sayangnya promo cuma ukuran 40 aja, pas pasan bngt ama kakiku wkwk;senang
sampai dengan cepat dan tepat.. semoga awet 😃;senang
kekecilan dikit pdhl udah + satu nomor. tp bgs sptunya;netral
seperti biasa produk lokal satu ini selalu memuaskan🤍🤟🏼;netral
Cintai produk lokal mas ee;senang
Ok sih cuman jahitannya bisa lebih rapi lagi;netral
keren, ga kalah sama brand lain  rasanya bangga bisa beli produk lokal, dan bangga juga yg lokal bisa bikin sepatu sebagusss iniii;senang
Gak pernah nyesel beli aerostreet mantappp;netral
bagus barang oke Weston top;senang
Pengirimannya cpet bngt brg sesuai sm fto emng sebagus ituu... Tp ini autsolenya injiection yak bkan sistem pengeleman smoga awet smpe bertahun2 next beli lg buat kado wkkwk;senang
Pengiriman cepat, bentuknya sesuai gambar dan warna sesuai;senang
Beli lagi krn yg kmren kekecilan . Selalu puas;senang
Kualitas sepatu nya dengan harga segthu ya  asli bner g murah jg bentuknya keliatan kaki g luwes sepatu nya ... kurang ok sich mnrt saya klo buat anak sekolah aja sich gpp dh ....;senang
produk bagus sampainya juga cepat plus kurir baik;senang
Barang sesuai nyaman dipakai;netral
Bagus bngt insholenya tebel anak saya suka ga sempet foto udah d bawa ke pesantren;senang
Bahan bagus, kualitas OK;senang
Baguuuuuuuuus Top markotop Jadi punya sepatu kualitas bagus ,tapi dgan harga terjangkau Terimakasih;senang
Jaitan kurang rapih,,;netral
Sepatu nya bagus dan sesuai real pict ga nyesel deh pokoknya udh beli di sini;senang
Sesuai bget ... suka pas di pkai juga nyaman sepatunya Gk nyesel pokoknya;netral
pengiriman j&t sangat cepat, kualitas lumayan, packing ga aman, kardus penyok gaada buble wrap;senang
Barang bagus the best seller;senang
Sangat bagus buat sepatu yang dibeli hasil gaji kerja;senang
